group_id,nctid,row_count,ade_count,drug_count,drug_entry_count,positive_ade_term_count,positive_ade_record_count,invalid_wilson_rows,positive_missing_term_rows,positive_ade_count_soc,positive_ade_count_hlgt,positive_ade_count_hlt,positive_ade_count_pt,positive_unmapped_soc_rows,positive_unmapped_hlgt_rows,positive_unmapped_hlt_rows,positive_unmapped_pt_rows
NCT00000134_EG002,NCT00000134,3,3,2,2,3,3,0,0,2,2,2,2,0,1,1,1
NCT00000136_EG000,NCT00000136,1,1,2,2,1,1,0,0,1,1,1,1,0,0,0,0
NCT00000136_EG001,NCT00000136,1,1,2,2,1,1,0,0,1,1,1,1,0,0,0,0
NCT00000479_EG002,NCT00000479,5,4,2,2,4,4,0,0,2,0,0,2,0,4,4,2
NCT00001277_EG002,NCT00001277,1,1,2,2,1,1,0,0,1,1,1,1,0,0,0,0
NCT00001880_EG000,NCT00001880,17,5,2,2,5,5,0,0,4,1,1,1,0,4,4,4
NCT00002525_EG000,NCT00002525,33,13,2,2,13,16,0,0,7,7,7,7,1,6,6,6
NCT00002525_EG001,NCT00002525,33,0,2,2,0,0,0,0,0,0,0,0,0,0,0,0
NCT00003473_EG000,NCT00003473,101,97,2,2,97,101,0,0,16,23,31,34,7,68,67,66
NCT00003782_EG000,NCT00003782,64,8,3,3,8,8,0,0,5,6,6,7,0,1,1,1
NCT00003782_EG001,NCT00003782,64,7,2,2,7,7,0,0,5,5,5,6,0,1,1,1
NCT00003782_EG002,NCT00003782,64,8,3,3,8,8,0,0,5,6,6,7,0,1,1,1
NCT00004124_EG000,NCT00004124,63,48,2,2,48,48,0,0,13,19,22,27,5,24,24,21
NCT00005047_EG000,NCT00005047,7,7,4,4,7,7,0,0,3,4,5,6,0,1,1,1
NCT00006392_EG001,NCT00006392,60,5,2,2,5,5,0,0,3,3,3,3,1,2,2,2
NCT00009737_EG001,NCT00009737,204,23,2,2,23,24,0,0,7,10,15,19,1,5,5,4
NCT00021255_EG000,NCT00021255,205,61,3,3,61,63,0,0,13,39,49,61,5,6,6,0
NCT00021255_EG001,NCT00021255,205,61,4,4,61,64,0,0,13,39,49,61,5,6,6,0
NCT00021255_EG002,NCT00021255,205,61,3,3,61,63,0,0,13,39,49,61,5,6,6,0
NCT00022490_EG000,NCT00022490,6,3,2,2,3,3,0,0,2,2,2,3,0,1,1,0
NCT00022516_EG001,NCT00022516,33,2,2,2,2,2,0,0,1,0,0,0,0,2,2,2
NCT00022633_EG000,NCT00022633,59,51,2,2,51,51,0,0,14,23,24,28,7,25,25,23
NCT00022698_EG000,NCT00022698,134,94,2,2,94,98,0,0,19,53,80,92,2,2,2,0
NCT00022698_EG001,NCT00022698,134,67,2,2,67,70,0,0,16,40,55,66,2,2,2,0
NCT00026494_EG000,NCT00026494,79,19,2,2,19,20,0,0,7,9,11,11,0,8,8,8
NCT00026494_EG001,NCT00026494,79,15,2,2,15,19,0,0,5,10,10,11,1,7,7,6
NCT00026494_EG002,NCT00026494,79,36,2,2,36,42,0,0,7,12,15,21,7,24,24,19
NCT00026494_EG003,NCT00026494,79,49,2,2,49,61,0,0,11,16,21,27,10,32,31,27
NCT00028769_EG000,NCT00028769,74,68,8,8,68,69,0,0,14,26,30,37,4,33,33,32
NCT00030264_EG000,NCT00030264,14,2,2,2,2,2,0,0,1,0,0,0,0,2,2,2
NCT00031694_EG000,NCT00031694,15,10,2,2,10,15,0,0,7,7,7,7,0,3,3,3
NCT00032487_EG000,NCT00032487,43,34,4,4,34,36,0,0,20,1,1,1,2,35,35,35
NCT00032487_EG001,NCT00032487,43,34,4,4,34,36,0,0,20,1,1,1,2,35,35,35
NCT00033540_EG000,NCT00033540,66,63,2,2,63,63,0,0,14,13,14,15,7,48,48,48
NCT00045942_EG006,NCT00045942,546,60,2,2,60,63,0,0,18,45,55,60,3,3,3,0
NCT00045942_EG008,NCT00045942,546,71,2,2,71,72,0,0,17,40,58,71,3,3,3,0
NCT00048165_EG001,NCT00048165,256,93,3,3,93,94,0,0,15,43,64,91,5,6,6,0
NCT00049257_EG000,NCT00049257,88,74,2,2,74,74,0,0,14,27,41,51,12,30,29,23
NCT00049673_EG000,NCT00049673,65,54,2,2,54,59,0,0,19,27,34,38,3,23,23,21
NCT00054275_EG000,NCT00054275,115,79,2,2,79,95,0,0,16,42,57,67,4,14,14,11
NCT00054717_EG000,NCT00054717,359,50,2,2,50,52,0,0,14,32,41,49,2,1,1,0
NCT00056160_EG000,NCT00056160,305,116,2,2,116,124,0,0,16,54,84,108,5,9,9,3
NCT00056472_EG000,NCT00056472,21,10,2,2,10,10,0,0,4,2,2,2,5,8,8,8
NCT00057863_EG000,NCT00057863,36,25,2,2,25,25,0,0,11,18,19,20,1,5,5,5
NCT00059787_EG000,NCT00059787,21,13,3,3,13,18,0,0,7,10,11,11,1,3,3,3
NCT00059839_EG000,NCT00059839,157,38,5,5,38,38,0,0,9,20,28,34,0,4,4,4
NCT00059839_EG001,NCT00059839,157,62,5,5,62,62,0,0,14,33,44,59,1,4,4,3
NCT00061932_EG000,NCT00061932,35,24,2,2,24,25,0,0,9,12,16,19,3,7,7,6
NCT00063362_EG000,NCT00063362,2,0,3,3,0,0,0,0,0,0,0,0,0,0,0,0
NCT00063362_EG001,NCT00063362,2,0,2,2,0,0,0,0,0,0,0,0,0,0,0,0
NCT00064701_EG000,NCT00064701,586,88,2,2,88,101,0,0,15,45,67,87,4,4,4,0
NCT00066170_EG003,NCT00066170,191,21,2,2,21,21,0,0,8,15,19,21,0,0,0,0
NCT00066703_EG000,NCT00066703,185,19,2,2,19,25,0,0,10,7,7,7,3,16,16,16
NCT00066703_EG001,NCT00066703,185,17,2,2,17,24,0,0,10,7,7,7,3,15,15,15
NCT00066781_EG001,NCT00066781,55,36,2,2,36,36,0,0,12,21,27,36,1,1,1,0
NCT00068601_EG001,NCT00068601,13,11,2,2,11,11,0,0,6,2,2,2,1,9,9,9
NCT00069108_EG000,NCT00069108,158,46,2,2,46,49,0,0,12,24,35,44,2,3,3,1
NCT00069108_EG001,NCT00069108,158,46,3,3,46,48,0,0,12,24,34,44,2,3,3,1
NCT00069121_EG002,NCT00069121,239,54,2,2,54,57,0,0,11,26,41,52,2,3,3,1
NCT00073528_EG001,NCT00073528,265,46,2,2,46,47,0,0,12,26,37,46,1,1,1,0
NCT00075270_EG000,NCT00075270,597,76,2,2,76,81,0,0,14,38,55,74,4,5,5,2
NCT00075504_EG000,NCT00075504,26,15,2,2,15,16,0,0,8,11,13,14,0,1,1,1
NCT00075504_EG001,NCT00075504,26,16,2,2,16,20,0,0,7,11,13,14,0,2,2,2
NCT00076024_EG000,NCT00076024,246,112,2,2,112,113,0,0,15,42,66,112,2,21,21,0
NCT00076024_EG001,NCT00076024,246,79,2,2,79,89,0,0,14,36,59,79,3,3,3,0
NCT00076310_EG000,NCT00076310,199,105,3,3,105,113,0,0,14,38,58,72,9,32,31,29
NCT00077207_EG000,NCT00077207,138,86,3,3,86,86,0,0,18,49,66,81,2,7,7,5
NCT00077857_EG000,NCT00077857,91,27,2,2,27,29,0,0,10,15,21,26,1,3,3,2
NCT00077857_EG001,NCT00077857,91,27,2,2,27,27,0,0,10,15,21,26,1,2,2,1
NCT00080119_EG000,NCT00080119,63,20,2,2,20,20,0,0,6,11,15,19,0,1,1,1
NCT00080119_EG002,NCT00080119,63,23,2,2,23,25,0,0,9,14,19,22,0,1,1,1
NCT00082810_EG000,NCT00082810,35,17,2,2,17,20,0,0,10,16,16,17,0,0,0,0
NCT00083382_EG000,NCT00083382,137,126,3,3,126,126,0,0,14,0,0,0,25,126,126,126
NCT00084617_EG000,NCT00084617,87,76,3,3,76,76,0,0,14,18,20,22,5,54,54,54
NCT00086307_EG002,NCT00086307,49,30,2,2,30,30,0,0,8,12,15,20,13,15,14,10
NCT00087152_EG000,NCT00087152,68,62,2,2,62,68,0,0,12,12,14,16,5,50,50,50
NCT00087178_EG000,NCT00087178,45,8,2,2,8,8,0,0,4,6,7,8,0,0,0,0
NCT00087178_EG001,NCT00087178,45,8,3,3,8,8,0,0,4,6,7,8,0,0,0,0
NCT00087698_EG000,NCT00087698,75,58,2,2,58,58,0,0,17,38,47,56,4,5,5,1
NCT00088218_EG001,NCT00088218,47,26,2,2,26,26,0,0,9,12,14,19,2,10,10,7
NCT00089102_EG000,NCT00089102,4,4,2,2,4,4,0,0,2,2,2,3,1,2,2,1
NCT00089128_EG000,NCT00089128,1,0,2,2,0,0,0,0,0,0,0,0,0,0,0,0
NCT00089843_EG001,NCT00089843,6,6,2,2,6,6,0,0,4,0,0,0,0,6,6,6
NCT00090051_EG000,NCT00090051,221,23,2,2,23,27,0,0,9,13,16,23,1,1,1,0
NCT00090051_EG001,NCT00090051,221,26,3,3,26,30,0,0,10,15,18,26,2,2,2,0
NCT00091260_EG000,NCT00091260,89,70,2,2,70,80,0,0,16,22,32,42,12,39,38,29
NCT00091442_EG001,NCT00091442,150,33,2,2,33,36,0,0,11,20,27,32,1,2,2,1
NCT00093145_EG000,NCT00093145,83,78,3,3,78,79,0,0,18,41,60,76,3,3,3,0
NCT00094328_EG000,NCT00094328,48,48,2,2,48,48,0,0,16,25,33,48,0,0,0,0
NCT00094497_EG000,NCT00094497,11,9,4,4,9,9,0,0,7,5,5,5,2,4,4,4
NCT00095875_EG000,NCT00095875,9,5,4,4,5,7,0,0,4,4,5,5,0,0,0,0
NCT00096018_EG000,NCT00096018,245,48,2,2,48,49,0,0,11,0,0,0,6,49,49,49
NCT00096018_EG001,NCT00096018,245,79,2,2,79,79,0,0,12,0,0,0,11,79,79,79
NCT00096122_EG000,NCT00096122,43,23,3,3,23,24,0,0,11,12,16,19,1,7,7,4
NCT00096200_EG001,NCT00096200,108,57,3,3,57,58,0,0,14,31,46,51,1,7,7,6
NCT00097981_EG000,NCT00097981,200,76,2,2,76,80,0,0,16,41,61,74,2,2,2,0
NCT00098865_EG000,NCT00098865,62,52,2,2,52,62,0,0,17,22,27,30,4,27,27,27
NCT00098956_EG000,NCT00098956,6,6,2,2,6,6,0,0,3,3,4,5,0,1,1,1
NCT00100789_EG000,NCT00100789,33,33,2,2,33,33,0,0,8,10,11,12,4,21,21,21
NCT00101283_EG000,NCT00101283,80,51,2,2,51,62,0,0,15,19,23,29,4,28,27,24
NCT00101283_EG001,NCT00101283,80,53,2,2,53,61,0,0,11,19,23,29,4,29,28,24
NCT00103506_EG001,NCT00103506,262,58,2,2,58,64,0,0,13,30,43,56,2,2,2,0
NCT00105079_EG000,NCT00105079,62,10,3,3,10,10,0,0,6,8,9,10,0,0,0,0
NCT00105079_EG001,NCT00105079,62,10,2,2,10,10,0,0,6,8,9,10,0,0,0,0
NCT00108069_EG000,NCT00108069,76,22,2,2,22,24,0,0,4,4,4,4,2,19,19,19
NCT00108069_EG001,NCT00108069,76,36,2,2,36,41,0,0,10,9,10,10,5,29,29,29
NCT00108082_EG001,NCT00108082,33,11,2,2,11,11,0,0,6,7,9,11,1,1,1,0
NCT00110084_EG000,NCT00110084,100,40,2,2,40,42,0,0,11,23,29,32,2,8,8,8
NCT00110994_EG000,NCT00110994,99,58,2,2,58,62,0,0,14,26,33,38,7,22,22,20
NCT00111813_EG000,NCT00111813,179,14,2,2,14,14,0,0,8,9,12,14,0,0,0,0
NCT00111813_EG001,NCT00111813,179,28,2,2,28,28,0,0,10,22,26,28,1,1,1,0
NCT00111813_EG002,NCT00111813,179,73,2,2,73,77,0,0,15,41,57,73,2,2,2,0
NCT00111813_EG003,NCT00111813,179,56,2,2,56,61,0,0,13,34,45,56,6,5,5,0
NCT00111813_EG004,NCT00111813,179,82,2,2,82,83,0,0,15,46,62,82,3,2,2,0
NCT00111813_EG005,NCT00111813,179,59,2,2,59,60,0,0,15,35,50,59,3,3,3,0
NCT00112489_EG000,NCT00112489,60,29,2,2,29,30,0,0,11,15,17,18,1,11,11,11
NCT00112502_EG001,NCT00112502,306,118,2,2,118,126,0,0,18,48,71,83,3,44,43,38
NCT00112502_EG002,NCT00112502,306,133,2,2,133,141,0,0,20,52,82,96,3,44,43,37
NCT00112502_EG003,NCT00112502,306,135,2,2,135,143,0,0,20,58,85,102,3,41,40,34
NCT00112502_EG005,NCT00112502,306,143,3,3,143,151,0,0,21,61,90,108,4,43,42,36
NCT00112502_EG007,NCT00112502,306,121,4,4,121,126,0,0,20,53,79,93,2,33,32,28
NCT00113360_EG000,NCT00113360,44,41,2,2,41,41,0,0,8,10,11,13,6,29,29,28
NCT00113841_EG001,NCT00113841,20,9,2,2,9,9,0,0,4,5,5,5,1,4,4,4
NCT00114218_EG000,NCT00114218,40,21,2,2,21,22,0,0,10,10,12,12,2,9,9,9
NCT00114959_EG000,NCT00114959,249,239,2,2,239,249,0,0,17,49,71,103,45,148,148,129
NCT00115349_EG000,NCT00115349,54,40,2,2,40,41,0,0,17,13,15,23,3,23,23,16
NCT00117156_EG000,NCT00117156,60,24,2,2,24,28,0,0,11,12,13,13,2,14,14,14
NCT00118131_EG000,NCT00118131,73,50,2,2,50,55,0,0,16,16,19,23,3,34,34,31
NCT00118742_EG000,NCT00118742,207,52,3,3,52,55,0,0,15,33,40,51,1,1,1,0
NCT00118742_EG001,NCT00118742,207,52,2,2,52,56,0,0,14,32,40,52,1,1,1,0
NCT00118898_EG000,NCT00118898,140,33,2,2,33,33,0,0,10,19,23,32,0,0,0,0
NCT00118898_EG002,NCT00118898,140,32,3,3,32,33,0,0,11,19,22,31,0,0,0,0
NCT00119015_EG000,NCT00119015,1,0,2,2,0,0,0,0,0,0,0,0,0,0,0,0
NCT00119158_EG000,NCT00119158,1,0,2,2,0,0,0,0,0,0,0,0,0,0,0,0
NCT00119158_EG001,NCT00119158,1,0,2,2,0,0,0,0,0,0,0,0,0,0,0,0
NCT00121251_EG000,NCT00121251,1,1,3,3,1,1,0,0,1,1,1,1,0,0,0,0
NCT00121992_EG000,NCT00121992,97,31,3,3,31,31,0,0,13,21,27,30,2,3,3,1
NCT00121992_EG001,NCT00121992,97,39,3,3,39,39,0,0,14,26,34,38,2,3,3,1
NCT00124579_EG000,NCT00124579,89,85,3,3,85,89,0,0,18,18,20,23,8,66,66,66
NCT00125515_EG001,NCT00125515,9,7,2,2,7,7,0,0,2,3,4,5,3,4,3,2
NCT00125515_EG002,NCT00125515,9,5,2,2,5,5,0,0,3,3,4,5,2,2,1,0
NCT00129246_EG001,NCT00129246,15,13,2,2,13,13,0,0,6,10,11,12,0,1,1,1
NCT00129376_EG000,NCT00129376,25,10,3,3,10,11,0,0,6,5,6,9,0,1,1,1
NCT00129389_EG000,NCT00129389,86,8,3,3,8,9,0,0,4,3,3,4,1,5,5,4
NCT00129467_EG000,NCT00129467,2,2,2,2,2,2,0,0,2,1,1,1,0,1,1,1
NCT00129935_EG000,NCT00129935,84,20,3,3,20,26,0,0,9,8,10,12,0,13,13,12
NCT00129935_EG001,NCT00129935,84,20,3,3,20,27,0,0,9,8,10,12,0,13,13,12
NCT00132301_EG000,NCT00132301,148,3,2,2,3,3,0,0,3,3,3,3,0,0,0,0
NCT00134017_EG000,NCT00134017,8,3,2,2,3,3,0,0,3,3,3,3,0,0,0,0
NCT00134056_EG000,NCT00134056,249,69,2,2,69,75,0,0,15,17,20,22,5,50,50,50
NCT00135330_EG001,NCT00135330,36,11,2,2,11,11,0,0,4,6,8,11,2,2,2,0
NCT00137436_EG000,NCT00137436,142,105,3,3,105,107,0,0,17,47,77,105,3,3,3,0
NCT00137969_EG000,NCT00137969,200,67,4,4,67,68,0,0,16,36,53,67,2,2,2,0
NCT00137969_EG001,NCT00137969,200,66,3,3,66,70,0,0,17,35,52,66,3,3,3,0
NCT00142168_EG000,NCT00142168,8,7,2,2,7,8,0,0,3,6,6,6,0,1,1,1
NCT00142818_EG000,NCT00142818,6,4,2,2,4,4,0,0,3,3,3,3,1,1,1,1
NCT00148122_EG000,NCT00148122,110,79,2,2,79,83,0,0,16,32,40,51,5,33,33,30
NCT00148668_EG000,NCT00148668,13,4,2,2,4,5,0,0,3,1,1,1,0,3,3,3
NCT00148668_EG001,NCT00148668,13,8,3,3,8,9,0,0,5,4,4,6,0,4,4,2
NCT00149214_EG000,NCT00149214,110,67,3,3,67,68,0,0,13,30,47,67,1,1,1,0
NCT00149214_EG001,NCT00149214,110,66,3,3,66,68,0,0,12,29,46,66,1,1,1,0
NCT00150462_EG010,NCT00150462,265,37,2,2,37,37,0,0,12,26,33,37,1,1,1,0
NCT00152477_EG000,NCT00152477,109,31,2,2,31,34,0,0,11,21,24,31,3,3,3,0
NCT00153816_EG003,NCT00153816,158,5,2,2,5,5,0,0,3,2,2,3,0,3,3,2
NCT00153816_EG005,NCT00153816,158,5,2,2,5,5,3,0,3,3,3,4,0,2,2,1
NCT00154375_EG000,NCT00154375,153,43,2,2,43,52,0,0,15,29,36,43,1,1,1,0
NCT00159484_EG001,NCT00159484,100,24,2,2,24,32,0,0,11,10,11,13,2,15,15,13
NCT00159484_EG002,NCT00159484,100,21,2,2,21,22,0,0,9,8,9,11,2,11,11,10
NCT00159484_EG003,NCT00159484,100,24,2,2,24,28,0,0,8,7,8,10,3,17,17,16
NCT00159484_EG004,NCT00159484,100,21,2,2,21,29,0,0,9,8,9,11,2,15,15,13
NCT00159484_EG005,NCT00159484,100,26,2,2,26,30,0,0,10,9,10,12,5,17,17,15
NCT00159484_EG006,NCT00159484,100,23,2,2,23,26,0,0,9,7,7,9,3,16,16,15
NCT00159484_EG007,NCT00159484,100,40,2,2,40,48,0,0,14,13,14,16,5,29,29,28
NCT00159484_EG008,NCT00159484,100,36,2,2,36,43,0,0,14,12,13,15,3,27,27,25
NCT00159484_EG009,NCT00159484,100,38,2,2,38,49,0,0,13,11,12,14,6,31,31,29
NCT00159484_EG010,NCT00159484,100,31,2,2,31,37,0,0,13,11,12,15,3,18,18,17
NCT00161213_EG000,NCT00161213,44,30,2,2,30,32,0,0,9,8,9,11,6,21,21,20
NCT00163657_EG001,NCT00163657,5,4,3,3,4,4,0,0,2,4,4,4,0,0,0,0
NCT00166166_EG000,NCT00166166,1,0,7,7,0,0,0,0,0,0,0,0,0,0,0,0
NCT00166166_EG001,NCT00166166,1,0,7,7,0,0,0,0,0,0,0,0,0,0,0,0
NCT00171314_EG000,NCT00171314,180,32,2,2,32,32,0,0,12,23,28,32,1,1,1,0
NCT00171314_EG001,NCT00171314,180,30,2,2,30,30,0,0,12,22,26,30,1,1,1,0
NCT00171704_EG001,NCT00171704,123,26,2,2,26,26,0,0,12,18,20,26,1,1,1,0
NCT00176488_EG000,NCT00176488,64,49,2,2,49,50,0,0,15,13,15,18,6,34,34,32
NCT00176605_EG000,NCT00176605,21,21,2,2,21,21,0,0,8,3,3,5,6,17,17,16
NCT00177671_EG001,NCT00177671,4,0,3,3,0,0,0,0,0,0,0,0,0,0,0,0
NCT00179647_EG000,NCT00179647,479,54,2,2,54,60,0,0,16,32,42,49,1,3,3,2
NCT00179959_EG000,NCT00179959,1,1,2,2,1,1,0,0,1,0,0,0,0,1,1,1
NCT00183443_EG001,NCT00183443,2,0,2,2,0,0,0,0,0,0,0,0,0,0,0,0
NCT00183443_EG002,NCT00183443,2,0,2,2,0,0,0,0,0,0,0,0,0,0,0,0
NCT00183937_EG000,NCT00183937,94,83,2,2,83,94,0,0,17,16,20,24,7,70,68,64
NCT00184028_EG000,NCT00184028,67,62,2,2,62,67,0,0,15,15,15,16,3,48,48,48
NCT00184054_EG000,NCT00184054,17,15,2,2,15,17,0,0,7,8,10,13,2,4,4,2
NCT00185588_EG000,NCT00185588,144,58,2,2,58,72,0,0,15,31,46,56,2,4,4,2
NCT00185588_EG001,NCT00185588,144,19,2,2,19,21,0,0,13,16,18,19,0,0,0,0
NCT00185588_EG002,NCT00185588,144,48,2,2,48,52,0,0,13,29,37,45,2,5,5,3
NCT00185588_EG003,NCT00185588,144,83,2,2,83,93,0,0,18,45,62,73,3,13,13,11
NCT00186121_EG000,NCT00186121,32,25,2,2,25,25,0,0,10,16,20,23,2,3,3,2
NCT00191334_EG000,NCT00191334,17,13,2,2,13,13,0,0,5,8,8,13,0,0,0,0
NCT00191815_EG000,NCT00191815,25,10,2,2,10,10,0,0,7,8,8,10,0,0,0,0
NCT00191854_EG000,NCT00191854,67,45,2,2,45,45,0,0,12,27,37,45,1,1,1,0
NCT00191854_EG001,NCT00191854,67,42,2,2,42,42,0,0,12,26,34,42,1,1,1,0
NCT00191854_EG002,NCT00191854,67,42,2,2,42,42,0,0,13,26,35,42,1,1,1,0
NCT00191984_EG000,NCT00191984,37,20,2,2,20,23,0,0,9,14,17,20,0,0,0,0
NCT00193063_EG000,NCT00193063,35,25,2,2,25,27,0,0,9,13,17,19,1,7,7,6
NCT00193206_EG000,NCT00193206,20,5,3,3,5,5,0,0,4,2,2,2,0,3,3,3
NCT00193453_EG000,NCT00193453,66,44,3,3,44,45,0,0,13,16,24,27,3,18,18,16
NCT00193596_EG000,NCT00193596,76,23,3,3,23,26,0,0,8,11,13,16,0,10,10,7
NCT00193596_EG001,NCT00193596,76,22,2,2,22,25,0,0,8,10,13,16,1,8,8,6
NCT00193609_EG000,NCT00193609,50,35,2,2,35,35,0,0,12,17,20,22,2,11,11,10
NCT00194675_EG001,NCT00194675,8,1,2,2,1,1,0,0,1,0,0,0,0,1,1,1
NCT00198107_EG002,NCT00198107,37,22,2,2,22,22,0,0,7,8,8,8,3,14,14,14
NCT00200967_EG000,NCT00200967,3,1,2,2,1,1,0,0,1,1,1,1,0,0,0,0
NCT00200967_EG001,NCT00200967,3,2,2,2,2,2,0,0,2,2,2,2,0,0,0,0
NCT00201734_EG000,NCT00201734,15,15,3,3,15,15,0,0,5,8,10,13,1,3,3,2
NCT00201760_EG000,NCT00201760,32,29,3,3,29,29,0,0,12,20,23,24,1,6,6,5
NCT00201760_EG001,NCT00201760,32,27,2,2,27,27,0,0,10,17,21,21,0,6,6,6
NCT00201825_EG000,NCT00201825,4,3,2,2,3,3,0,0,2,2,3,3,0,0,0,0
NCT00201864_EG000,NCT00201864,15,10,2,2,10,10,0,0,8,9,9,10,0,0,0,0
NCT00201877_EG000,NCT00201877,13,7,2,2,7,7,0,0,6,6,6,6,0,1,1,1
NCT00203931_EG001,NCT00203931,24,3,2,2,3,3,0,0,3,3,3,3,0,0,0,0
NCT00207090_EG000,NCT00207090,97,94,2,2,94,97,0,0,19,47,70,93,8,5,5,0
NCT00208949_EG001,NCT00208949,5,5,2,2,5,5,0,0,4,4,4,4,0,1,1,1
NCT00211887_EG000,NCT00211887,44,37,2,2,37,37,0,0,11,12,13,19,6,24,24,18
NCT00215644_EG001,NCT00215644,15,10,3,3,10,10,0,0,6,6,6,7,1,3,3,3
NCT00216203_EG000,NCT00216203,111,53,2,2,53,54,0,0,13,9,11,13,6,42,41,40
NCT00217399_EG000,NCT00217399,24,20,2,2,20,20,0,0,11,13,14,15,1,5,5,5
NCT00219557_EG000,NCT00219557,357,69,2,2,69,70,0,0,15,39,57,67,2,2,2,0
NCT00219557_EG001,NCT00219557,357,62,2,2,62,68,0,0,13,35,53,62,4,4,4,0
NCT00222105_EG000,NCT00222105,4,1,3,3,1,1,0,0,1,1,1,1,0,0,0,0
NCT00227721_EG000,NCT00227721,47,25,2,2,25,33,0,0,9,11,14,15,0,13,13,13
NCT00231465_EG000,NCT00231465,54,35,2,2,35,40,0,0,10,18,25,29,1,9,9,5
NCT00232583_EG000,NCT00232583,2,1,2,2,1,1,0,0,1,0,0,0,0,1,1,1
NCT00235716_EG002,NCT00235716,550,21,2,2,21,23,0,0,13,5,6,7,1,14,14,14
NCT00237718_EG000,NCT00237718,26,8,2,2,8,12,0,0,6,4,4,4,1,6,6,6
NCT00238355_EG000,NCT00238355,12,12,2,2,12,12,0,0,7,7,7,8,0,3,3,3
NCT00240110_EG001,NCT00240110,10,9,2,2,9,9,0,0,8,4,4,4,0,5,5,5
NCT00241631_EG001,NCT00241631,1,1,2,2,1,1,0,0,1,1,1,1,0,0,0,0
NCT00243867_EG000,NCT00243867,61,46,2,2,46,47,0,0,11,23,29,37,2,11,11,8
NCT00243867_EG001,NCT00243867,61,47,2,2,47,49,0,0,11,23,29,37,2,12,12,9
NCT00247624_EG000,NCT00247624,1,0,2,2,0,0,0,0,0,0,0,0,0,0,0,0
NCT00248560_EG000,NCT00248560,35,18,2,2,18,26,0,0,8,13,16,18,0,1,1,0
NCT00250926_EG000,NCT00250926,23,16,3,3,16,17,0,0,8,9,11,11,1,4,3,3
NCT00251225_EG000,NCT00251225,130,65,2,2,65,70,0,0,13,18,21,23,11,47,46,45
NCT00251589_EG000,NCT00251589,121,81,2,2,81,88,0,0,18,42,62,80,4,4,4,0
NCT00251589_EG001,NCT00251589,121,32,2,2,32,33,0,0,13,22,28,31,2,2,2,0
NCT00251589_EG002,NCT00251589,121,26,2,2,26,27,0,0,10,21,25,26,0,0,0,0
NCT00251589_EG003,NCT00251589,121,25,2,2,25,25,0,0,10,18,24,25,1,0,0,0
NCT00253370_EG000,NCT00253370,101,55,3,3,55,75,0,0,13,23,31,35,2,26,26,26
NCT00253422_EG001,NCT00253422,128,22,2,2,22,22,0,0,10,15,20,22,1,1,1,0
NCT00254163_EG000,NCT00254163,78,38,3,3,38,40,0,0,10,16,22,26,2,16,15,12
NCT00254163_EG001,NCT00254163,78,39,3,3,39,43,0,0,11,17,23,27,2,17,16,13
NCT00256282_EG000,NCT00256282,7,7,3,3,7,7,0,0,3,6,6,7,2,1,1,0
NCT00256295_EG000,NCT00256295,7,7,2,2,7,7,0,0,5,0,0,0,2,7,7,7
NCT00256698_EG000,NCT00256698,101,12,2,2,12,12,0,0,6,8,10,12,0,0,0,0
NCT00256776_EG000,NCT00256776,14,4,3,3,4,4,0,0,2,3,3,3,1,1,1,1
NCT00256776_EG001,NCT00256776,14,3,2,2,3,3,0,0,2,2,2,2,1,1,1,1
NCT00258349_EG000,NCT00258349,33,22,2,2,22,23,0,0,8,15,16,17,0,5,5,5
NCT00258960_EG000,NCT00258960,50,24,3,3,24,35,0,0,8,8,8,9,1,23,23,22
NCT00259285_EG000,NCT00259285,27,27,2,2,27,27,0,0,10,16,22,27,0,0,0,0
NCT00262821_EG001,NCT00262821,321,89,2,2,89,92,0,0,18,28,41,55,10,38,37,34
NCT00262860_EG000,NCT00262860,20,15,2,2,15,20,0,0,9,7,8,9,1,8,8,8
NCT00263211_EG000,NCT00263211,96,31,2,2,31,31,0,0,12,18,20,20,1,11,11,11
NCT00264498_EG000,NCT00264498,59,39,2,2,39,39,0,0,9,23,31,39,0,2,2,0
NCT00265317_EG000,NCT00265317,346,100,2,2,100,103,0,0,16,46,79,99,4,4,4,0
NCT00265317_EG001,NCT00265317,346,44,2,2,44,48,0,0,13,25,37,44,1,1,1,0
NCT00265317_EG002,NCT00265317,346,78,2,2,78,85,0,0,16,36,60,78,3,3,3,0
NCT00266630_EG001,NCT00266630,15,14,4,4,14,14,0,0,7,9,11,14,1,1,1,0
NCT00267020_EG000,NCT00267020,147,58,2,2,58,63,0,0,15,39,50,58,3,3,3,0
NCT00267046_EG001,NCT00267046,7,6,4,4,6,6,0,0,0,0,0,1,6,6,6,5
NCT00267865_EG000,NCT00267865,111,111,3,3,111,111,0,0,15,19,24,27,5,86,86,84
NCT00268242_EG000,NCT00268242,8,8,2,2,8,8,0,0,5,4,7,7,0,1,1,1
NCT00269152_EG000,NCT00269152,69,37,2,2,37,42,0,0,12,22,33,37,2,2,2,0
NCT00269152_EG001,NCT00269152,69,41,2,2,41,41,0,0,12,23,35,41,1,1,1,0
NCT00270296_EG001,NCT00270296,1,1,2,2,1,1,0,0,1,0,0,0,0,1,1,1
NCT00270894_EG000,NCT00270894,123,53,4,4,53,53,0,0,15,27,34,40,4,15,15,11
NCT00271011_EG000,NCT00271011,22,22,3,3,22,22,0,0,8,11,14,16,1,7,7,6
NCT00273910_EG003,NCT00273910,14,1,2,2,1,1,0,0,1,1,1,1,0,0,0,0
NCT00275002_EG000,NCT00275002,77,28,2,2,28,30,0,0,5,11,17,21,0,9,9,9
NCT00275002_EG001,NCT00275002,77,60,2,2,60,63,0,0,13,23,34,42,3,20,20,20
NCT00276380_EG000,NCT00276380,37,2,2,2,2,2,0,0,2,2,2,2,0,0,0,0
NCT00276549_EG000,NCT00276549,37,34,2,2,34,35,0,0,13,15,18,20,3,15,15,14
NCT00280241_EG000,NCT00280241,107,64,3,3,64,70,0,0,16,17,18,21,8,48,48,47
NCT00280735_EG000,NCT00280735,71,23,2,2,23,25,0,0,12,8,8,9,3,16,16,15
NCT00281918_EG000,NCT00281918,226,8,2,2,8,8,0,0,3,5,7,8,0,0,0,0
NCT00281918_EG001,NCT00281918,226,7,3,3,7,9,0,0,3,5,6,7,0,0,0,0
NCT00282828_EG000,NCT00282828,34,25,2,2,25,25,0,0,7,12,15,25,10,10,9,0
NCT00283244_EG002,NCT00283244,135,56,2,2,56,63,0,0,13,12,15,16,6,43,43,43
NCT00283803_EG000,NCT00283803,20,18,3,3,18,18,0,0,11,11,11,13,1,6,6,5
NCT00284934_EG000,NCT00284934,27,2,3,3,2,2,0,0,2,2,2,2,0,0,0,0
NCT00284934_EG001,NCT00284934,27,3,3,3,3,3,0,0,3,3,3,3,0,0,0,0
NCT00287872_EG000,NCT00287872,11,8,2,2,8,8,0,0,5,6,7,7,0,1,1,1
NCT00287989_EG000,NCT00287989,2,2,3,3,2,2,0,0,2,2,2,2,0,0,0,0
NCT00287989_EG001,NCT00287989,2,2,3,3,2,2,0,0,2,2,2,2,0,0,0,0
NCT00287989_EG002,NCT00287989,2,2,3,3,2,2,0,0,2,2,2,2,0,0,0,0
NCT00288067_EG000,NCT00288067,77,69,2,2,69,69,0,0,16,42,56,65,2,6,6,4
NCT00290693_EG000,NCT00290693,18,8,2,2,8,11,0,0,6,5,6,7,0,2,2,0
NCT00290706_EG000,NCT00290706,102,40,2,2,40,42,0,0,10,16,17,22,3,22,22,18
NCT00290706_EG001,NCT00290706,102,39,2,2,39,42,0,0,11,19,20,22,1,18,18,17
NCT00290706_EG002,NCT00290706,102,31,2,2,31,31,0,0,10,13,14,16,1,16,16,15
NCT00290706_EG003,NCT00290706,102,67,2,2,67,69,0,0,15,24,28,35,3,36,36,32
NCT00291577_EG000,NCT00291577,74,64,2,2,64,74,0,0,14,37,55,64,5,5,5,0
NCT00292591_EG000,NCT00292591,2,2,2,2,2,2,0,0,1,0,0,0,0,2,2,2
NCT00292591_EG001,NCT00292591,2,2,2,2,2,2,0,0,1,0,0,0,0,2,2,2
NCT00292591_EG002,NCT00292591,2,2,2,2,2,2,0,0,1,0,0,0,0,2,2,2
NCT00293384_EG000,NCT00293384,33,24,4,4,24,26,0,0,12,17,20,21,1,3,3,3
NCT00294632_EG000,NCT00294632,68,21,2,2,21,25,0,0,10,12,14,16,1,5,5,5
NCT00294632_EG001,NCT00294632,68,49,2,2,49,53,0,0,14,23,32,35,3,13,13,13
NCT00294762_EG001,NCT00294762,165,72,3,3,72,74,0,0,15,35,54,68,3,3,3,0
NCT00298610_EG000,NCT00298610,105,20,2,2,20,24,0,0,9,13,18,20,2,1,1,0
NCT00298831_EG000,NCT00298831,33,19,2,2,19,19,0,0,11,14,14,19,1,1,1,0
NCT00302211_EG002,NCT00302211,143,30,2,2,30,32,0,0,11,19,24,30,3,3,3,0
NCT00303108_EG001,NCT00303108,42,31,3,3,31,31,0,0,10,17,26,29,1,4,3,1
NCT00303628_EG000,NCT00303628,141,46,3,3,46,58,0,0,13,23,29,31,1,19,19,19
NCT00305162_EG000,NCT00305162,128,7,2,2,7,7,0,0,4,5,5,7,2,1,1,0
NCT00305942_EG000,NCT00305942,85,61,2,2,61,64,0,0,12,22,31,35,2,30,29,25
NCT00306670_EG000,NCT00306670,1,0,2,2,0,0,0,0,0,0,0,0,0,0,0,0
NCT00307294_EG000,NCT00307294,112,59,2,2,59,60,0,0,13,15,15,16,7,44,44,44
NCT00308750_EG000,NCT00308750,134,48,3,3,48,56,0,0,13,28,40,48,3,3,3,0
NCT00308750_EG001,NCT00308750,134,53,2,2,53,54,0,0,15,34,43,53,3,3,3,0
NCT00308750_EG002,NCT00308750,134,53,2,2,53,57,0,0,13,32,45,53,2,2,2,0
NCT00311584_EG000,NCT00311584,20,15,2,2,15,15,0,0,6,2,2,2,2,13,13,13
NCT00311584_EG001,NCT00311584,20,17,2,2,17,17,0,0,5,5,5,6,1,11,11,11
NCT00312377_EG000,NCT00312377,295,46,2,2,46,51,0,0,11,24,38,46,1,1,1,0
NCT00313612_EG000,NCT00313612,20,16,2,2,16,16,0,0,7,12,13,15,0,1,1,1
NCT00313612_EG001,NCT00313612,20,17,2,2,17,17,0,0,8,13,15,16,0,1,1,1
NCT00313781_EG001,NCT00313781,640,108,2,2,108,108,0,0,17,46,75,108,4,4,4,0
NCT00316173_EG000,NCT00316173,105,79,2,2,79,83,0,0,19,46,65,77,2,2,2,1
NCT00316173_EG001,NCT00316173,105,53,2,2,53,54,0,0,16,33,45,52,1,1,1,0
NCT00316186_EG000,NCT00316186,32,24,2,2,24,24,0,0,12,17,21,24,0,0,0,0
NCT00316199_EG000,NCT00316199,30,29,2,2,29,29,0,0,11,20,25,29,0,0,0,0
NCT00317642_EG000,NCT00317642,1012,191,2,2,191,199,0,0,20,75,129,190,11,9,9,0
NCT00317772_EG000,NCT00317772,25,20,2,2,20,20,0,0,8,11,16,19,0,3,3,1
NCT00317772_EG001,NCT00317772,25,20,2,2,20,20,0,0,7,10,16,18,0,3,3,2
NCT00317772_EG002,NCT00317772,25,14,2,2,14,14,0,0,6,7,10,12,0,3,3,2
NCT00317772_EG003,NCT00317772,25,23,2,2,23,23,0,0,8,11,15,18,0,7,7,5
NCT00318461_EG000,NCT00318461,123,16,2,2,16,16,0,0,7,12,14,16,0,0,0,0
NCT00318461_EG001,NCT00318461,123,17,2,2,17,17,0,0,7,12,14,16,0,0,0,0
NCT00318461_EG002,NCT00318461,123,16,2,2,16,16,0,0,6,11,13,15,0,0,0,0
NCT00318461_EG004,NCT00318461,123,12,2,2,12,12,0,0,6,9,11,12,0,0,0,0
NCT00318474_EG000,NCT00318474,11,8,3,3,8,8,0,0,3,5,6,8,1,1,1,0
NCT00318474_EG001,NCT00318474,11,9,2,2,9,9,0,0,4,5,6,9,1,2,2,0
NCT00318708_EG000,NCT00318708,2,2,2,2,2,2,0,0,2,0,0,0,0,2,2,2
NCT00319449_EG000,NCT00319449,9,6,2,2,6,6,0,0,5,6,6,6,0,0,0,0
NCT00319839_EG000,NCT00319839,3,3,2,2,3,3,0,0,2,0,0,0,1,3,3,3
NCT00320515_EG000,NCT00320515,69,51,2,2,51,51,0,0,10,26,41,50,1,1,1,0
NCT00322452_EG001,NCT00322452,161,40,2,2,40,41,0,0,12,25,33,40,0,0,0,0
NCT00322465_EG001,NCT00322465,35,5,2,2,5,5,0,0,2,3,4,4,0,1,1,1
NCT00322465_EG003,NCT00322465,35,4,2,2,4,4,0,0,2,2,3,3,0,1,1,1
NCT00322881_EG000,NCT00322881,44,38,2,2,38,44,0,0,11,19,22,25,2,14,14,14
NCT00323063_EG001,NCT00323063,36,9,2,2,9,9,0,0,6,6,7,9,0,0,0,0
NCT00323297_EG001,NCT00323297,84,19,2,2,19,21,0,0,10,13,15,19,1,1,1,0
NCT00323362_EG000,NCT00323362,64,53,2,2,53,64,0,0,11,11,13,14,14,50,49,48
NCT00323869_EG000,NCT00323869,28,9,3,3,9,10,0,0,4,7,8,8,0,1,1,1
NCT00324168_EG000,NCT00324168,9,5,2,2,5,5,0,0,2,2,2,2,1,3,3,3
NCT00325234_EG000,NCT00325234,87,41,2,2,41,46,0,0,11,25,33,41,1,1,1,0
NCT00325234_EG001,NCT00325234,87,43,2,2,43,45,0,0,12,26,33,43,1,1,1,0
NCT00326170_EG000,NCT00326170,26,14,3,3,14,16,0,0,7,10,12,14,0,0,0,0
NCT00326417_EG000,NCT00326417,9,2,2,2,2,2,0,0,2,2,2,2,0,0,0,0
NCT00326417_EG001,NCT00326417,9,1,2,2,1,1,0,0,1,1,1,1,0,0,0,0
NCT00326417_EG002,NCT00326417,9,0,2,2,0,0,0,0,0,0,0,0,0,0,0,0
NCT00326495_EG000,NCT00326495,175,93,2,2,93,98,0,0,16,47,72,90,3,4,4,1
NCT00326599_EG001,NCT00326599,125,15,2,2,15,19,0,0,8,11,13,15,0,0,0,0
NCT00326599_EG003,NCT00326599,125,25,2,2,25,27,0,0,13,20,23,25,0,0,0,0
NCT00328627_EG004,NCT00328627,62,7,2,2,7,7,0,0,4,6,7,7,0,0,0,0
NCT00328627_EG005,NCT00328627,62,7,2,2,7,7,0,0,3,4,5,7,1,1,1,0
NCT00328627_EG007,NCT00328627,62,5,2,2,5,5,0,0,2,2,3,5,1,1,1,0
NCT00328627_EG008,NCT00328627,62,11,2,2,11,11,0,0,6,8,10,11,0,0,0,0
NCT00328627_EG010,NCT00328627,62,10,2,2,10,10,0,0,5,7,8,10,1,1,1,0
NCT00328627_EG011,NCT00328627,62,7,2,2,7,7,0,0,4,4,5,7,1,1,1,0
NCT00329641_EG000,NCT00329641,38,36,3,3,36,36,0,0,12,8,9,10,2,26,26,26
NCT00330863_EG001,NCT00330863,2,2,6,6,2,2,0,0,1,0,0,1,0,2,2,1
NCT00331409_EG000,NCT00331409,53,53,2,2,53,53,0,0,13,22,29,33,3,24,23,20
NCT00331630_EG000,NCT00331630,44,26,2,2,26,26,0,0,10,14,18,19,0,7,7,7
NCT00331682_EG000,NCT00331682,61,46,2,2,46,61,0,0,11,23,35,41,4,5,5,3
NCT00332709_EG001,NCT00332709,61,27,2,2,27,27,0,0,11,18,22,27,2,2,2,0
NCT00335764_EG000,NCT00335764,76,33,2,2,33,33,0,0,11,20,27,32,0,1,1,1
NCT00335764_EG001,NCT00335764,76,29,2,2,29,29,0,0,10,18,23,29,1,1,1,0
NCT00335764_EG002,NCT00335764,76,14,2,2,14,14,0,0,6,12,13,14,0,0,0,0
NCT00335764_EG003,NCT00335764,76,32,2,2,32,34,0,0,10,22,28,31,0,1,1,1
NCT00335764_EG004,NCT00335764,76,31,2,2,31,33,0,0,12,21,28,30,0,1,1,1
NCT00336856_EG000,NCT00336856,126,43,2,2,43,47,0,0,11,10,12,13,4,33,33,33
NCT00337168_EG000,NCT00337168,64,58,2,2,58,58,0,0,13,13,15,16,3,42,42,42
NCT00338728_EG000,NCT00338728,36,27,2,2,27,29,0,0,10,12,17,18,0,10,10,9
NCT00338962_EG000,NCT00338962,7,2,2,2,2,2,0,0,1,1,1,1,1,1,1,1
NCT00338962_EG002,NCT00338962,7,1,2,2,1,1,0,0,1,0,0,0,0,1,1,1
NCT00342355_EG000,NCT00342355,11,5,3,3,5,5,0,0,5,0,0,0,0,5,5,5
NCT00342355_EG002,NCT00342355,11,3,3,3,3,3,0,0,3,0,0,0,0,3,3,3
NCT00342355_EG003,NCT00342355,11,3,3,3,3,3,0,0,3,0,0,0,0,3,3,3
NCT00345540_EG000,NCT00345540,31,29,2,2,29,31,0,0,12,19,24,26,1,4,4,3
NCT00347919_EG001,NCT00347919,109,43,2,2,43,43,0,0,15,28,37,43,0,0,0,0
NCT00347919_EG002,NCT00347919,109,66,2,2,66,68,0,0,18,40,54,66,2,2,2,0
NCT00348933_EG000,NCT00348933,12,4,4,4,4,4,0,0,2,2,3,3,2,2,1,1
NCT00350025_EG001,NCT00350025,86,57,2,2,57,60,0,0,15,30,44,50,1,9,9,7
NCT00350272_EG001,NCT00350272,277,69,3,3,69,69,0,0,14,39,52,68,2,2,2,0
NCT00350727_EG000,NCT00350727,132,49,2,2,49,52,0,0,15,36,43,48,1,2,2,1
NCT00350727_EG001,NCT00350727,132,68,2,2,68,71,0,0,16,41,52,65,2,5,5,3
NCT00350727_EG002,NCT00350727,132,90,2,2,90,97,0,0,20,51,74,87,2,5,5,3
NCT00350792_EG000,NCT00350792,69,24,2,2,24,29,0,0,8,15,19,24,2,2,2,0
NCT00352001_EG000,NCT00352001,58,41,2,2,41,43,0,0,13,11,12,13,6,30,30,30
NCT00352794_EG000,NCT00352794,39,28,2,2,28,29,0,0,9,17,23,26,1,4,4,2
NCT00352885_EG000,NCT00352885,3,2,2,2,2,2,0,0,2,0,0,0,0,2,2,2
NCT00353301_EG000,NCT00353301,27,20,2,2,20,20,0,0,6,11,14,16,1,6,6,4
NCT00354224_EG000,NCT00354224,4,4,2,2,4,4,0,0,2,3,3,3,1,1,1,1
NCT00354601_EG000,NCT00354601,4,4,2,2,4,4,0,0,2,1,1,1,1,3,3,3
NCT00354887_EG000,NCT00354887,63,63,2,2,63,63,0,0,14,21,34,39,9,28,27,24
NCT00354913_EG000,NCT00354913,56,56,2,2,56,56,0,0,14,30,40,47,2,11,11,9
NCT00356135_EG000,NCT00356135,63,2,2,2,2,2,0,0,2,2,2,2,0,0,0,0
NCT00356135_EG002,NCT00356135,63,2,2,2,2,2,0,0,2,2,2,2,0,0,0,0
NCT00356525_EG002,NCT00356525,229,59,2,2,59,59,0,0,17,38,50,58,2,2,2,0
NCT00356525_EG003,NCT00356525,229,82,2,2,82,87,0,0,20,55,67,82,3,3,3,0
NCT00357110_EG000,NCT00357110,42,29,2,2,29,29,0,0,12,22,24,29,1,1,1,0
NCT00357500_EG000,NCT00357500,180,56,5,5,56,64,0,0,12,21,29,32,3,28,28,28
NCT00360698_EG000,NCT00360698,4,0,4,4,0,0,0,0,0,0,0,0,0,0,0,0
NCT00360698_EG001,NCT00360698,4,0,3,3,0,0,0,0,0,0,0,0,0,0,0,0
NCT00362817_EG000,NCT00362817,1,0,2,2,0,0,0,0,0,0,0,0,0,0,0,0
NCT00363415_EG000,NCT00363415,234,48,2,2,48,55,0,0,14,31,39,48,2,2,2,0
NCT00363415_EG001,NCT00363415,234,49,2,2,49,51,0,0,14,31,39,49,2,2,2,0
NCT00365599_EG000,NCT00365599,24,18,2,2,18,18,0,0,6,0,0,0,2,18,18,18
NCT00369629_EG000,NCT00369629,73,36,2,2,36,36,0,0,13,14,14,16,0,21,21,20
NCT00369629_EG001,NCT00369629,73,24,2,2,24,24,0,0,10,9,12,13,1,13,12,11
NCT00369629_EG002,NCT00369629,73,49,2,2,49,49,0,0,13,16,20,23,2,28,28,26
NCT00369629_EG003,NCT00369629,73,0,2,2,0,0,73,0,0,0,0,0,0,0,0,0
NCT00369707_EG000,NCT00369707,63,56,2,2,56,56,0,0,12,12,15,20,6,41,40,36
NCT00372229_EG001,NCT00372229,243,55,2,2,55,58,0,0,13,31,45,55,2,2,2,0
NCT00372424_EG000,NCT00372424,71,53,3,3,53,55,0,0,13,30,46,53,2,2,2,0
NCT00373256_EG000,NCT00373256,932,131,2,2,131,138,0,0,21,63,100,131,5,5,5,0
NCT00374868_EG000,NCT00374868,81,61,2,2,61,68,0,0,15,35,48,60,4,4,4,0
NCT00377637_EG002,NCT00377637,213,48,2,2,48,50,0,0,14,28,38,48,1,1,1,0
NCT00377637_EG003,NCT00377637,213,49,2,2,49,52,0,0,14,28,40,49,1,1,1,0
NCT00378209_EG000,NCT00378209,66,50,3,3,50,56,0,0,13,22,32,37,3,17,16,12
NCT00379639_EG000,NCT00379639,68,38,2,2,38,44,0,0,12,24,31,38,0,0,0,0
NCT00379639_EG001,NCT00379639,68,42,2,2,42,44,0,0,13,25,35,42,2,2,2,0
NCT00379639_EG002,NCT00379639,68,33,2,2,33,36,0,0,12,22,28,33,2,2,2,0
NCT00379639_EG003,NCT00379639,68,25,2,2,25,26,0,0,10,21,23,25,0,0,0,0
NCT00379639_EG004,NCT00379639,68,22,2,2,22,23,0,0,8,15,18,22,1,1,1,0
NCT00379769_EG000,NCT00379769,864,32,2,2,32,32,0,0,11,20,26,31,1,2,2,1
NCT00379821_EG000,NCT00379821,54,27,2,2,27,27,0,0,9,16,23,27,0,0,0,0
NCT00379821_EG001,NCT00379821,54,27,2,2,27,27,0,0,9,17,23,27,0,0,0,0
NCT00379912_EG000,NCT00379912,55,28,2,2,28,28,0,0,11,6,7,9,4,21,21,19
NCT00380588_EG000,NCT00380588,87,64,2,2,64,65,0,0,15,32,41,64,1,1,1,0
NCT00381004_EG000,NCT00381004,12,4,4,4,4,4,0,0,3,1,1,2,0,3,3,2
NCT00381303_EG000,NCT00381303,117,17,2,2,17,17,0,0,9,12,14,17,1,1,1,0
NCT00381303_EG001,NCT00381303,117,18,2,2,18,18,0,0,9,12,15,18,2,2,2,0
NCT00381810_EG000,NCT00381810,99,69,4,4,69,70,0,0,15,40,59,69,2,2,2,0
NCT00382590_EG000,NCT00382590,26,12,2,2,12,12,0,0,7,9,10,11,1,2,2,1
NCT00383149_EG000,NCT00383149,110,64,2,2,64,76,0,0,16,38,51,64,2,2,2,0
NCT00383266_EG000,NCT00383266,67,67,2,2,67,67,0,0,16,29,39,48,3,22,22,19
NCT00384176_EG000,NCT00384176,360,53,4,4,53,55,0,0,15,33,44,53,1,1,1,0
NCT00384176_EG001,NCT00384176,360,53,4,4,53,57,0,0,15,33,45,53,1,1,1,0
NCT00384189_EG000,NCT00384189,14,3,2,2,3,3,0,0,1,1,1,3,0,0,0,0
NCT00384189_EG001,NCT00384189,14,3,2,2,3,3,0,0,1,1,1,3,0,0,0,0
NCT00384189_EG002,NCT00384189,14,3,2,2,3,3,0,0,1,1,1,3,0,0,0,0
NCT00385138_EG000,NCT00385138,75,8,2,2,8,8,0,0,6,6,6,8,1,1,1,0
NCT00385671_EG002,NCT00385671,64,16,2,2,16,16,0,0,9,13,15,16,0,0,0,0
NCT00385827_EG001,NCT00385827,151,37,2,2,37,38,0,0,14,23,30,37,0,0,0,0
NCT00387465_EG001,NCT00387465,68,0,2,2,0,0,68,0,0,0,0,0,0,0,0,0
NCT00388154_EG000,NCT00388154,55,49,2,2,49,55,0,0,15,28,34,41,1,11,11,7
NCT00388362_EG000,NCT00388362,14,9,2,2,9,9,0,0,5,3,3,4,0,6,6,5
NCT00390429_EG002,NCT00390429,31,5,2,2,5,5,0,0,4,4,4,5,0,0,0,0
NCT00390611_EG000,NCT00390611,61,33,3,3,33,35,0,0,10,21,27,30,1,4,4,3
NCT00390611_EG001,NCT00390611,61,30,2,2,30,32,0,0,9,19,25,28,1,3,3,2
NCT00390793_EG000,NCT00390793,43,8,8,8,8,8,0,0,5,6,7,7,0,1,1,1
NCT00391118_EG002,NCT00391118,146,48,2,2,48,48,0,0,12,27,40,48,1,1,1,0
NCT00392665_EG001,NCT00392665,70,60,2,2,60,63,0,0,14,20,28,31,6,32,31,30
NCT00394147_EG000,NCT00394147,59,56,2,2,56,59,0,0,13,29,38,44,4,16,16,12
NCT00398086_EG000,NCT00398086,239,172,2,2,172,180,0,0,22,76,124,171,7,4,4,0
NCT00398086_EG001,NCT00398086,239,108,2,2,108,111,0,0,17,51,81,108,3,3,3,0
NCT00398086_EG002,NCT00398086,239,60,2,2,60,60,0,0,14,34,51,60,3,3,3,0
NCT00398567_EG002,NCT00398567,102,59,2,2,59,60,0,0,15,31,49,59,1,1,1,0
NCT00402051_EG000,NCT00402051,100,37,2,2,37,40,0,0,14,26,35,37,1,1,1,0
NCT00402051_EG001,NCT00402051,100,37,2,2,37,42,0,0,14,25,34,37,1,1,1,0
NCT00402324_EG000,NCT00402324,33,16,2,2,16,16,0,0,8,11,14,16,1,1,1,0
NCT00404495_EG000,NCT00404495,287,102,2,2,102,108,0,0,17,47,74,102,3,2,2,0
NCT00404495_EG001,NCT00404495,287,66,2,2,66,68,0,0,17,43,59,66,0,0,0,0
NCT00406276_EG000,NCT00406276,45,18,2,2,18,18,0,0,6,9,13,16,0,4,4,2
NCT00406393_EG000,NCT00406393,21,0,2,2,0,0,0,0,0,0,0,0,0,0,0,0
NCT00406393_EG001,NCT00406393,21,0,2,2,0,0,0,0,0,0,0,0,0,0,0,0
NCT00407966_EG000,NCT00407966,6,6,3,3,6,6,0,0,4,3,3,3,0,3,3,3
NCT00408460_EG000,NCT00408460,37,11,2,2,11,11,0,0,8,9,10,11,1,1,1,0
NCT00409006_EG000,NCT00409006,87,63,3,3,63,63,0,0,13,34,49,63,2,2,2,0
NCT00409006_EG001,NCT00409006,87,32,2,2,32,32,0,0,10,16,25,31,2,2,2,0
NCT00409565_EG000,NCT00409565,195,100,2,2,100,102,0,0,18,48,76,88,5,16,16,12
NCT00410202_EG001,NCT00410202,56,13,2,2,13,13,0,0,9,9,11,13,0,0,0,0
NCT00411632_EG000,NCT00411632,8,7,2,2,7,7,0,0,5,5,5,5,0,2,2,2
NCT00412061_EG000,NCT00412061,354,78,2,2,78,84,0,0,13,40,61,78,2,2,2,0
NCT00412087_EG001,NCT00412087,2,1,2,2,1,1,0,0,1,0,0,0,0,1,1,1
NCT00412243_EG000,NCT00412243,16,10,2,2,10,10,0,0,7,5,5,5,0,5,5,5
NCT00413218_EG001,NCT00413218,219,37,2,2,37,37,0,0,12,21,30,37,2,2,2,0
NCT00414310_EG001,NCT00414310,85,18,2,2,18,20,0,0,6,8,12,15,0,5,5,3
NCT00414518_EG000,NCT00414518,28,17,2,2,17,17,0,0,9,3,3,3,0,14,14,14
NCT00415168_EG000,NCT00415168,31,21,2,2,21,21,0,0,5,13,18,21,1,1,1,0
NCT00417079_EG000,NCT00417079,181,31,2,2,31,31,0,0,12,19,26,31,1,1,1,0
NCT00417079_EG001,NCT00417079,181,36,2,2,36,39,0,0,12,20,28,36,1,1,1,0
NCT00420511_EG000,NCT00420511,2,1,2,2,1,1,0,0,1,0,0,0,0,1,1,1
NCT00420849_EG000,NCT00420849,330,61,2,2,61,69,0,0,16,38,50,59,1,1,1,0
NCT00421148_EG001,NCT00421148,40,2,2,2,2,2,0,0,2,2,2,2,0,0,0,0
NCT00421148_EG002,NCT00421148,40,1,2,2,1,1,0,0,1,1,1,1,0,0,0,0
NCT00421148_EG003,NCT00421148,40,2,2,2,2,2,0,0,2,2,2,2,0,0,0,0
NCT00421148_EG004,NCT00421148,40,2,2,2,2,2,0,0,2,2,2,2,0,0,0,0
NCT00421148_EG006,NCT00421148,40,5,2,2,5,5,0,0,4,5,5,5,0,0,0,0
NCT00421148_EG007,NCT00421148,40,4,2,2,4,4,0,0,2,3,3,4,0,0,0,0
NCT00421148_EG008,NCT00421148,40,2,2,2,2,2,0,0,2,2,2,2,0,0,0,0
NCT00421148_EG009,NCT00421148,40,8,2,2,8,8,0,0,6,6,6,8,0,0,0,0
NCT00421148_EG011,NCT00421148,40,3,2,2,3,3,0,0,2,2,2,3,0,0,0,0
NCT00421148_EG012,NCT00421148,40,4,2,2,4,4,0,0,3,3,3,4,0,0,0,0
NCT00421148_EG013,NCT00421148,40,7,2,2,7,7,0,0,6,6,6,7,0,0,0,0
NCT00421148_EG014,NCT00421148,40,5,2,2,5,5,0,0,4,4,4,5,0,0,0,0
NCT00421148_EG016,NCT00421148,40,1,2,2,1,1,0,0,1,1,1,1,0,0,0,0
NCT00421148_EG017,NCT00421148,40,6,2,2,6,6,0,0,4,6,6,6,0,0,0,0
NCT00421148_EG018,NCT00421148,40,5,2,2,5,5,0,0,3,4,4,5,0,0,0,0
NCT00421148_EG019,NCT00421148,40,5,2,2,5,5,0,0,4,4,4,5,1,1,1,0
NCT00421889_EG003,NCT00421889,270,136,3,3,136,141,0,0,21,68,101,126,7,6,6,0
NCT00422591_EG000,NCT00422591,57,14,2,2,14,15,0,0,5,8,9,11,0,4,4,2
NCT00422799_EG000,NCT00422799,33,28,2,2,28,29,0,0,10,16,19,21,2,7,7,7
NCT00422903_EG001,NCT00422903,14,8,2,2,8,8,0,0,5,5,5,5,1,3,3,3
NCT00423488_EG000,NCT00423488,1,0,2,2,0,0,0,0,0,0,0,0,0,0,0,0
NCT00423878_EG001,NCT00423878,32,21,3,3,21,21,0,0,7,7,8,11,3,12,12,10
NCT00425308_EG001,NCT00425308,96,52,2,2,52,57,0,0,16,31,41,52,5,5,5,0
NCT00426855_EG000,NCT00426855,14,14,2,2,14,14,0,0,6,10,11,12,0,2,2,2
NCT00427336_EG000,NCT00427336,20,14,3,3,14,20,0,0,9,11,11,11,0,5,5,5
NCT00427765_EG000,NCT00427765,42,14,2,2,14,15,0,0,7,8,8,9,3,7,7,6
NCT00428844_EG002,NCT00428844,63,25,5,5,25,26,0,0,11,16,22,25,1,1,1,0
NCT00429104_EG000,NCT00429104,15,15,2,2,15,15,0,0,6,10,11,11,1,4,4,4
NCT00429702_EG000,NCT00429702,1,0,4,4,0,0,0,0,0,0,0,0,0,0,0,0
NCT00429858_EG000,NCT00429858,12,12,2,2,12,12,0,0,7,8,9,9,0,3,3,3
NCT00430027_EG000,NCT00430027,20,20,3,3,20,20,0,0,10,15,18,19,0,1,1,1
NCT00430937_EG001,NCT00430937,48,10,2,2,10,10,0,0,4,8,9,10,0,0,0,0
NCT00432172_EG000,NCT00432172,42,12,3,3,12,15,0,0,8,4,4,6,1,10,10,7
NCT00432172_EG001,NCT00432172,42,7,2,2,7,7,0,0,6,3,3,4,1,4,4,3
NCT00432172_EG002,NCT00432172,42,10,3,3,10,16,0,0,7,5,5,6,0,10,10,7
NCT00432172_EG003,NCT00432172,42,12,4,4,12,18,0,0,7,5,5,6,0,11,11,9
NCT00433329_EG000,NCT00433329,62,18,2,2,18,19,0,0,8,11,15,18,2,2,2,0
NCT00433550_EG000,NCT00433550,87,44,3,3,44,58,0,0,12,25,37,42,0,2,2,2
NCT00433550_EG001,NCT00433550,87,43,3,3,43,53,0,0,14,30,36,42,0,1,1,1
NCT00433550_EG002,NCT00433550,87,31,3,3,31,32,0,0,11,21,26,30,0,1,1,1
NCT00434252_EG000,NCT00434252,108,47,2,2,47,48,0,0,12,27,40,47,2,2,2,0
NCT00434642_EG001,NCT00434642,201,86,2,2,86,88,0,0,17,42,66,86,4,3,3,0
NCT00435019_EG000,NCT00435019,29,9,2,2,9,10,0,0,3,4,7,9,0,0,0,0
NCT00435370_EG000,NCT00435370,1,1,2,2,1,1,0,0,0,0,0,0,1,1,1,1
NCT00436436_EG000,NCT00436436,29,23,2,2,23,29,0,0,8,5,5,6,2,23,23,22
NCT00436644_EG000,NCT00436644,24,19,2,2,19,24,0,0,8,12,17,18,0,1,1,1
NCT00436826_EG000,NCT00436826,59,27,2,2,27,27,0,0,10,17,22,27,0,0,0,0
NCT00436826_EG002,NCT00436826,59,6,2,2,6,6,0,0,4,4,5,6,0,0,0,0
NCT00436826_EG003,NCT00436826,59,4,2,2,4,4,0,0,3,3,4,4,0,0,0,0
NCT00436826_EG004,NCT00436826,59,0,2,2,0,0,0,0,0,0,0,0,0,0,0,0
NCT00437073_EG000,NCT00437073,138,100,2,2,100,104,0,0,16,50,79,100,2,2,2,0
NCT00437073_EG001,NCT00437073,138,65,2,2,65,67,0,0,15,35,52,63,2,3,3,1
NCT00437203_EG000,NCT00437203,217,55,2,2,55,56,0,0,17,29,39,55,7,5,5,0
NCT00437203_EG001,NCT00437203,217,46,2,2,46,49,0,0,12,27,34,46,8,5,5,0
NCT00437203_EG002,NCT00437203,217,52,2,2,52,55,0,0,16,27,38,52,7,5,5,0
NCT00437203_EG003,NCT00437203,217,31,2,2,31,31,0,0,11,20,29,31,2,1,1,0
NCT00437203_EG004,NCT00437203,217,15,2,2,15,15,0,0,8,11,13,15,0,0,0,0
NCT00437203_EG005,NCT00437203,217,24,2,2,24,25,0,0,10,18,19,24,3,3,3,0
NCT00437203_EG006,NCT00437203,217,60,2,2,60,61,0,0,15,33,46,60,7,6,6,0
NCT00437203_EG007,NCT00437203,217,23,2,2,23,23,0,0,13,17,18,23,1,1,1,0
NCT00437203_EG008,NCT00437203,217,51,2,2,51,51,0,0,15,33,41,51,5,3,3,0
NCT00437203_EG009,NCT00437203,217,40,2,2,40,42,0,0,18,28,35,40,3,3,3,0
NCT00437268_EG000,NCT00437268,144,79,3,3,79,88,0,0,16,46,67,79,3,3,3,0
NCT00437268_EG001,NCT00437268,144,92,2,2,92,95,0,0,19,46,64,92,3,3,3,0
NCT00437294_EG000,NCT00437294,69,38,2,2,38,40,0,0,10,20,32,38,1,1,1,0
NCT00439244_EG001,NCT00439244,100,30,2,2,30,30,0,0,8,15,23,30,2,2,2,0
NCT00439270_EG000,NCT00439270,151,82,2,2,82,85,0,0,18,44,62,82,5,4,4,0
NCT00439270_EG001,NCT00439270,151,34,2,2,34,34,0,0,14,22,28,34,1,1,1,0
NCT00439270_EG002,NCT00439270,151,20,2,2,20,21,0,0,14,16,17,20,1,1,1,0
NCT00439270_EG004,NCT00439270,151,28,2,2,28,28,0,0,12,23,26,28,1,1,1,0
NCT00441168_EG000,NCT00441168,68,42,3,3,42,46,0,0,15,25,34,42,2,2,2,0
NCT00441168_EG001,NCT00441168,68,35,3,3,35,40,0,0,12,23,29,35,2,2,2,0
NCT00441285_EG000,NCT00441285,17,13,2,2,13,13,0,0,4,5,7,7,0,6,6,6
NCT00442260_EG000,NCT00442260,1,0,2,2,0,0,0,0,0,0,0,0,0,0,0,0
NCT00442962_EG000,NCT00442962,28,27,2,2,27,27,0,0,12,19,22,26,0,0,0,0
NCT00443755_EG000,NCT00443755,1,0,2,2,0,0,0,0,0,0,0,0,0,0,0,0
NCT00444678_EG000,NCT00444678,62,35,3,3,35,36,0,0,13,10,14,17,5,19,19,17
NCT00445692_EG000,NCT00445692,16,7,3,3,7,7,0,0,3,4,6,6,0,1,1,1
NCT00446511_EG000,NCT00446511,25,14,2,2,14,16,0,0,10,12,13,14,0,0,0,0
NCT00447382_EG000,NCT00447382,32,4,2,2,4,4,0,0,2,3,3,4,0,0,0,0
NCT00447382_EG001,NCT00447382,32,4,2,2,4,4,0,0,2,3,3,4,0,0,0,0
NCT00448682_EG000,NCT00448682,1,0,4,4,0,0,0,0,0,0,0,0,0,0,0,0
NCT00449033_EG000,NCT00449033,225,59,3,3,59,69,0,0,13,21,31,35,9,31,30,28
NCT00449033_EG001,NCT00449033,225,56,2,2,56,61,0,0,13,21,31,34,7,26,25,24
NCT00450385_EG000,NCT00450385,33,7,5,5,7,7,0,0,5,6,6,6,0,1,1,1
NCT00451178_EG000,NCT00451178,157,90,6,6,90,100,0,0,15,46,72,90,3,3,3,0
NCT00451178_EG001,NCT00451178,157,56,5,5,56,59,0,0,14,38,48,56,2,2,2,0
NCT00452374_EG000,NCT00452374,22,17,4,4,17,17,0,0,6,12,15,17,0,2,2,0
NCT00452413_EG000,NCT00452413,316,43,2,2,43,44,0,0,16,29,40,43,1,1,1,0
NCT00452413_EG001,NCT00452413,316,132,2,2,132,134,0,0,18,58,95,132,4,4,4,0
NCT00452413_EG002,NCT00452413,316,100,2,2,100,102,0,0,16,47,71,100,3,3,3,0
NCT00454194_EG000,NCT00454194,152,70,2,2,70,73,0,0,13,33,55,69,3,3,3,0
NCT00454324_EG000,NCT00454324,81,61,2,2,61,64,0,0,13,20,22,24,5,39,39,39
NCT00454324_EG001,NCT00454324,81,47,2,2,47,50,0,0,12,14,15,16,4,31,31,31
NCT00454571_EG001,NCT00454571,70,7,2,2,7,7,0,0,7,6,6,6,0,1,1,1
NCT00454636_EG000,NCT00454636,95,20,2,2,20,20,0,0,9,14,18,20,0,0,0,0
NCT00454636_EG001,NCT00454636,95,27,3,3,27,28,0,0,10,17,23,27,1,1,1,0
NCT00454636_EG002,NCT00454636,95,32,3,3,32,33,0,0,10,18,26,32,2,2,2,0
NCT00454636_EG003,NCT00454636,95,38,3,3,38,42,0,0,11,20,34,38,1,1,1,0
NCT00454779_EG001,NCT00454779,185,63,2,2,63,73,0,0,15,37,54,63,2,2,2,0
NCT00456989_EG000,NCT00456989,6,2,2,2,2,2,0,0,1,1,1,1,1,1,1,1
NCT00457392_EG000,NCT00457392,903,72,2,2,72,77,0,0,15,36,54,72,2,2,2,0
NCT00459043_EG001,NCT00459043,14,11,2,2,11,13,0,0,4,7,9,10,0,2,2,1
NCT00459056_EG001,NCT00459056,1,0,2,2,0,0,0,0,0,0,0,0,0,0,0,0
NCT00459186_EG000,NCT00459186,48,48,3,3,48,48,0,0,13,19,25,27,3,21,21,21
NCT00461630_EG000,NCT00461630,39,16,3,3,16,23,0,0,15,0,0,0,2,23,23,23
NCT00461630_EG001,NCT00461630,39,15,2,2,15,19,0,0,14,0,0,0,1,19,19,19
NCT00461851_EG000,NCT00461851,2,2,3,3,2,2,0,0,2,1,1,1,0,1,1,1
NCT00462605_EG000,NCT00462605,20,7,2,2,7,7,0,0,6,7,7,7,0,0,0,0
NCT00463385_EG002,NCT00463385,180,104,2,2,104,112,0,0,19,55,83,104,2,2,2,0
NCT00463385_EG003,NCT00463385,180,82,2,2,82,84,0,0,15,43,64,80,3,4,4,1
NCT00467649_EG000,NCT00467649,36,11,2,2,11,11,0,0,6,8,9,11,0,0,0,0
NCT00467779_EG014,NCT00467779,314,124,3,3,124,128,0,0,18,62,94,124,4,4,4,0
NCT00467831_EG000,NCT00467831,4,4,5,5,4,4,0,0,3,4,4,4,0,0,0,0
NCT00469092_EG001,NCT00469092,28,4,3,3,4,4,0,0,3,3,3,4,0,0,0,0
NCT00469144_EG000,NCT00469144,80,4,2,2,4,4,0,0,4,1,1,1,0,3,3,3
NCT00469144_EG001,NCT00469144,80,4,2,2,4,4,0,0,4,2,2,2,0,2,2,2
NCT00469209_EG000,NCT00469209,14,5,3,3,5,5,0,0,4,4,4,4,0,1,1,1
NCT00469209_EG001,NCT00469209,14,5,4,4,5,5,0,0,4,4,4,4,0,1,1,1
NCT00469209_EG002,NCT00469209,14,6,4,4,6,6,0,0,4,5,5,5,0,1,1,1
NCT00469859_EG000,NCT00469859,75,25,3,3,25,28,0,0,11,18,20,24,0,2,2,2
NCT00469859_EG001,NCT00469859,75,50,3,3,50,64,0,0,13,33,40,47,0,3,3,3
NCT00470704_EG000,NCT00470704,160,69,2,2,69,69,0,0,17,27,36,39,5,30,30,30
NCT00470704_EG001,NCT00470704,160,68,2,2,68,70,0,0,15,32,40,42,4,27,27,27
NCT00470834_EG001,NCT00470834,111,32,2,2,32,32,0,0,13,20,23,32,1,1,1,0
NCT00471146_EG000,NCT00471146,717,86,2,2,86,92,0,0,16,42,64,86,4,4,4,0
NCT00473694_EG000,NCT00473694,52,21,2,2,21,21,0,0,10,12,15,21,0,0,0,0
NCT00473694_EG001,NCT00473694,52,31,3,3,31,31,0,0,9,16,22,31,1,1,1,0
NCT00473694_EG002,NCT00473694,52,22,2,2,22,22,0,0,8,12,17,22,1,1,1,0
NCT00473694_EG003,NCT00473694,52,22,3,3,22,22,0,0,9,15,18,22,0,0,0,0
NCT00474045_EG000,NCT00474045,79,20,2,2,20,22,0,0,9,12,17,19,0,1,1,1
NCT00474045_EG001,NCT00474045,79,20,2,2,20,20,0,0,9,13,16,19,0,1,1,1
NCT00474253_EG000,NCT00474253,22,21,2,2,21,21,0,0,9,13,15,21,1,1,1,0
NCT00475085_EG000,NCT00475085,29,0,3,3,0,0,0,0,0,0,0,0,0,0,0,0
NCT00475085_EG001,NCT00475085,29,0,3,3,0,0,0,0,0,0,0,0,0,0,0,0
NCT00475215_EG001,NCT00475215,34,15,2,2,15,15,0,0,5,8,10,15,1,1,1,0
NCT00475306_EG003,NCT00475306,1,0,2,2,0,0,0,0,0,0,0,0,0,0,0,0
NCT00475501_EG002,NCT00475501,9,2,2,2,2,2,0,0,0,0,0,0,2,2,2,2
NCT00475657_EG000,NCT00475657,13,13,2,2,13,13,0,0,7,11,12,13,0,0,0,0
NCT00475670_EG001,NCT00475670,36,27,2,2,27,27,0,0,9,17,22,27,1,1,1,0
NCT00476242_EG000,NCT00476242,12,10,2,2,10,10,0,0,1,3,3,3,0,7,7,7
NCT00477087_EG000,NCT00477087,15,15,2,2,15,15,0,0,11,7,8,13,0,6,6,2
NCT00477464_EG000,NCT00477464,59,51,2,2,51,51,0,0,14,25,40,51,0,0,0,0
NCT00477750_EG000,NCT00477750,47,16,3,3,16,18,0,0,9,10,14,16,1,1,1,0
NCT00478218_EG000,NCT00478218,86,28,3,3,28,32,0,0,12,18,20,24,1,4,4,4
NCT00478218_EG001,NCT00478218,86,41,3,3,41,43,0,0,15,26,28,32,2,8,8,8
NCT00478777_EG000,NCT00478777,140,35,2,2,35,39,0,0,12,22,31,34,1,2,2,1
NCT00479089_EG000,NCT00479089,20,3,2,2,3,3,0,0,3,3,3,3,0,0,0,0
NCT00479089_EG001,NCT00479089,20,8,3,3,8,8,0,0,6,5,6,6,0,2,2,2
NCT00479856_EG000,NCT00479856,55,53,4,4,53,55,0,0,14,33,44,50,1,4,4,3
NCT00480987_EG000,NCT00480987,5,5,3,3,5,5,0,0,4,4,4,4,0,1,1,1
NCT00481845_EG000,NCT00481845,10,10,2,2,10,10,0,0,5,4,5,5,0,5,5,5
NCT00483119_EG001,NCT00483119,21,9,2,2,9,9,0,0,7,5,5,5,0,4,4,4
NCT00483223_EG000,NCT00483223,57,53,2,2,53,53,0,0,14,24,29,32,4,21,21,21
NCT00485485_EG000,NCT00485485,22,21,2,2,21,22,0,0,8,10,10,11,1,11,11,10
NCT00486759_EG001,NCT00486759,282,44,2,2,44,46,0,0,12,26,35,43,1,2,2,1
NCT00486954_EG000,NCT00486954,160,80,2,2,80,84,0,0,15,40,64,80,3,3,3,0
NCT00486954_EG001,NCT00486954,160,60,2,2,60,62,0,0,15,33,48,60,2,2,2,0
NCT00486954_EG002,NCT00486954,160,66,2,2,66,68,0,0,13,35,53,66,2,2,2,0
NCT00488644_EG000,NCT00488644,7,7,2,2,7,7,0,0,4,2,2,2,0,5,5,5
NCT00490646_EG000,NCT00490646,75,43,2,2,43,46,0,0,12,24,35,43,1,1,1,0
NCT00490646_EG001,NCT00490646,75,48,2,2,48,48,0,0,12,27,39,48,0,0,0,0
NCT00490698_EG000,NCT00490698,6,6,2,2,6,6,0,0,5,4,4,5,0,2,2,1
NCT00491075_EG000,NCT00491075,14,14,2,2,14,14,0,0,8,9,10,13,1,1,1,1
NCT00491400_EG000,NCT00491400,1,0,2,2,0,0,0,0,0,0,0,0,0,0,0,0
NCT00491400_EG001,NCT00491400,1,0,2,2,0,0,0,0,0,0,0,0,0,0,0,0
NCT00491530_EG000,NCT00491530,95,42,2,2,42,42,0,0,12,24,35,42,0,0,0,0
NCT00491530_EG001,NCT00491530,95,40,2,2,40,40,0,0,11,20,33,40,1,1,1,0
NCT00491530_EG002,NCT00491530,95,36,2,2,36,36,0,0,11,20,28,36,1,1,1,0
NCT00493064_EG000,NCT00493064,1,0,2,2,0,0,0,0,0,0,0,0,0,0,0,0
NCT00493636_EG000,NCT00493636,80,53,3,3,53,57,0,0,12,31,44,52,3,3,3,0
NCT00493636_EG001,NCT00493636,80,52,2,2,52,55,0,0,12,30,43,52,3,3,3,0
NCT00493649_EG000,NCT00493649,61,28,3,3,28,28,0,0,9,14,20,26,2,7,6,2
NCT00493870_EG000,NCT00493870,181,41,2,2,41,42,0,0,11,28,35,41,0,4,4,0
NCT00494481_EG000,NCT00494481,117,74,2,2,74,77,0,0,15,36,56,74,1,1,1,0
NCT00496197_EG000,NCT00496197,139,19,3,3,19,19,0,0,10,13,16,19,0,0,0,0
NCT00496366_EG000,NCT00496366,22,20,2,2,20,22,0,0,8,11,12,15,0,5,5,5
NCT00496873_EG000,NCT00496873,43,23,3,3,23,24,0,0,9,9,11,13,2,11,11,10
NCT00499122_EG000,NCT00499122,20,9,4,4,9,11,0,0,5,5,6,7,0,2,2,2
NCT00500110_EG000,NCT00500110,13,6,4,4,6,6,0,0,6,4,4,4,0,2,2,2
NCT00500240_EG001,NCT00500240,5,4,2,2,4,4,0,0,3,3,3,4,0,1,1,0
NCT00502203_EG000,NCT00502203,19,14,2,2,14,15,0,0,7,9,9,12,0,3,3,2
NCT00502216_EG000,NCT00502216,21,20,2,2,20,20,0,0,6,10,13,17,3,4,4,2
NCT00502905_EG000,NCT00502905,50,4,2,2,4,4,0,0,3,2,2,2,1,2,2,2
NCT00503997_EG000,NCT00503997,24,6,2,2,6,6,0,0,5,5,6,6,0,0,0,0
NCT00504504_EG000,NCT00504504,19,11,5,5,11,15,0,0,6,6,9,10,0,2,2,2
NCT00505635_EG000,NCT00505635,19,15,6,6,15,19,0,0,8,9,9,12,0,7,7,5
NCT00506857_EG000,NCT00506857,24,18,2,2,18,18,0,0,7,7,7,12,3,10,10,6
NCT00507416_EG000,NCT00507416,423,17,2,2,17,17,0,0,11,15,16,17,0,1,1,0
NCT00507416_EG002,NCT00507416,423,22,3,3,22,22,0,0,11,15,19,22,0,1,1,0
NCT00507442_EG000,NCT00507442,136,53,3,3,53,53,0,0,13,28,40,51,2,3,3,1
NCT00507442_EG001,NCT00507442,136,61,4,4,61,61,0,0,14,31,44,59,2,3,3,1
NCT00507442_EG003,NCT00507442,136,61,3,3,61,61,0,0,16,37,49,59,2,3,3,1
NCT00507455_EG001,NCT00507455,13,4,2,2,4,4,0,0,3,4,4,4,0,0,0,0
NCT00507455_EG002,NCT00507455,13,4,2,2,4,4,0,0,3,4,4,4,0,0,0,0
NCT00508274_EG000,NCT00508274,31,25,2,2,25,25,0,0,10,17,20,25,0,0,0,0
NCT00509665_EG000,NCT00509665,16,15,2,2,15,16,0,0,7,10,14,14,0,1,1,1
NCT00510783_EG000,NCT00510783,4,4,2,2,4,4,0,0,1,2,2,3,0,2,2,1
NCT00510887_EG000,NCT00510887,74,74,5,5,74,74,0,0,16,13,16,17,7,57,57,57
NCT00511134_EG000,NCT00511134,1,0,2,2,0,0,0,0,0,0,0,0,0,0,0,0
NCT00512096_EG000,NCT00512096,11,2,3,3,2,2,0,0,2,1,1,1,0,1,1,1
NCT00512707_EG000,NCT00512707,15,5,2,2,5,5,0,0,4,3,4,4,0,1,1,1
NCT00514917_EG000,NCT00514917,111,48,3,3,48,49,0,0,14,29,37,48,1,1,1,0
NCT00514917_EG001,NCT00514917,111,20,2,2,20,20,0,0,10,16,17,20,1,1,1,0
NCT00515216_EG000,NCT00515216,17,16,3,3,16,16,0,0,7,8,9,10,0,6,6,6
NCT00515281_EG001,NCT00515281,6,6,2,2,6,6,0,0,4,1,1,1,0,5,5,5
NCT00517829_EG000,NCT00517829,83,26,2,2,26,29,0,0,7,17,21,25,0,2,2,0
NCT00518011_EG001,NCT00518011,98,67,2,2,67,74,0,0,19,42,58,67,2,2,2,0
NCT00519584_EG001,NCT00519584,1,0,2,2,0,0,0,0,0,0,0,0,0,0,0,0
NCT00520676_EG000,NCT00520676,95,38,2,2,38,39,0,0,12,24,33,38,2,2,2,0
NCT00520676_EG001,NCT00520676,95,42,2,2,42,46,0,0,12,23,36,42,2,2,2,0
NCT00521001_EG000,NCT00521001,68,26,2,2,26,30,0,0,10,17,22,26,0,0,0,0
NCT00521222_EG000,NCT00521222,10,3,3,3,3,3,0,0,3,2,2,2,0,1,1,1
NCT00521222_EG001,NCT00521222,10,4,3,3,4,4,0,0,2,2,4,4,0,0,0,0
NCT00521222_EG002,NCT00521222,10,4,3,3,4,4,0,0,2,2,2,3,1,2,2,1
NCT00521222_EG003,NCT00521222,10,3,3,3,3,3,0,0,3,2,2,2,0,1,1,1
NCT00524368_EG000,NCT00524368,74,10,2,2,10,10,0,0,5,7,8,10,0,0,0,0
NCT00524368_EG001,NCT00524368,74,10,2,2,10,10,0,0,5,7,8,10,0,0,0,0
NCT00526110_EG000,NCT00526110,61,28,3,3,28,34,1,0,10,16,17,21,1,9,9,6
NCT00526110_EG001,NCT00526110,61,8,3,3,8,8,0,0,4,5,5,7,0,2,2,1
NCT00528372_EG001,NCT00528372,65,18,2,2,18,18,0,0,6,12,16,18,0,0,0,0
NCT00528372_EG003,NCT00528372,65,14,2,2,14,14,0,0,6,9,11,14,0,0,0,0
NCT00528372_EG004,NCT00528372,65,15,2,2,15,15,0,0,6,10,13,15,0,0,0,0
NCT00528372_EG005,NCT00528372,65,17,2,2,17,17,0,0,6,12,16,17,1,1,1,0
NCT00528372_EG006,NCT00528372,65,18,2,2,18,18,0,0,7,12,14,18,1,1,1,0
NCT00528879_EG001,NCT00528879,74,19,2,2,19,19,0,0,8,12,15,19,0,0,0,0
NCT00528879_EG003,NCT00528879,74,16,2,2,16,16,0,0,7,10,13,16,0,0,0,0
NCT00528957_EG001,NCT00528957,53,8,2,2,8,8,0,0,3,5,8,8,0,0,0,0
NCT00530621_EG000,NCT00530621,120,45,2,2,45,48,0,0,14,27,35,45,3,3,3,0
NCT00531479_EG000,NCT00531479,224,47,2,2,47,47,0,0,17,29,38,47,4,4,4,0
NCT00532129_EG000,NCT00532129,85,47,2,2,47,48,0,0,12,25,38,47,4,4,4,0
NCT00535743_EG001,NCT00535743,52,7,2,2,7,7,0,0,6,6,6,7,0,0,0,0
NCT00535743_EG002,NCT00535743,52,12,2,2,12,12,0,0,6,7,8,12,1,1,1,0
NCT00535743_EG003,NCT00535743,52,8,2,2,8,8,0,0,7,7,7,8,0,0,0,0
NCT00535743_EG004,NCT00535743,52,10,2,2,10,10,0,0,6,7,8,10,1,1,1,0
NCT00535743_EG005,NCT00535743,52,12,2,2,12,12,0,0,10,10,11,12,0,0,0,0
NCT00535743_EG007,NCT00535743,52,3,2,2,3,3,0,0,3,3,3,3,0,0,0,0
NCT00535743_EG008,NCT00535743,52,3,2,2,3,3,0,0,2,2,3,3,0,0,0,0
NCT00535743_EG009,NCT00535743,52,4,2,2,4,4,0,0,4,4,4,4,0,0,0,0
NCT00535743_EG010,NCT00535743,52,8,2,2,8,8,0,0,5,5,6,8,0,0,0,0
NCT00535743_EG011,NCT00535743,52,10,2,2,10,10,0,0,7,8,9,10,0,0,0,0
NCT00535743_EG013,NCT00535743,52,5,2,2,5,5,0,0,4,4,4,5,0,0,0,0
NCT00535743_EG014,NCT00535743,52,11,2,2,11,11,0,0,7,9,10,11,0,0,0,0
NCT00535743_EG015,NCT00535743,52,9,2,2,9,9,0,0,4,6,7,9,1,1,1,0
NCT00535743_EG016,NCT00535743,52,7,2,2,7,7,0,0,6,6,7,7,0,0,0,0
NCT00535743_EG017,NCT00535743,52,11,2,2,11,11,0,0,7,7,8,11,0,0,0,0
NCT00535743_EG019,NCT00535743,52,2,2,2,2,2,0,0,2,2,2,2,0,0,0,0
NCT00535743_EG020,NCT00535743,52,6,2,2,6,6,0,0,5,5,6,6,0,0,0,0
NCT00535743_EG021,NCT00535743,52,2,2,2,2,2,0,0,2,2,2,2,0,0,0,0
NCT00535743_EG022,NCT00535743,52,4,2,2,4,4,0,0,3,4,4,4,0,0,0,0
NCT00535743_EG023,NCT00535743,52,6,2,2,6,6,0,0,4,5,5,6,0,0,0,0
NCT00535925_EG001,NCT00535925,7,3,13,13,3,3,0,0,1,1,1,2,0,2,2,1
NCT00536341_EG000,NCT00536341,74,41,3,3,41,42,0,0,13,25,30,38,2,5,5,3
NCT00536341_EG001,NCT00536341,74,54,3,3,54,57,0,0,13,29,41,52,2,4,4,2
NCT00536575_EG000,NCT00536575,90,87,2,2,87,90,0,0,14,31,45,51,18,41,40,36
NCT00537511_EG004,NCT00537511,162,160,3,3,160,162,0,0,21,72,120,157,8,6,6,0
NCT00538031_EG001,NCT00538031,170,75,2,2,75,77,0,0,13,38,59,74,5,5,5,0
NCT00538616_EG000,NCT00538616,5,5,2,2,5,5,0,0,5,3,3,3,0,2,2,2
NCT00538616_EG001,NCT00538616,5,0,2,2,0,0,0,0,0,0,0,0,0,0,0,0
NCT00538681_EG003,NCT00538681,101,22,2,2,22,22,0,0,11,17,21,22,0,0,0,0
NCT00538824_EG000,NCT00538824,3,3,3,3,3,3,0,0,2,2,2,2,0,1,1,1
NCT00540514_EG000,NCT00540514,128,38,2,2,38,39,0,0,11,24,30,38,2,2,2,0
NCT00540514_EG001,NCT00540514,128,37,2,2,37,37,0,0,11,23,29,37,2,2,2,0
NCT00540579_EG000,NCT00540579,60,46,2,2,46,46,0,0,12,25,33,40,4,11,11,6
NCT00540644_EG000,NCT00540644,100,54,3,3,54,55,0,0,12,12,13,14,7,41,41,41
NCT00540644_EG001,NCT00540644,100,87,3,3,87,91,0,0,17,20,21,22,7,68,68,68
NCT00542269_EG000,NCT00542269,13,8,3,3,8,8,0,0,6,7,7,8,1,1,1,0
NCT00542269_EG001,NCT00542269,13,6,2,2,6,6,0,0,4,5,5,6,1,1,1,0
NCT00542269_EG002,NCT00542269,13,7,2,2,7,7,0,0,4,5,6,7,1,1,1,0
NCT00542451_EG000,NCT00542451,176,41,2,2,41,45,0,0,14,24,32,37,1,4,4,4
NCT00542620_EG000,NCT00542620,16,7,2,2,7,7,0,0,4,5,7,7,0,0,0,0
NCT00542620_EG001,NCT00542620,16,11,2,2,11,11,0,0,7,9,10,11,1,0,0,0
NCT00542971_EG000,NCT00542971,39,15,3,3,15,15,0,0,7,7,8,12,0,6,6,3
NCT00543127_EG000,NCT00543127,96,9,2,2,9,9,0,0,5,2,2,3,1,6,6,6
NCT00543387_EG009,NCT00543387,185,14,2,2,14,14,0,0,9,11,11,14,2,2,2,0
NCT00543387_EG010,NCT00543387,185,44,2,2,44,44,0,0,11,27,37,44,2,2,2,0
NCT00544167_EG000,NCT00544167,67,58,4,4,58,59,0,0,14,22,31,36,2,26,25,22
NCT00544440_EG000,NCT00544440,116,69,2,2,69,81,0,0,17,41,59,69,1,1,1,0
NCT00544882_EG001,NCT00544882,7,3,2,2,3,3,0,0,2,2,2,3,0,0,0,0
NCT00545714_EG000,NCT00545714,55,20,3,3,20,22,0,0,7,10,15,20,1,1,1,0
NCT00547911_EG000,NCT00547911,1,0,3,3,0,0,0,0,0,0,0,0,0,0,0,0
NCT00547911_EG001,NCT00547911,1,0,3,3,0,0,0,0,0,0,0,0,0,0,0,0
NCT00547911_EG002,NCT00547911,1,0,3,3,0,0,0,0,0,0,0,0,0,0,0,0
NCT00547911_EG003,NCT00547911,1,1,3,3,1,1,0,0,1,0,0,0,0,1,1,1
NCT00547911_EG004,NCT00547911,1,0,3,3,0,0,0,0,0,0,0,0,0,0,0,0
NCT00547911_EG005,NCT00547911,1,0,3,3,0,0,0,0,0,0,0,0,0,0,0,0
NCT00548262_EG000,NCT00548262,62,20,2,2,20,21,0,0,10,17,18,20,0,0,0,0
NCT00548548_EG001,NCT00548548,229,47,3,3,47,52,0,0,13,29,40,47,1,1,1,0
NCT00548808_EG001,NCT00548808,80,11,2,2,11,11,0,0,6,8,9,11,0,0,0,0
NCT00550147_EG000,NCT00550147,11,11,2,2,11,11,0,0,5,2,3,4,5,9,8,7
NCT00550173_EG000,NCT00550173,143,59,2,2,59,61,0,0,12,29,45,59,3,3,3,0
NCT00552617_EG001,NCT00552617,108,15,2,2,15,15,0,0,8,10,13,15,0,0,0,0
NCT00552617_EG002,NCT00552617,108,14,2,2,14,14,0,0,10,12,13,14,0,0,0,0
NCT00552617_EG003,NCT00552617,108,26,2,2,26,26,0,0,10,15,20,26,0,0,0,0
NCT00552617_EG004,NCT00552617,108,19,2,2,19,19,0,0,7,11,15,19,0,0,0,0
NCT00552617_EG006,NCT00552617,108,37,2,2,37,38,0,0,14,29,32,37,2,2,2,0
NCT00552617_EG007,NCT00552617,108,19,2,2,19,19,0,0,11,13,17,19,1,1,1,0
NCT00552617_EG008,NCT00552617,108,18,2,2,18,18,0,0,8,11,15,18,1,1,1,0
NCT00552617_EG009,NCT00552617,108,18,2,2,18,18,0,0,8,13,15,18,0,0,0,0
NCT00553696_EG000,NCT00553696,152,50,3,3,50,52,0,0,13,33,41,50,1,1,1,0
NCT00553696_EG001,NCT00553696,152,107,3,3,107,118,0,0,18,52,84,106,2,2,2,0
NCT00553696_EG002,NCT00553696,152,67,3,3,67,67,0,0,15,40,55,67,2,2,2,0
NCT00553696_EG003,NCT00553696,152,27,3,3,27,27,0,0,9,19,20,27,1,1,1,0
NCT00555906_EG000,NCT00555906,261,27,3,3,27,27,0,0,11,20,24,27,1,1,1,0
NCT00555906_EG001,NCT00555906,261,68,3,3,68,69,0,0,16,42,58,68,1,1,1,0
NCT00555906_EG002,NCT00555906,261,45,3,3,45,45,0,0,13,25,33,45,0,0,0,0
NCT00555906_EG003,NCT00555906,261,58,3,3,58,60,0,0,15,37,46,58,3,3,3,0
NCT00555906_EG004,NCT00555906,261,68,3,3,68,69,0,0,15,39,51,68,3,3,3,0
NCT00556049_EG000,NCT00556049,2,1,2,2,1,2,0,0,1,1,1,1,0,0,0,0
NCT00558103_EG001,NCT00558103,139,52,2,2,52,54,0,0,14,30,42,52,1,1,1,0
NCT00558103_EG003,NCT00558103,139,54,2,2,54,56,0,0,16,33,45,54,1,1,1,0
NCT00558103_EG004,NCT00558103,139,46,2,2,46,47,0,0,14,26,36,46,1,1,1,0
NCT00558103_EG005,NCT00558103,139,23,2,2,23,23,0,0,12,17,21,23,0,0,0,0
NCT00558870_EG001,NCT00558870,21,16,2,2,16,16,0,0,8,7,8,10,0,7,7,6
NCT00559468_EG000,NCT00559468,13,11,3,3,11,11,0,0,5,8,10,11,0,0,0,0
NCT00559468_EG001,NCT00559468,13,9,3,3,9,9,0,0,4,5,7,9,1,1,1,0
NCT00560352_EG000,NCT00560352,68,28,3,3,28,29,0,0,12,22,26,28,1,1,1,0
NCT00560352_EG001,NCT00560352,68,20,3,3,20,22,0,0,11,16,18,20,1,1,1,0
NCT00560352_EG002,NCT00560352,68,31,3,3,31,34,0,0,12,21,27,31,0,0,0,0
NCT00561912_EG000,NCT00561912,1,0,2,2,0,0,0,0,0,0,0,0,0,0,0,0
NCT00562627_EG002,NCT00562627,1,0,3,3,0,0,0,0,0,0,0,0,0,0,0,0
NCT00565448_EG000,NCT00565448,95,25,2,2,25,26,0,0,12,19,21,24,0,2,2,2
NCT00567190_EG000,NCT00567190,258,76,2,2,76,78,0,0,16,36,55,76,4,4,4,0
NCT00568022_EG000,NCT00568022,64,26,2,2,26,26,0,0,11,18,23,26,2,1,1,0
NCT00568022_EG001,NCT00568022,64,34,2,2,34,35,0,0,13,26,32,34,1,0,0,0
NCT00568022_EG002,NCT00568022,64,44,2,2,44,45,0,0,12,25,36,44,4,2,2,0
NCT00568451_EG002,NCT00568451,10,0,2,2,0,0,10,0,0,0,0,0,0,0,0,0
NCT00568451_EG003,NCT00568451,10,0,2,2,0,0,10,0,0,0,0,0,0,0,0,0
NCT00569010_EG000,NCT00569010,19,6,2,2,6,6,0,0,4,4,4,4,0,2,2,2
NCT00570258_EG001,NCT00570258,18,13,2,2,13,13,0,0,6,8,11,12,1,2,2,1
NCT00570323_EG001,NCT00570323,9,7,2,2,7,7,0,0,5,6,6,7,0,1,1,0
NCT00570921_EG000,NCT00570921,29,24,2,2,24,24,0,0,8,15,18,20,1,5,5,4
NCT00573755_EG001,NCT00573755,23,5,3,3,5,5,0,0,4,4,5,5,0,0,0,0
NCT00574171_EG000,NCT00574171,6,1,2,2,1,1,0,0,1,1,1,1,0,0,0,0
NCT00575588_EG000,NCT00575588,120,5,2,2,5,5,0,0,4,4,4,5,0,0,0,0
NCT00577590_EG000,NCT00577590,1,0,2,2,0,0,0,0,0,0,0,0,0,0,0,0
NCT00577889_EG000,NCT00577889,72,41,2,2,41,53,0,0,12,26,32,41,2,2,2,0
NCT00577889_EG001,NCT00577889,72,22,2,2,22,26,0,0,6,11,17,22,0,0,0,0
NCT00577889_EG002,NCT00577889,72,25,2,2,25,31,0,0,10,15,22,25,0,0,0,0
NCT00579501_EG000,NCT00579501,76,25,2,2,25,25,0,0,12,18,20,25,3,2,2,0
NCT00582790_EG000,NCT00582790,42,40,2,2,40,42,0,0,14,25,27,28,6,13,13,12
NCT00583102_EG000,NCT00583102,130,43,2,2,43,43,0,0,10,18,25,30,1,17,16,12
NCT00583700_EG001,NCT00583700,1,0,2,2,0,0,0,0,0,0,0,0,0,0,0,0
NCT00584012_EG000,NCT00584012,94,90,2,2,90,94,0,0,16,36,47,49,1,40,40,39
NCT00584987_EG003,NCT00584987,1,1,2,2,1,1,0,0,1,1,0,0,0,0,1,1
NCT00585052_EG000,NCT00585052,96,95,2,2,95,96,0,0,14,33,44,62,9,42,41,27
NCT00585078_EG000,NCT00585078,83,41,2,2,41,47,0,0,11,15,19,20,2,23,23,23
NCT00588406_EG001,NCT00588406,1,0,3,3,0,0,0,0,0,0,0,0,0,0,0,0
NCT00588536_EG000,NCT00588536,18,16,3,3,16,18,0,0,9,12,13,14,0,2,2,2
NCT00588900_EG000,NCT00588900,52,40,2,2,40,52,0,0,13,27,36,40,0,0,0,0
NCT00589420_EG000,NCT00589420,12,12,2,2,12,12,0,0,6,9,10,10,0,2,2,2
NCT00591149_EG000,NCT00591149,77,72,3,3,72,77,0,0,14,32,50,59,2,15,15,13
NCT00591227_EG000,NCT00591227,1,0,2,2,0,0,0,0,0,0,0,0,0,0,0,0
NCT00596830_EG001,NCT00596830,228,42,2,2,42,43,0,0,11,24,33,42,2,2,2,0
NCT00600821_EG000,NCT00600821,135,67,3,3,67,69,0,0,15,33,52,67,2,2,2,0
NCT00601003_EG000,NCT00601003,33,18,3,3,18,18,0,0,6,9,11,14,0,4,4,3
NCT00602030_EG000,NCT00602030,162,24,2,2,24,24,0,0,11,14,19,23,1,2,2,1
NCT00602030_EG001,NCT00602030,162,40,2,2,40,40,0,0,9,21,28,35,1,4,4,3
NCT00602030_EG003,NCT00602030,162,50,2,2,50,52,0,0,13,26,40,46,1,4,4,3
NCT00602030_EG004,NCT00602030,162,75,2,2,75,76,0,0,16,34,52,69,2,5,5,3
NCT00602290_EG002,NCT00602290,2,1,2,2,1,1,0,0,1,0,0,0,0,1,1,1
NCT00602576_EG000,NCT00602576,27,20,2,2,20,20,0,0,8,15,18,19,1,2,2,1
NCT00602576_EG001,NCT00602576,27,20,2,2,20,20,0,0,8,15,18,19,1,2,2,1
NCT00602576_EG002,NCT00602576,27,20,2,2,20,20,0,0,8,15,18,19,1,2,2,1
NCT00602576_EG003,NCT00602576,27,20,2,2,20,20,0,0,8,15,18,19,1,2,2,1
NCT00602771_EG000,NCT00602771,3,3,2,2,3,3,0,0,2,0,0,0,1,3,3,3
NCT00602771_EG001,NCT00602771,3,3,2,2,3,3,0,0,2,0,0,0,1,3,3,3
NCT00603447_EG000,NCT00603447,325,56,3,3,56,56,0,0,15,33,46,56,3,3,3,0
NCT00603447_EG001,NCT00603447,325,109,3,3,109,110,0,0,18,51,79,106,5,4,4,0
NCT00603447_EG002,NCT00603447,325,130,3,3,130,132,0,0,19,57,92,127,8,7,7,0
NCT00603447_EG003,NCT00603447,325,84,3,3,84,87,0,0,19,49,69,82,4,4,4,0
NCT00603447_EG004,NCT00603447,325,74,3,3,74,75,0,0,16,45,63,74,3,3,3,0
NCT00603447_EG005,NCT00603447,325,98,3,3,98,102,0,0,18,51,76,96,5,4,4,0
NCT00603447_EG006,NCT00603447,325,126,3,3,126,127,0,0,16,56,86,123,6,6,6,0
NCT00603941_EG000,NCT00603941,88,44,2,2,44,48,0,0,10,22,36,44,3,3,3,0
NCT00603941_EG001,NCT00603941,88,47,2,2,47,51,0,0,12,30,40,47,2,2,2,0
NCT00603941_EG002,NCT00603941,88,11,2,2,11,12,0,0,6,8,10,10,0,1,1,1
NCT00605267_EG001,NCT00605267,18,14,2,2,14,14,0,0,9,13,14,14,0,0,0,0
NCT00605566_EG000,NCT00605566,35,34,2,2,34,35,0,0,10,21,26,29,0,4,4,4
NCT00608062_EG000,NCT00608062,9,7,2,2,7,7,0,0,4,4,5,5,0,2,2,2
NCT00608062_EG002,NCT00608062,9,7,2,2,7,7,0,0,4,4,5,5,0,2,2,2
NCT00608062_EG004,NCT00608062,9,4,2,2,4,4,0,0,3,2,2,2,0,2,2,2
NCT00609804_EG000,NCT00609804,102,59,2,2,59,62,0,0,13,30,46,54,1,6,6,5
NCT00609869_EG000,NCT00609869,128,81,2,2,81,94,0,0,17,13,15,18,26,78,77,75
NCT00610714_EG001,NCT00610714,112,45,2,2,45,46,0,0,12,27,37,45,1,1,1,0
NCT00611884_EG000,NCT00611884,15,8,2,2,8,8,0,0,6,7,7,8,0,0,0,0
NCT00611884_EG001,NCT00611884,15,9,2,2,9,9,0,0,5,8,9,9,0,0,0,0
NCT00611884_EG002,NCT00611884,15,7,2,2,7,7,0,0,4,6,6,7,0,0,0,0
NCT00611884_EG003,NCT00611884,15,9,2,2,9,9,0,0,5,7,8,9,0,0,0,0
NCT00612040_EG000,NCT00612040,16,7,2,2,7,7,0,0,4,5,6,7,0,0,0,0
NCT00612040_EG001,NCT00612040,16,10,2,2,10,10,0,0,5,7,9,10,0,0,0,0
NCT00612040_EG002,NCT00612040,16,11,2,2,11,11,0,0,5,7,8,11,0,0,0,0
NCT00614055_EG002,NCT00614055,9,3,2,2,3,3,0,0,3,3,3,3,0,0,0,0
NCT00614120_EG001,NCT00614120,35,7,2,2,7,7,0,0,3,4,5,6,0,0,0,0
NCT00614991_EG000,NCT00614991,11,0,2,2,0,0,0,0,0,0,0,0,0,0,0,0
NCT00614991_EG001,NCT00614991,11,2,2,2,2,2,0,0,2,1,1,1,0,1,1,1
NCT00614991_EG002,NCT00614991,11,7,3,3,7,7,0,0,4,3,3,4,3,4,4,3
NCT00614991_EG003,NCT00614991,11,6,3,3,6,6,0,0,4,3,3,3,2,3,3,3
NCT00614991_EG004,NCT00614991,11,5,3,3,5,5,0,0,2,1,1,2,3,4,4,3
NCT00614991_EG005,NCT00614991,11,5,3,3,5,5,0,0,3,2,2,3,2,3,3,2
NCT00615056_EG000,NCT00615056,393,81,2,2,81,88,0,0,15,45,68,81,2,2,2,0
NCT00615056_EG002,NCT00615056,393,49,2,2,49,49,0,0,15,31,45,49,1,1,1,0
NCT00616603_EG001,NCT00616603,1,0,2,2,0,0,0,0,0,0,0,0,0,0,0,0
NCT00616603_EG002,NCT00616603,1,0,2,2,0,0,0,0,0,0,0,0,0,0,0,0
NCT00617539_EG000,NCT00617539,53,29,2,2,29,38,0,0,10,18,25,29,1,1,1,0
NCT00617591_EG000,NCT00617591,106,75,3,3,75,81,0,0,16,15,17,21,15,64,63,59
NCT00619983_EG000,NCT00619983,3,1,2,2,1,1,0,0,1,1,1,1,0,0,0,0
NCT00619983_EG001,NCT00619983,3,0,2,2,0,0,0,0,0,0,0,0,0,0,0,0
NCT00622466_EG000,NCT00622466,7,7,2,2,7,7,0,0,5,3,3,3,0,4,4,4
NCT00623194_EG000,NCT00623194,25,13,2,2,13,13,0,0,3,4,8,12,0,1,1,1
NCT00623974_EG000,NCT00623974,1,0,2,2,0,0,0,0,0,0,0,0,0,0,0,0
NCT00623974_EG001,NCT00623974,1,0,3,3,0,0,0,0,0,0,0,0,0,0,0,0
NCT00623974_EG002,NCT00623974,1,0,3,3,0,0,0,0,0,0,0,0,0,0,0,0
NCT00623974_EG003,NCT00623974,1,0,3,3,0,0,0,0,0,0,0,0,0,0,0,0
NCT00629343_EG001,NCT00629343,1,0,2,2,0,0,0,0,0,0,0,0,0,0,0,0
NCT00629343_EG002,NCT00629343,1,1,2,2,1,1,0,0,0,0,0,0,1,1,1,1
NCT00629499_EG000,NCT00629499,14,10,3,3,10,10,0,0,6,7,8,9,0,1,1,1
NCT00630032_EG000,NCT00630032,108,17,4,4,17,18,0,0,9,8,9,11,0,6,6,5
NCT00630032_EG001,NCT00630032,108,18,4,4,18,19,0,0,9,9,10,12,0,6,6,5
NCT00630344_EG000,NCT00630344,114,54,2,2,54,56,0,0,14,21,27,29,4,25,25,25
NCT00630409_EG000,NCT00630409,36,36,2,2,36,36,0,0,11,9,10,11,4,25,25,25
NCT00630877_EG000,NCT00630877,21,5,2,2,5,5,0,0,4,4,4,5,0,0,0,0
NCT00631371_EG000,NCT00631371,324,62,2,2,62,65,0,0,13,34,49,62,2,2,2,0
NCT00631488_EG000,NCT00631488,3,2,2,2,2,2,0,0,2,2,2,2,0,0,0,0
NCT00631488_EG001,NCT00631488,3,2,2,2,2,2,0,0,1,2,2,2,0,0,0,0
NCT00631488_EG002,NCT00631488,3,2,2,2,2,2,0,0,1,2,2,2,0,0,0,0
NCT00632489_EG000,NCT00632489,33,26,2,2,26,26,0,0,10,14,20,22,1,3,3,3
NCT00632489_EG002,NCT00632489,33,0,3,3,0,0,33,0,0,0,0,0,0,0,0,0
NCT00633152_EG001,NCT00633152,11,5,2,2,5,5,0,0,2,4,4,5,0,0,0,0
NCT00633594_EG000,NCT00633594,137,40,3,3,40,40,0,0,14,29,37,39,1,1,1,0
NCT00633594_EG001,NCT00633594,137,74,3,3,74,74,0,0,16,38,58,62,2,11,11,9
NCT00633594_EG002,NCT00633594,137,83,3,3,83,83,0,0,17,43,61,75,4,10,10,6
NCT00634634_EG000,NCT00634634,19,1,2,2,1,1,0,0,1,0,0,0,0,1,1,1
NCT00634634_EG001,NCT00634634,19,8,2,2,8,9,0,0,5,4,4,4,1,4,4,4
NCT00634634_EG002,NCT00634634,19,12,2,2,12,12,0,0,8,3,3,3,3,9,9,9
NCT00634634_EG003,NCT00634634,19,10,2,2,10,10,0,0,6,3,3,3,3,7,7,7
NCT00634647_EG000,NCT00634647,69,35,2,2,35,35,0,0,11,8,10,11,2,26,25,24
NCT00634751_EG000,NCT00634751,159,60,3,3,60,70,0,0,14,20,26,28,2,38,38,35
NCT00634751_EG001,NCT00634751,159,41,3,3,41,46,0,0,12,17,21,23,0,19,19,18
NCT00634751_EG002,NCT00634751,159,62,3,3,62,64,0,0,15,26,30,32,2,31,31,30
NCT00634751_EG003,NCT00634751,159,72,3,3,72,77,0,0,16,29,35,41,1,34,34,32
NCT00634972_EG000,NCT00634972,1,0,2,2,0,0,0,0,0,0,0,0,0,0,0,0
NCT00636792_EG000,NCT00636792,81,52,3,3,52,52,0,0,14,34,43,51,3,3,3,0
NCT00639769_EG000,NCT00639769,37,20,2,2,20,20,0,0,9,12,14,16,0,4,4,4
NCT00640978_EG000,NCT00640978,47,47,2,2,47,47,0,0,12,24,26,31,7,18,18,15
NCT00642018_EG000,NCT00642018,137,49,2,2,49,50,0,0,14,27,38,49,1,1,1,0
NCT00642954_EG000,NCT00642954,212,58,3,3,58,59,0,0,15,35,47,58,1,1,1,0
NCT00642954_EG001,NCT00642954,212,44,3,3,44,44,0,0,15,32,38,44,0,0,0,0
NCT00642954_EG002,NCT00642954,212,27,3,3,27,27,0,0,10,21,23,27,2,2,2,0
NCT00642954_EG003,NCT00642954,212,42,3,3,42,43,0,0,13,31,36,42,1,1,1,0
NCT00642954_EG004,NCT00642954,212,158,3,3,158,163,0,0,20,67,109,158,5,5,5,0
NCT00643851_EG000,NCT00643851,25,5,2,2,5,5,0,0,3,4,5,5,0,0,0,0
NCT00645593_EG000,NCT00645593,122,33,2,2,33,36,0,0,12,11,12,13,3,22,22,22
NCT00645593_EG001,NCT00645593,122,66,3,3,66,82,0,0,14,16,17,18,8,59,59,59
NCT00649389_EG000,NCT00649389,53,8,2,2,8,8,0,0,5,6,6,8,1,1,1,0
NCT00649389_EG001,NCT00649389,53,7,2,2,7,7,0,0,5,6,6,7,0,0,0,0
NCT00649389_EG002,NCT00649389,53,9,2,2,9,9,0,0,6,7,7,9,1,1,1,0
NCT00649389_EG003,NCT00649389,53,8,3,3,8,8,0,0,5,6,6,8,1,1,1,0
NCT00653328_EG000,NCT00653328,84,75,2,2,75,84,0,0,20,37,46,53,4,22,22,17
NCT00654953_EG002,NCT00654953,13,6,2,2,6,6,0,0,5,3,3,3,0,3,3,3
NCT00656084_EG000,NCT00656084,65,63,3,3,63,65,0,0,13,23,28,33,5,35,34,30
NCT00658788_EG000,NCT00658788,9,0,2,2,0,0,0,0,0,0,0,0,0,0,0,0
NCT00659438_EG000,NCT00659438,71,37,2,2,37,39,0,0,13,24,31,36,0,1,1,1
NCT00660907_EG000,NCT00660907,90,10,2,2,10,10,0,0,6,8,9,10,0,0,0,0
NCT00660907_EG001,NCT00660907,90,12,2,2,12,12,0,0,7,10,11,12,0,0,0,0
NCT00661193_EG001,NCT00661193,109,86,3,3,86,88,0,0,16,22,25,27,5,61,61,61
NCT00661362_EG000,NCT00661362,12,1,2,2,1,1,0,0,1,1,1,1,0,0,0,0
NCT00661492_EG000,NCT00661492,140,59,2,2,59,64,0,0,14,35,47,59,3,5,5,0
NCT00661531_EG000,NCT00661531,42,41,2,2,41,42,0,0,14,26,31,37,1,7,7,4
NCT00661544_EG000,NCT00661544,1,0,3,3,0,0,0,0,0,0,0,0,0,0,0,0
NCT00661830_EG000,NCT00661830,107,48,2,2,48,50,0,0,13,30,41,47,1,1,1,0
NCT00662025_EG000,NCT00662025,95,71,2,2,71,77,0,0,17,42,58,71,4,4,4,0
NCT00663793_EG000,NCT00663793,5,4,2,2,4,4,0,0,3,1,1,2,0,3,3,2
NCT00664430_EG000,NCT00664430,7,7,2,2,7,7,0,0,4,5,5,5,0,2,2,2
NCT00665392_EG000,NCT00665392,22,13,4,4,13,15,0,0,5,9,9,12,0,3,3,1
NCT00666848_EG000,NCT00666848,1,0,2,2,0,0,0,0,0,0,0,0,0,0,0,0
NCT00666848_EG002,NCT00666848,1,0,2,2,0,0,0,0,0,0,0,0,0,0,0,0
NCT00667953_EG000,NCT00667953,7,4,2,2,4,4,0,0,3,4,4,4,0,0,0,0
NCT00668317_EG000,NCT00668317,1,0,2,2,0,0,0,0,0,0,0,0,0,0,0,0
NCT00668863_EG000,NCT00668863,106,73,2,2,73,78,0,0,15,39,55,73,3,3,3,0
NCT00669864_EG000,NCT00669864,53,4,2,2,4,4,0,0,4,4,4,4,0,0,0,0
NCT00670228_EG000,NCT00670228,65,54,2,2,54,55,0,0,14,31,39,52,4,3,3,1
NCT00672490_EG001,NCT00672490,19,17,2,2,17,17,0,0,8,13,15,16,0,1,1,1
NCT00674206_EG000,NCT00674206,7,7,2,2,7,7,0,0,5,6,6,6,0,1,1,1
NCT00676130_EG000,NCT00676130,6,5,2,2,5,5,0,0,2,3,4,5,0,0,0,0
NCT00676650_EG000,NCT00676650,297,52,2,2,52,61,0,0,13,30,43,52,1,1,1,0
NCT00676663_EG001,NCT00676663,73,45,2,2,45,45,0,0,13,23,31,40,3,8,8,5
NCT00678535_EG000,NCT00678535,292,60,3,3,60,70,0,0,14,32,51,60,1,1,1,0
NCT00678535_EG001,NCT00678535,292,55,2,2,55,62,0,0,13,30,48,55,1,1,1,0
NCT00679341_EG001,NCT00679341,125,82,2,2,82,82,0,0,17,42,61,82,3,3,3,0
NCT00679367_EG000,NCT00679367,120,106,3,3,106,120,0,0,15,43,66,84,4,29,28,23
NCT00680797_EG000,NCT00680797,1,0,2,2,0,0,0,0,0,0,0,0,0,0,0,0
NCT00680901_EG000,NCT00680901,126,28,3,3,28,31,0,0,10,17,23,28,1,1,1,0
NCT00680901_EG001,NCT00680901,126,24,2,2,24,25,0,0,8,14,19,24,1,1,1,0
NCT00688740_EG000,NCT00688740,180,57,3,3,57,58,0,0,15,27,35,41,6,19,19,17
NCT00688740_EG001,NCT00688740,180,57,3,3,57,58,0,0,15,27,35,41,6,19,19,17
NCT00689338_EG000,NCT00689338,100,18,3,3,18,18,0,0,9,14,16,18,0,0,0,0
NCT00691210_EG000,NCT00691210,333,63,2,2,63,77,0,0,11,31,38,43,0,21,22,19
NCT00691210_EG001,NCT00691210,333,55,2,2,55,59,0,0,12,22,27,34,0,25,25,21
NCT00691210_EG002,NCT00691210,333,59,2,2,59,59,0,0,8,17,21,26,1,35,36,32
NCT00691210_EG003,NCT00691210,333,129,2,2,129,147,0,0,15,36,50,67,2,66,66,58
NCT00691210_EG004,NCT00691210,333,106,2,2,106,120,0,0,14,34,46,63,2,54,55,43
NCT00691210_EG005,NCT00691210,333,66,3,3,66,69,0,0,9,23,30,40,0,33,34,26
NCT00691210_EG006,NCT00691210,333,20,3,3,20,20,0,0,6,11,14,17,0,5,5,3
NCT00691301_EG000,NCT00691301,206,111,2,2,111,116,0,0,18,31,48,59,17,60,59,55
NCT00691678_EG000,NCT00691678,15,7,2,2,7,7,0,0,2,4,6,6,0,0,0,0
NCT00691938_EG000,NCT00691938,234,49,2,2,49,49,0,0,15,24,32,38,2,14,14,11
NCT00691938_EG001,NCT00691938,234,48,2,2,48,48,0,0,14,26,32,38,2,14,14,10
NCT00691938_EG002,NCT00691938,234,33,2,2,33,33,0,0,11,18,22,27,1,9,9,6
NCT00691938_EG003,NCT00691938,234,81,2,2,81,81,0,0,17,30,47,53,5,29,29,27
NCT00691938_EG004,NCT00691938,234,78,2,2,78,78,0,0,17,32,44,54,4,28,28,24
NCT00691938_EG005,NCT00691938,234,57,2,2,57,57,0,0,14,24,32,38,3,22,22,19
NCT00691938_EG006,NCT00691938,234,124,2,2,124,124,0,0,17,56,81,102,4,25,25,20
NCT00693719_EG000,NCT00693719,72,69,2,2,69,69,0,0,14,10,12,16,20,57,56,53
NCT00696072_EG000,NCT00696072,121,70,2,2,70,72,0,0,15,36,46,60,2,11,11,1
NCT00696696_EG000,NCT00696696,82,67,3,3,67,68,0,0,12,14,21,25,10,44,43,42
NCT00697203_EG000,NCT00697203,10,0,2,2,0,0,0,0,0,0,0,0,0,0,0,0
NCT00697203_EG001,NCT00697203,10,0,2,2,0,0,0,0,0,0,0,0,0,0,0,0
NCT00697203_EG002,NCT00697203,10,0,2,2,0,0,0,0,0,0,0,0,0,0,0,0
NCT00698022_EG000,NCT00698022,2,1,2,2,1,1,0,0,1,1,1,1,0,0,0,0
NCT00699192_EG000,NCT00699192,9,0,2,2,0,0,0,0,0,0,0,0,0,0,0,0
NCT00699192_EG001,NCT00699192,9,0,2,2,0,0,0,0,0,0,0,0,0,0,0,0
NCT00700271_EG000,NCT00700271,9,0,2,2,0,0,0,0,0,0,0,0,0,0,0,0
NCT00700271_EG001,NCT00700271,9,0,2,2,0,0,0,0,0,0,0,0,0,0,0,0
NCT00700622_EG001,NCT00700622,13,7,2,2,7,7,0,0,4,4,4,6,0,0,0,0
NCT00700817_EG000,NCT00700817,78,15,2,2,15,15,0,0,8,11,13,15,0,0,0,0
NCT00700817_EG001,NCT00700817,78,15,2,2,15,15,0,0,8,11,13,15,0,0,0,0
NCT00700817_EG002,NCT00700817,78,15,2,2,15,15,0,0,8,11,13,15,0,0,0,0
NCT00701090_EG000,NCT00701090,30,2,2,2,2,2,0,0,2,2,2,2,0,0,0,0
NCT00701558_EG000,NCT00701558,11,10,2,2,10,11,0,0,7,9,10,10,0,0,0,0
NCT00705016_EG002,NCT00705016,221,83,3,3,83,96,0,0,17,40,63,83,2,2,2,0
NCT00706121_EG002,NCT00706121,14,1,2,2,1,1,0,0,1,0,0,0,0,1,1,1
NCT00706810_EG000,NCT00706810,26,26,2,2,26,26,0,0,11,16,20,21,0,5,5,4
NCT00709826_EG000,NCT00709826,80,59,3,3,59,60,0,0,14,30,47,58,2,3,3,0
NCT00709826_EG001,NCT00709826,80,51,2,2,51,51,0,0,13,26,41,50,2,3,3,0
NCT00709995_EG000,NCT00709995,118,95,2,2,95,98,0,0,17,52,75,95,5,5,5,0
NCT00709995_EG001,NCT00709995,118,47,2,2,47,48,0,0,14,33,39,47,2,2,2,0
NCT00711009_EG000,NCT00711009,68,34,2,2,34,34,0,0,11,20,28,34,0,0,0,0
NCT00711009_EG001,NCT00711009,68,35,2,2,35,35,0,0,11,20,29,35,0,0,0,0
NCT00711243_EG000,NCT00711243,60,23,3,3,23,23,0,0,9,13,16,18,1,7,6,5
NCT00711243_EG001,NCT00711243,60,21,3,3,21,21,0,0,6,13,17,19,1,4,3,2
NCT00711243_EG002,NCT00711243,60,28,3,3,28,29,0,0,9,16,20,25,1,6,6,3
NCT00711243_EG003,NCT00711243,60,17,3,3,17,17,0,0,6,9,13,17,0,2,2,0
NCT00711243_EG004,NCT00711243,60,23,3,3,23,23,0,0,11,12,15,18,0,7,7,5
NCT00712881_EG000,NCT00712881,95,65,4,4,65,66,0,0,14,34,50,65,3,3,3,0
NCT00715208_EG000,NCT00715208,107,58,5,5,58,58,0,0,19,39,52,57,2,2,2,0
NCT00715208_EG001,NCT00715208,107,51,4,4,51,51,0,0,14,35,42,51,4,5,5,0
NCT00715273_EG001,NCT00715273,31,15,2,2,15,15,0,0,9,9,9,12,1,4,4,3
NCT00717054_EG000,NCT00717054,1,1,2,2,1,1,0,0,1,1,1,1,0,0,0,0
NCT00717067_EG000,NCT00717067,34,12,3,3,12,12,0,0,5,9,12,12,0,0,0,0
NCT00717067_EG001,NCT00717067,34,17,3,3,17,17,0,0,9,13,16,17,0,0,0,0
NCT00717067_EG002,NCT00717067,34,12,3,3,12,12,0,0,7,9,11,12,0,0,0,0
NCT00718315_EG002,NCT00718315,61,9,2,2,9,14,0,0,4,3,3,4,1,11,11,10
NCT00718640_EG000,NCT00718640,41,39,2,2,39,41,0,0,13,25,33,37,0,0,0,0
NCT00719537_EG001,NCT00719537,1,0,2,2,0,0,0,0,0,0,0,0,0,0,0,0
NCT00722072_EG000,NCT00722072,8,8,2,2,8,8,0,0,5,3,5,5,1,3,3,3
NCT00723957_EG000,NCT00723957,92,35,2,2,35,37,0,0,10,20,28,35,2,2,2,0
NCT00723957_EG001,NCT00723957,92,36,2,2,36,36,0,0,11,20,28,36,2,2,2,0
NCT00724568_EG000,NCT00724568,29,25,4,4,25,25,0,0,6,7,8,8,2,17,17,17
NCT00726830_EG001,NCT00726830,1,0,2,2,0,0,0,0,0,0,0,0,0,0,0,0
NCT00726986_EG000,NCT00726986,86,74,3,3,74,86,0,0,15,21,25,26,5,55,55,54
NCT00726999_EG000,NCT00726999,1,0,2,2,0,0,0,0,0,0,0,0,0,0,0,0
NCT00729183_EG000,NCT00729183,43,15,3,3,15,15,0,0,8,11,12,15,0,0,0,0
NCT00729183_EG001,NCT00729183,43,16,2,2,16,16,0,0,7,10,13,16,0,0,0,0
NCT00729937_EG004,NCT00729937,62,11,2,2,11,12,0,0,5,8,10,11,0,0,0,0
NCT00730353_EG000,NCT00730353,141,74,2,2,74,74,0,0,15,11,13,15,9,61,60,59
NCT00734149_EG000,NCT00734149,71,28,3,3,28,29,0,0,10,5,6,7,7,22,22,22
NCT00734474_EG007,NCT00734474,159,24,2,2,24,24,0,0,9,15,20,24,0,0,0,0
NCT00734474_EG008,NCT00734474,159,19,2,2,19,19,0,0,8,13,17,19,0,0,0,0
NCT00735449_EG000,NCT00735449,2,0,2,2,0,0,0,0,0,0,0,0,0,0,0,0
NCT00735449_EG001,NCT00735449,2,0,2,2,0,0,0,0,0,0,0,0,0,0,0,0
NCT00735904_EG000,NCT00735904,46,31,3,3,31,32,0,0,11,22,25,31,2,2,2,0
NCT00738023_EG000,NCT00738023,1,1,3,3,1,1,0,0,1,0,0,0,0,1,1,1
NCT00738972_EG001,NCT00738972,1,0,2,2,0,0,0,0,0,0,0,0,0,0,0,0
NCT00741988_EG000,NCT00741988,73,31,2,2,31,32,0,0,11,16,22,25,1,8,7,6
NCT00744497_EG000,NCT00744497,427,55,2,2,55,59,0,0,14,31,44,55,3,3,3,0
NCT00744497_EG001,NCT00744497,427,54,3,3,54,65,0,0,14,30,43,54,3,3,3,0
NCT00745875_EG001,NCT00745875,38,15,2,2,15,15,0,0,8,11,11,15,1,1,1,0
NCT00748553_EG000,NCT00748553,44,27,2,2,27,27,0,0,11,16,21,26,3,4,4,1
NCT00749658_EG000,NCT00749658,1,0,2,2,0,0,0,0,0,0,0,0,0,0,0,0
NCT00750698_EG000,NCT00750698,54,36,2,2,36,36,0,0,13,21,28,35,2,3,3,1
NCT00750698_EG001,NCT00750698,54,25,2,2,25,25,0,0,11,17,21,25,1,1,1,0
NCT00751179_EG000,NCT00751179,12,7,2,2,7,7,0,0,2,2,4,7,0,0,0,0
NCT00753714_EG000,NCT00753714,74,34,2,2,34,34,0,0,10,16,21,25,2,10,10,8
NCT00754325_EG000,NCT00754325,78,38,2,2,38,43,0,0,13,23,28,36,0,4,4,0
NCT00755716_EG002,NCT00755716,18,17,2,2,17,17,0,0,7,9,9,9,2,8,8,8
NCT00756470_EG000,NCT00756470,12,8,5,5,8,12,0,0,6,5,5,6,0,2,2,2
NCT00758836_EG001,NCT00758836,3,3,2,2,3,3,0,0,3,3,3,3,0,0,0,0
NCT00758836_EG002,NCT00758836,3,3,2,2,3,3,0,0,3,3,3,3,0,0,0,0
NCT00759603_EG000,NCT00759603,56,33,2,2,33,34,0,0,12,20,25,28,0,9,9,5
NCT00759798_EG000,NCT00759798,25,3,3,3,3,3,0,0,3,3,3,3,0,0,0,0
NCT00759941_EG000,NCT00759941,1,0,2,2,0,0,0,0,0,0,0,0,0,0,0,0
NCT00761267_EG001,NCT00761267,254,105,2,2,105,108,0,0,19,54,81,105,6,5,5,0
NCT00761267_EG002,NCT00761267,254,28,2,2,28,28,0,0,13,18,22,28,0,0,0,0
NCT00762515_EG001,NCT00762515,1,0,2,2,0,0,0,0,0,0,0,0,0,0,0,0
NCT00764465_EG000,NCT00764465,12,4,2,2,4,4,0,0,2,0,0,0,2,4,4,4
NCT00764465_EG001,NCT00764465,12,3,2,2,3,3,0,0,1,0,0,1,2,3,3,2
NCT00764465_EG002,NCT00764465,12,9,3,3,9,9,0,0,3,1,1,3,6,8,8,6
NCT00764465_EG003,NCT00764465,12,8,3,3,8,8,0,0,2,0,0,1,6,8,8,7
NCT00764465_EG004,NCT00764465,12,6,3,3,6,6,0,0,2,0,0,1,4,6,6,5
NCT00764465_EG005,NCT00764465,12,6,3,3,6,6,0,0,2,0,0,1,4,6,6,5
NCT00765102_EG000,NCT00765102,73,49,2,2,49,51,0,0,13,25,39,48,2,2,2,0
NCT00765245_EG001,NCT00765245,91,62,2,2,62,62,0,0,16,27,32,37,3,28,28,25
NCT00765674_EG000,NCT00765674,15,2,2,2,2,2,0,0,1,1,1,2,1,1,1,0
NCT00765674_EG001,NCT00765674,15,2,2,2,2,2,0,0,1,1,1,2,1,1,1,0
NCT00765674_EG002,NCT00765674,15,2,2,2,2,2,0,0,1,1,1,2,1,1,1,0
NCT00765674_EG003,NCT00765674,15,2,3,3,2,2,0,0,1,1,1,2,1,1,1,0
NCT00765765_EG000,NCT00765765,19,19,2,2,19,19,0,0,8,2,2,2,7,17,17,17
NCT00766675_EG000,NCT00766675,40,11,2,2,11,11,0,0,7,8,9,10,0,1,1,1
NCT00768261_EG002,NCT00768261,1,0,2,2,0,0,0,0,0,0,0,0,0,0,0,0
NCT00768469_EG000,NCT00768469,92,50,2,2,50,50,0,0,12,30,43,50,2,0,0,0
NCT00768469_EG001,NCT00768469,92,73,2,2,73,74,0,0,15,44,61,73,2,2,2,0
NCT00768989_EG000,NCT00768989,50,32,3,3,32,32,0,0,10,19,24,32,0,0,0,0
NCT00768989_EG001,NCT00768989,50,30,2,2,30,30,0,0,11,21,26,30,0,0,0,0
NCT00769600_EG000,NCT00769600,9,6,2,2,6,6,0,0,2,2,3,5,1,2,2,1
NCT00772668_EG000,NCT00772668,1,1,4,4,1,1,0,0,1,0,0,0,0,1,1,1
NCT00773422_EG000,NCT00773422,16,9,2,2,9,9,0,0,1,2,5,7,4,5,4,2
NCT00773747_EG000,NCT00773747,204,47,2,2,47,50,0,0,14,29,38,47,1,1,1,0
NCT00773838_EG000,NCT00773838,156,58,3,3,58,63,0,0,15,34,46,58,3,3,3,0
NCT00777101_EG001,NCT00777101,114,50,2,2,50,54,0,0,12,27,42,50,0,0,0,0
NCT00778375_EG000,NCT00778375,52,12,3,3,12,13,0,0,8,9,9,10,1,2,2,2
NCT00778830_EG000,NCT00778830,162,55,2,2,55,59,0,0,17,27,42,51,0,4,4,4
NCT00778830_EG001,NCT00778830,162,59,2,2,59,61,0,0,18,29,44,55,0,4,4,4
NCT00779116_EG000,NCT00779116,1,0,2,2,0,0,0,0,0,0,0,0,0,0,0,0
NCT00779116_EG001,NCT00779116,1,0,2,2,0,0,0,0,0,0,0,0,0,0,0,0
NCT00779467_EG000,NCT00779467,1,0,2,2,0,0,0,0,0,0,0,0,0,0,0,0
NCT00779467_EG002,NCT00779467,1,0,2,2,0,0,0,0,0,0,0,0,0,0,0,0
NCT00779467_EG003,NCT00779467,1,0,2,2,0,0,0,0,0,0,0,0,0,0,0,0
NCT00779584_EG000,NCT00779584,194,39,2,2,39,42,0,0,12,23,32,39,1,1,1,0
NCT00779584_EG001,NCT00779584,194,28,2,2,28,28,0,0,14,21,23,28,2,2,2,0
NCT00779584_EG002,NCT00779584,194,57,2,2,57,58,0,0,15,34,47,56,3,2,2,0
NCT00779584_EG003,NCT00779584,194,41,2,2,41,42,0,0,11,29,35,41,3,2,2,0
NCT00779584_EG004,NCT00779584,194,54,2,2,54,54,0,0,16,33,46,54,2,2,2,0
NCT00779584_EG005,NCT00779584,194,53,2,2,53,56,0,0,15,34,44,53,1,1,1,0
NCT00779584_EG006,NCT00779584,194,51,2,2,51,55,0,0,14,32,40,50,5,5,5,0
NCT00779584_EG007,NCT00779584,194,11,2,2,11,11,0,0,6,10,10,11,0,0,0,0
NCT00779584_EG008,NCT00779584,194,23,2,2,23,23,0,0,12,18,19,23,3,3,3,0
NCT00780403_EG000,NCT00780403,1,0,2,2,0,0,0,0,0,0,0,0,0,0,0,0
NCT00780403_EG001,NCT00780403,1,0,2,2,0,0,0,0,0,0,0,0,0,0,0,0
NCT00783367_EG000,NCT00783367,47,26,3,3,26,27,0,0,13,16,22,22,1,4,4,4
NCT00784225_EG001,NCT00784225,32,1,2,2,1,1,0,0,1,0,0,0,0,1,1,1
NCT00786682_EG000,NCT00786682,35,33,2,2,33,35,0,0,10,9,9,9,10,26,26,26
NCT00787605_EG000,NCT00787605,11,2,2,2,2,2,0,0,1,1,1,2,1,1,1,0
NCT00787787_EG000,NCT00787787,15,15,2,2,15,15,0,0,9,8,9,10,0,5,5,5
NCT00789191_EG000,NCT00789191,22,14,3,3,14,14,0,0,7,9,10,14,0,2,2,0
NCT00789191_EG001,NCT00789191,22,13,3,3,13,13,0,0,7,9,10,13,0,2,2,0
NCT00789997_EG001,NCT00789997,15,4,2,2,4,4,0,0,4,3,3,4,0,1,1,0
NCT00792701_EG000,NCT00792701,54,52,2,2,52,52,0,0,11,15,16,17,3,35,35,35
NCT00793546_EG000,NCT00793546,40,31,2,2,31,31,0,0,11,19,24,29,1,1,1,0
NCT00793546_EG001,NCT00793546,40,27,2,2,27,27,0,0,11,18,22,27,0,0,0,0
NCT00794339_EG000,NCT00794339,1,0,2,2,0,0,0,0,0,0,0,0,0,0,0,0
NCT00794820_EG000,NCT00794820,20,15,3,3,15,16,0,0,6,9,11,14,2,3,3,1
NCT00795340_EG001,NCT00795340,147,70,2,2,70,78,0,0,18,29,38,40,5,33,33,33
NCT00796120_EG001,NCT00796120,113,56,2,2,56,59,0,0,15,34,50,56,2,2,2,0
NCT00797316_EG000,NCT00797316,8,1,2,2,1,1,0,0,1,1,1,1,0,0,0,0
NCT00797862_EG000,NCT00797862,41,3,3,3,3,3,0,0,2,2,2,3,1,1,1,0
NCT00797862_EG001,NCT00797862,41,3,3,3,3,3,0,0,2,2,2,3,1,1,1,0
NCT00797862_EG002,NCT00797862,41,3,3,3,3,3,0,0,2,2,2,3,1,1,1,0
NCT00797966_EG000,NCT00797966,13,7,2,2,7,7,0,0,4,6,6,7,0,0,0,0
NCT00797966_EG001,NCT00797966,13,7,2,2,7,7,0,0,5,6,6,7,0,0,0,0
NCT00797966_EG002,NCT00797966,13,8,2,2,8,8,0,0,5,7,7,8,0,0,0,0
NCT00798720_EG000,NCT00798720,19,19,2,2,19,19,0,0,8,8,11,13,2,8,8,6
NCT00799396_EG000,NCT00799396,1,0,2,2,0,0,0,0,0,0,0,0,0,0,0,0
NCT00799864_EG000,NCT00799864,66,33,6,6,33,33,0,0,12,20,27,33,0,0,0,0
NCT00800345_EG000,NCT00800345,153,58,2,2,58,58,0,0,16,37,48,58,1,1,1,0
NCT00800839_EG000,NCT00800839,123,44,3,3,44,51,0,0,15,12,11,12,2,38,39,38
NCT00801138_EG002,NCT00801138,1,0,2,2,0,0,0,0,0,0,0,0,0,0,0,0
NCT00801138_EG003,NCT00801138,1,0,2,2,0,0,0,0,0,0,0,0,0,0,0,0
NCT00802074_EG000,NCT00802074,7,5,2,2,5,5,0,0,3,1,1,1,2,4,4,4
NCT00802074_EG001,NCT00802074,7,1,2,2,1,1,0,0,1,0,0,0,0,1,1,1
NCT00802074_EG002,NCT00802074,7,3,3,3,3,3,0,0,1,0,0,0,2,3,3,3
NCT00802074_EG003,NCT00802074,7,5,3,3,5,5,0,0,3,2,2,2,1,3,3,3
NCT00802074_EG004,NCT00802074,7,3,3,3,3,3,0,0,2,0,0,0,1,3,3,3
NCT00802074_EG005,NCT00802074,7,5,3,3,5,5,0,0,3,1,1,1,2,4,4,4
NCT00802100_EG000,NCT00802100,26,21,4,4,21,21,0,0,9,8,9,13,4,12,11,8
NCT00802100_EG001,NCT00802100,26,23,4,4,23,23,0,0,9,9,11,15,4,12,11,8
NCT00802100_EG002,NCT00802100,26,25,4,4,25,25,0,0,9,10,12,16,4,13,12,9
NCT00802113_EG000,NCT00802113,1,0,2,2,0,0,0,0,0,0,0,0,0,0,0,0
NCT00802113_EG001,NCT00802113,1,0,3,3,0,0,0,0,0,0,0,0,0,0,0,0
NCT00804843_EG001,NCT00804843,16,1,2,2,1,1,0,0,1,1,1,1,0,0,0,0
NCT00804856_EG001,NCT00804856,549,51,2,2,51,51,0,0,16,34,44,51,2,2,2,0
NCT00804856_EG002,NCT00804856,549,80,2,2,80,81,0,0,17,46,64,80,4,3,3,0
NCT00804856_EG003,NCT00804856,549,156,2,2,156,162,0,0,23,77,120,156,8,7,7,0
NCT00804856_EG004,NCT00804856,549,153,2,2,153,158,0,0,20,75,111,153,9,7,7,0
NCT00804856_EG005,NCT00804856,549,119,2,2,119,122,0,0,18,58,89,119,9,8,8,0
NCT00804856_EG006,NCT00804856,549,96,2,2,96,102,0,0,18,49,71,95,6,6,6,0
NCT00804856_EG007,NCT00804856,549,48,2,2,48,49,0,0,14,26,38,48,4,4,4,0
NCT00804908_EG001,NCT00804908,142,50,2,2,50,51,0,0,12,25,38,50,3,3,3,0
NCT00804908_EG002,NCT00804908,142,49,2,2,49,52,0,0,12,26,40,49,3,3,3,0
NCT00806286_EG001,NCT00806286,105,38,2,2,38,46,0,0,9,19,27,36,5,5,5,2
NCT00810017_EG000,NCT00810017,1,0,2,2,0,0,0,0,0,0,0,0,0,0,0,0
NCT00810576_EG000,NCT00810576,1,0,2,2,0,0,0,0,0,0,0,0,0,0,0,0
NCT00810719_EG000,NCT00810719,36,26,2,2,26,27,0,0,8,16,22,26,0,1,1,0
NCT00811954_EG000,NCT00811954,304,30,3,3,30,30,0,0,9,18,22,30,0,0,0,0
NCT00811954_EG001,NCT00811954,304,29,2,2,29,29,0,0,8,17,21,29,0,0,0,0
NCT00811954_EG002,NCT00811954,304,29,3,3,29,29,0,0,8,17,21,29,0,0,0,0
NCT00813150_EG000,NCT00813150,226,56,2,2,56,57,0,0,14,28,42,56,2,2,2,0
NCT00813150_EG001,NCT00813150,226,57,3,3,57,57,0,0,15,34,47,57,1,1,1,0
NCT00814658_EG000,NCT00814658,38,22,2,2,22,22,0,0,8,11,12,16,1,7,7,6
NCT00814788_EG000,NCT00814788,37,27,2,2,27,27,0,0,10,15,20,24,1,6,6,3
NCT00815295_EG000,NCT00815295,78,36,2,2,36,36,0,0,14,22,27,33,2,4,4,2
NCT00815295_EG001,NCT00815295,78,41,2,2,41,43,0,0,16,26,35,38,2,5,5,3
NCT00815295_EG002,NCT00815295,78,43,2,2,43,44,0,0,11,30,39,41,1,2,2,2
NCT00815919_EG000,NCT00815919,9,9,2,2,9,9,0,0,6,4,4,4,0,5,5,5
NCT00818389_EG000,NCT00818389,61,40,2,2,40,40,0,0,11,15,21,24,2,18,18,16
NCT00818649_EG000,NCT00818649,49,49,2,2,49,49,0,0,16,24,31,33,1,18,18,16
NCT00819741_EG000,NCT00819741,1,0,2,2,0,0,0,0,0,0,0,0,0,0,0,0
NCT00820222_EG000,NCT00820222,121,28,2,2,28,28,0,0,10,16,23,28,0,0,0,0
NCT00820222_EG001,NCT00820222,121,29,2,2,29,31,0,0,10,17,24,29,0,0,0,0
NCT00821886_EG000,NCT00821886,71,57,3,3,57,58,0,0,13,29,44,52,3,8,8,5
NCT00824616_EG001,NCT00824616,10,5,2,2,5,5,0,0,4,4,4,5,0,0,0,0
NCT00825734_EG000,NCT00825734,75,65,2,2,65,65,0,0,14,37,53,64,3,4,4,1
NCT00826241_EG000,NCT00826241,256,115,2,2,115,118,0,0,17,21,23,24,5,93,93,93
NCT00826449_EG000,NCT00826449,100,56,2,2,56,56,0,0,16,31,41,46,4,13,12,10
NCT00828841_EG000,NCT00828841,811,114,3,3,114,120,0,0,16,53,86,114,4,4,4,0
NCT00828841_EG001,NCT00828841,811,111,4,4,111,121,0,0,18,52,80,111,4,4,4,0
NCT00831129_EG001,NCT00831129,7,2,2,2,2,2,0,0,2,0,0,0,0,2,2,2
NCT00831233_EG001,NCT00831233,23,12,2,2,12,16,0,0,8,10,11,12,0,0,0,0
NCT00832338_EG000,NCT00832338,45,26,2,2,26,26,0,0,11,14,18,22,2,7,6,4
NCT00833248_EG001,NCT00833248,20,6,2,2,6,6,0,0,5,5,5,6,0,0,0,0
NCT00833482_EG001,NCT00833482,23,10,2,2,10,10,0,0,6,8,8,10,0,0,0,0
NCT00833482_EG002,NCT00833482,23,2,2,2,2,2,0,0,2,2,2,2,0,0,0,0
NCT00833482_EG003,NCT00833482,23,15,3,3,15,15,0,0,7,12,14,15,0,0,0,0
NCT00833560_EG000,NCT00833560,138,41,3,3,41,43,0,0,12,25,34,41,2,2,2,0
NCT00837031_EG000,NCT00837031,57,46,2,2,46,46,0,0,13,24,30,34,6,14,14,12
NCT00839319_EG001,NCT00839319,7,1,2,2,1,1,0,0,1,0,0,1,0,1,1,0
NCT00839319_EG002,NCT00839319,7,3,2,2,3,3,0,0,3,2,2,2,0,1,1,1
NCT00839319_EG003,NCT00839319,7,2,2,2,2,2,0,0,2,0,0,0,0,2,2,2
NCT00839319_EG004,NCT00839319,7,1,2,2,1,1,0,0,1,0,0,0,0,1,1,1
NCT00839332_EG000,NCT00839332,170,72,2,2,72,76,0,0,17,42,57,72,5,4,4,0
NCT00839332_EG001,NCT00839332,170,67,2,2,67,69,0,0,15,38,53,67,2,2,2,0
NCT00839956_EG000,NCT00839956,8,5,2,2,5,5,0,0,3,4,5,5,0,0,0,0
NCT00840827_EG000,NCT00840827,14,14,2,2,14,14,0,0,8,9,10,11,1,3,3,3
NCT00841087_EG000,NCT00841087,2,1,2,2,1,1,0,0,1,1,1,1,0,0,0,0
NCT00841087_EG001,NCT00841087,2,1,2,2,1,1,0,0,1,1,1,1,0,0,0,0
NCT00841828_EG000,NCT00841828,16,9,4,4,9,11,0,0,5,5,6,6,0,3,3,3
NCT00842244_EG000,NCT00842244,72,66,3,3,66,72,0,0,17,41,58,65,1,1,1,0
NCT00842712_EG000,NCT00842712,233,37,4,4,37,37,0,0,14,25,32,36,2,3,3,1
NCT00843310_EG000,NCT00843310,32,32,3,3,32,32,0,0,10,9,11,13,4,21,21,19
NCT00844649_EG000,NCT00844649,292,65,2,2,65,73,0,0,13,38,54,64,2,3,3,1
NCT00847015_EG000,NCT00847015,26,24,3,3,24,26,0,0,9,9,13,14,1,10,10,10
NCT00848497_EG000,NCT00848497,1,0,2,2,0,0,0,0,0,0,0,0,0,0,0,0
NCT00848718_EG000,NCT00848718,273,48,3,3,48,48,0,0,14,27,37,48,4,4,4,0
NCT00848718_EG001,NCT00848718,273,83,3,3,83,89,0,0,18,45,62,83,3,2,2,0
NCT00848718_EG002,NCT00848718,273,55,3,3,55,58,0,0,15,34,46,54,0,0,0,0
NCT00848718_EG003,NCT00848718,273,49,3,3,49,50,0,0,10,28,39,49,0,0,0,0
NCT00848718_EG004,NCT00848718,273,53,3,3,53,55,0,0,16,36,47,52,0,0,0,0
NCT00848718_EG005,NCT00848718,273,62,3,3,62,63,0,0,13,35,47,61,2,2,2,0
NCT00848718_EG006,NCT00848718,273,27,3,3,27,27,0,0,10,18,24,27,1,1,1,0
NCT00848718_EG007,NCT00848718,273,26,3,3,26,26,0,0,15,22,25,26,0,0,0,0
NCT00848718_EG008,NCT00848718,273,40,3,3,40,41,0,0,13,26,34,40,2,2,2,0
NCT00848718_EG009,NCT00848718,273,56,2,2,56,60,0,0,16,34,44,56,3,3,3,0
NCT00848718_EG010,NCT00848718,273,33,2,2,33,35,0,0,12,21,27,33,2,2,2,0
NCT00848718_EG011,NCT00848718,273,53,2,2,53,59,0,0,17,32,47,53,0,0,0,0
NCT00848718_EG012,NCT00848718,273,72,2,2,72,79,0,0,17,42,60,72,3,3,3,0
NCT00849810_EG000,NCT00849810,1,0,2,2,0,0,0,0,0,0,0,0,0,0,0,0
NCT00853372_EG000,NCT00853372,209,115,2,2,115,119,0,0,17,49,80,115,6,5,5,0
NCT00853372_EG001,NCT00853372,209,112,2,2,112,117,0,0,19,52,82,112,6,6,6,0
NCT00855595_EG000,NCT00855595,59,3,2,2,3,3,0,0,3,3,3,3,0,0,0,0
NCT00855595_EG001,NCT00855595,59,3,2,2,3,3,0,0,2,2,2,3,1,1,1,0
NCT00856284_EG000,NCT00856284,232,21,2,2,21,21,0,0,10,15,17,21,0,0,0,0
NCT00856284_EG001,NCT00856284,232,20,2,2,20,20,0,0,10,14,16,20,0,0,0,0
NCT00856284_EG002,NCT00856284,232,22,2,2,22,22,0,0,10,16,18,22,0,0,0,0
NCT00856986_EG000,NCT00856986,110,14,2,2,14,14,1,0,8,9,12,14,0,0,0,0
NCT00856986_EG001,NCT00856986,110,14,3,3,14,14,0,0,8,9,12,14,0,0,0,0
NCT00856986_EG002,NCT00856986,110,14,2,2,14,14,0,0,8,9,12,14,0,0,0,0
NCT00856986_EG003,NCT00856986,110,11,2,2,11,11,0,0,6,7,10,11,0,0,0,0
NCT00858234_EG000,NCT00858234,80,77,2,2,77,80,0,0,13,43,63,77,1,0,0,0
NCT00859469_EG000,NCT00859469,21,13,2,2,13,18,0,0,7,9,9,9,0,7,7,7
NCT00859833_EG000,NCT00859833,1,0,2,2,0,0,0,0,0,0,0,0,0,0,0,0
NCT00859898_EG001,NCT00859898,15,3,2,2,3,3,0,0,2,3,3,3,0,0,0,0
NCT00860015_EG000,NCT00860015,2,2,2,2,2,2,0,0,2,2,2,2,0,0,0,0
NCT00860457_EG000,NCT00860457,7,7,3,3,7,7,0,0,1,0,0,0,0,7,7,7
NCT00861341_EG000,NCT00861341,1,0,2,2,0,0,0,0,0,0,0,0,0,0,0,0
NCT00861471_EG000,NCT00861471,48,46,2,2,46,48,0,0,13,18,22,26,5,21,21,19
NCT00861926_EG001,NCT00861926,306,9,2,2,9,10,0,0,4,6,7,9,0,0,0,0
NCT00862134_EG001,NCT00862134,77,15,3,3,15,17,0,0,7,11,14,15,1,1,1,0
NCT00863655_EG000,NCT00863655,485,59,2,2,59,116,0,0,12,36,48,59,2,2,2,0
NCT00865280_EG001,NCT00865280,47,14,2,2,14,14,0,0,9,11,13,14,0,0,0,0
NCT00866684_EG001,NCT00866684,2,2,4,4,2,2,0,0,2,1,1,1,0,1,1,1
NCT00867009_EG000,NCT00867009,334,84,3,3,84,92,0,0,15,46,72,84,2,2,2,0
NCT00868166_EG000,NCT00868166,119,10,2,2,10,10,0,0,6,8,10,10,0,0,0,0
NCT00869050_EG000,NCT00869050,31,13,2,2,13,13,0,0,6,8,9,11,4,4,4,2
NCT00871351_EG000,NCT00871351,10,3,2,2,3,3,0,0,3,3,3,3,0,0,0,0
NCT00875394_EG000,NCT00875394,2,0,2,2,0,0,0,0,0,0,0,0,0,0,0,0
NCT00875550_EG000,NCT00875550,94,10,4,4,10,10,0,0,6,9,10,10,0,0,0,0
NCT00875550_EG001,NCT00875550,94,9,4,4,9,9,0,0,8,9,9,9,0,0,0,0
NCT00875615_EG000,NCT00875615,3,3,3,3,3,3,0,0,1,0,0,1,1,3,3,2
NCT00876395_EG000,NCT00876395,296,85,3,3,85,90,0,0,15,43,63,85,3,3,3,0
NCT00876395_EG001,NCT00876395,296,81,2,2,81,81,0,0,15,42,60,81,3,3,3,0
NCT00877006_EG000,NCT00877006,152,55,2,2,55,58,0,0,14,28,42,55,3,3,3,0
NCT00877006_EG001,NCT00877006,152,56,5,5,56,58,0,0,14,29,42,56,3,3,3,0
NCT00878800_EG000,NCT00878800,183,14,2,2,14,16,0,0,6,9,11,13,2,2,2,0
NCT00878800_EG001,NCT00878800,183,64,2,2,64,67,0,0,16,36,49,59,2,4,4,3
NCT00878800_EG002,NCT00878800,183,64,2,2,64,68,0,0,18,35,51,61,3,3,3,1
NCT00878800_EG003,NCT00878800,183,52,2,2,52,53,0,0,15,30,43,50,4,3,3,1
NCT00878800_EG004,NCT00878800,183,88,2,2,88,95,0,0,19,44,61,84,7,5,5,0
NCT00879034_EG000,NCT00879034,1,0,3,3,0,0,0,0,0,0,0,0,0,0,0,0
NCT00879619_EG000,NCT00879619,1,1,3,3,1,1,0,0,1,1,1,1,0,0,0,0
NCT00880009_EG000,NCT00880009,58,53,2,2,53,58,0,0,17,32,40,52,3,3,3,0
NCT00880334_EG000,NCT00880334,126,15,2,2,15,17,0,0,7,9,11,11,1,5,5,5
NCT00882102_EG000,NCT00882102,5,4,2,2,4,4,0,0,2,2,2,3,0,2,2,1
NCT00882310_EG000,NCT00882310,3,1,3,3,1,1,0,0,0,0,0,0,1,1,1,1
NCT00884273_EG001,NCT00884273,37,5,2,2,5,5,0,0,5,5,5,5,0,0,0,0
NCT00885703_EG003,NCT00885703,144,47,2,2,47,48,0,0,11,26,32,47,1,1,1,0
NCT00885703_EG006,NCT00885703,144,39,2,2,39,40,0,0,11,24,32,39,0,0,0,0
NCT00887198_EG000,NCT00887198,365,57,2,2,57,59,0,0,15,29,42,56,1,1,1,0
NCT00887198_EG002,NCT00887198,365,43,2,2,43,45,0,0,13,26,35,43,1,1,1,0
NCT00887510_EG000,NCT00887510,1,1,2,2,1,1,0,0,1,0,0,0,0,1,1,1
NCT00887549_EG000,NCT00887549,121,54,2,2,54,63,0,0,13,33,43,54,3,3,3,0
NCT00887575_EG000,NCT00887575,103,71,3,3,71,76,0,0,15,42,56,68,2,4,4,2
NCT00887640_EG000,NCT00887640,85,82,2,2,82,85,0,0,16,38,50,54,2,31,31,29
NCT00887822_EG001,NCT00887822,59,29,2,2,29,29,0,0,8,18,24,29,0,0,0,0
NCT00888615_EG000,NCT00888615,166,90,2,2,90,91,0,0,16,45,72,87,1,3,3,2
NCT00890552_EG000,NCT00890552,88,46,3,3,46,47,0,0,12,21,28,34,3,17,16,12
NCT00890825_EG000,NCT00890825,77,39,2,2,39,39,0,0,10,23,29,36,2,5,5,3
NCT00890929_EG000,NCT00890929,82,49,2,2,49,51,0,0,13,29,39,42,6,8,8,7
NCT00891228_EG001,NCT00891228,116,13,2,2,13,13,0,0,8,12,12,13,0,0,0,0
NCT00891228_EG002,NCT00891228,116,9,2,2,9,9,0,0,8,8,8,9,0,0,0,0
NCT00891839_EG000,NCT00891839,99,63,2,2,63,66,0,0,16,36,52,63,4,4,4,0
NCT00891878_EG001,NCT00891878,53,41,2,2,41,41,0,0,12,27,34,40,0,0,0,0
NCT00892437_EG000,NCT00892437,55,26,3,3,26,26,0,0,13,19,21,26,1,1,1,0
NCT00892437_EG001,NCT00892437,55,23,3,3,23,23,0,0,11,18,20,23,0,0,0,0
NCT00895310_EG000,NCT00895310,16,2,2,2,2,2,0,0,2,2,2,2,0,0,0,0
NCT00895414_EG000,NCT00895414,10,6,2,2,6,6,0,0,5,5,5,5,0,1,1,1
NCT00895414_EG001,NCT00895414,10,4,2,2,4,4,0,0,2,3,4,4,0,0,0,0
NCT00900627_EG002,NCT00900627,471,11,2,2,11,11,0,0,6,9,10,11,0,0,0,0
NCT00900627_EG003,NCT00900627,471,48,2,2,48,52,0,0,15,31,42,48,2,2,2,0
NCT00901628_EG000,NCT00901628,1,0,5,5,0,0,0,0,0,0,0,0,0,0,0,0
NCT00901901_EG000,NCT00901901,482,74,2,2,74,153,0,0,14,25,35,38,21,69,67,65
NCT00901927_EG000,NCT00901927,51,45,3,3,45,51,0,0,12,27,35,41,3,7,7,4
NCT00903006_EG001,NCT00903006,68,48,2,2,48,50,0,0,15,28,35,41,1,10,9,7
NCT00903162_EG000,NCT00903162,11,11,3,3,11,11,0,0,7,7,7,9,2,3,3,2
NCT00903175_EG000,NCT00903175,389,106,2,2,106,119,0,0,16,46,76,106,5,5,5,0
NCT00903175_EG001,NCT00903175,389,106,2,2,106,121,0,0,15,47,78,106,5,5,5,0
NCT00903630_EG000,NCT00903630,60,20,2,2,20,20,0,0,10,12,16,18,1,3,3,2
NCT00903760_EG000,NCT00903760,32,20,2,2,20,20,0,0,10,9,12,12,0,8,8,8
NCT00903968_EG000,NCT00903968,135,42,2,2,42,42,0,0,14,24,30,32,1,10,10,10
NCT00903968_EG001,NCT00903968,135,34,2,2,34,36,0,0,9,20,25,28,0,7,7,6
NCT00903968_EG002,NCT00903968,135,23,2,2,23,23,0,0,14,10,11,11,2,12,12,12
NCT00903968_EG003,NCT00903968,135,29,2,2,29,30,0,0,14,16,17,19,0,10,10,10
NCT00903968_EG004,NCT00903968,135,29,2,2,29,30,0,0,12,17,20,21,0,8,8,8
NCT00903968_EG005,NCT00903968,135,27,2,2,27,28,0,0,11,17,19,20,0,7,7,7
NCT00903968_EG006,NCT00903968,135,23,2,2,23,23,0,0,7,12,15,18,2,6,6,5
NCT00903968_EG008,NCT00903968,135,59,3,3,59,64,0,0,15,27,35,40,6,22,22,20
NCT00905021_EG000,NCT00905021,16,16,2,2,16,16,0,0,10,7,8,8,0,8,8,8
NCT00907257_EG000,NCT00907257,3,0,2,2,0,0,0,0,0,0,0,0,0,0,0,0
NCT00907257_EG001,NCT00907257,3,0,2,2,0,0,0,0,0,0,0,0,0,0,0,0
NCT00907517_EG000,NCT00907517,176,46,2,2,46,46,0,0,15,31,40,46,0,0,0,0
NCT00907517_EG001,NCT00907517,176,40,2,2,40,40,0,0,15,26,34,40,2,2,2,0
NCT00907517_EG002,NCT00907517,176,84,2,2,84,84,0,0,19,51,70,84,3,3,3,0
NCT00907517_EG003,NCT00907517,176,79,2,2,79,85,0,0,19,49,63,78,3,3,3,0
NCT00907517_EG004,NCT00907517,176,59,2,2,59,60,0,0,17,36,48,58,2,2,2,0
NCT00911859_EG001,NCT00911859,191,78,3,3,78,82,0,0,16,41,59,77,4,4,4,0
NCT00915018_EG000,NCT00915018,195,68,2,2,68,71,0,0,13,34,52,68,2,2,2,0
NCT00915018_EG001,NCT00915018,195,68,2,2,68,69,0,0,14,34,50,68,2,2,2,0
NCT00915473_EG000,NCT00915473,14,1,2,2,1,1,0,0,1,0,0,0,0,1,1,1
NCT00915473_EG001,NCT00915473,14,1,2,2,1,1,0,0,1,0,0,0,0,1,1,1
NCT00916058_EG000,NCT00916058,91,18,2,2,18,18,0,0,10,15,15,16,0,3,3,2
NCT00916058_EG001,NCT00916058,91,37,2,2,37,37,0,0,11,25,32,34,0,4,4,3
NCT00916058_EG002,NCT00916058,91,21,2,2,21,21,0,0,11,15,18,19,0,3,3,2
NCT00916058_EG003,NCT00916058,91,19,2,2,19,19,0,0,8,15,17,19,0,1,1,0
NCT00916058_EG004,NCT00916058,91,20,2,2,20,20,0,0,9,12,15,17,0,4,4,3
NCT00916058_EG005,NCT00916058,91,41,2,2,41,41,0,0,12,27,35,38,0,4,4,3
NCT00916058_EG006,NCT00916058,91,65,2,2,65,66,0,0,14,39,55,62,1,5,5,3
NCT00918138_EG001,NCT00918138,2,1,2,2,1,1,0,0,1,1,1,1,0,0,0,0
NCT00919061_EG000,NCT00919061,78,46,3,3,46,53,0,0,11,26,31,38,4,8,8,7
NCT00919854_EG000,NCT00919854,25,25,2,2,25,25,0,0,9,16,19,25,0,0,0,0
NCT00920855_EG000,NCT00920855,113,34,2,2,34,34,0,0,11,23,30,34,1,0,0,0
NCT00920855_EG001,NCT00920855,113,49,2,2,49,50,0,0,17,32,41,48,1,2,2,1
NCT00920855_EG002,NCT00920855,113,62,2,2,62,63,0,0,13,34,48,60,4,5,5,2
NCT00921115_EG000,NCT00921115,79,34,2,2,34,34,0,0,15,23,27,32,2,4,4,2
NCT00921310_EG001,NCT00921310,74,49,2,2,49,49,0,0,14,24,28,32,4,20,20,17
NCT00923156_EG001,NCT00923156,12,2,2,2,2,2,0,0,2,2,2,2,0,0,0,0
NCT00923156_EG002,NCT00923156,12,2,2,2,2,2,0,0,2,2,2,2,0,0,0,0
NCT00923247_EG000,NCT00923247,131,127,2,2,127,129,0,0,19,60,94,120,2,9,9,6
NCT00924469_EG000,NCT00924469,68,30,3,3,30,31,0,0,16,24,26,30,0,0,0,0
NCT00924469_EG001,NCT00924469,68,28,3,3,28,28,0,0,13,20,22,28,2,2,2,0
NCT00925990_EG000,NCT00925990,39,25,2,2,25,25,0,0,9,14,20,25,1,1,1,0
NCT00926289_EG001,NCT00926289,1,0,2,2,0,0,0,0,0,0,0,0,0,0,0,0
NCT00926796_EG000,NCT00926796,3,3,2,2,3,3,0,0,1,2,2,3,0,0,0,0
NCT00926796_EG001,NCT00926796,3,3,2,2,3,3,0,0,1,2,2,3,0,0,0,0
NCT00927394_EG000,NCT00927394,21,1,2,2,1,1,0,0,1,1,1,1,0,0,0,0
NCT00927589_EG000,NCT00927589,117,85,3,3,85,86,0,0,16,46,70,84,3,4,4,1
NCT00928018_EG000,NCT00928018,61,23,3,3,23,25,0,0,14,12,13,14,0,10,10,9
NCT00928018_EG001,NCT00928018,61,18,4,4,18,19,0,0,14,10,11,11,0,7,7,7
NCT00928486_EG000,NCT00928486,71,52,2,2,52,52,0,0,14,32,41,52,3,3,3,0
NCT00929162_EG001,NCT00929162,78,46,2,2,46,48,0,0,13,27,38,46,1,1,1,0
NCT00931918_EG000,NCT00931918,152,72,5,5,72,74,0,0,15,37,58,72,2,2,2,0
NCT00931918_EG001,NCT00931918,152,72,6,6,72,75,0,0,15,36,56,72,2,2,2,0
NCT00932893_EG001,NCT00932893,167,57,2,2,57,57,0,0,12,29,40,57,3,3,3,0
NCT00934791_EG000,NCT00934791,1,0,3,3,0,0,0,0,0,0,0,0,0,0,0,0
NCT00934791_EG001,NCT00934791,1,0,3,3,0,0,0,0,0,0,0,0,0,0,0,0
NCT00934895_EG000,NCT00934895,70,0,2,2,0,0,70,0,0,0,0,0,0,0,0,0
NCT00934895_EG001,NCT00934895,70,0,2,2,0,0,70,0,0,0,0,0,0,0,0,0
NCT00934895_EG002,NCT00934895,70,9,2,2,9,9,0,0,6,3,3,3,1,6,6,6
NCT00934895_EG003,NCT00934895,70,30,2,2,30,30,0,0,7,9,12,14,3,18,17,16
NCT00934895_EG004,NCT00934895,70,9,2,2,9,9,0,0,5,4,4,5,0,5,5,4
NCT00934895_EG005,NCT00934895,70,0,2,2,0,0,70,0,0,0,0,0,0,0,0,0
NCT00935818_EG000,NCT00935818,28,14,2,2,14,14,0,0,4,7,7,11,6,7,7,3
NCT00936221_EG000,NCT00936221,112,70,2,2,70,70,0,0,13,32,50,66,5,6,6,1
NCT00936702_EG000,NCT00936702,113,45,3,3,45,54,0,0,13,30,40,45,0,0,0,0
NCT00937495_EG000,NCT00937495,53,43,2,2,43,53,0,0,13,23,33,42,2,2,2,0
NCT00940342_EG000,NCT00940342,18,7,2,2,7,8,0,0,4,5,5,7,1,2,2,0
NCT00940342_EG002,NCT00940342,18,4,2,2,4,4,0,0,4,4,4,4,0,0,0,0
NCT00941330_EG001,NCT00941330,48,34,2,2,34,34,0,0,13,21,25,30,7,10,9,4
NCT00942734_EG000,NCT00942734,28,27,2,2,27,27,0,0,7,12,15,18,3,11,11,9
NCT00945334_EG001,NCT00945334,2,1,2,2,1,1,0,0,1,1,1,1,0,0,0,0
NCT00946270_EG002,NCT00946270,68,9,2,2,9,10,0,0,4,7,9,9,0,0,0,0
NCT00946647_EG001,NCT00946647,500,255,2,2,255,279,0,0,22,94,168,255,20,15,15,0
NCT00946647_EG002,NCT00946647,500,180,2,2,180,186,0,0,19,78,126,180,9,8,8,0
NCT00946647_EG003,NCT00946647,500,88,2,2,88,93,0,0,16,43,64,88,7,5,5,0
NCT00947167_EG000,NCT00947167,20,20,2,2,20,20,0,0,5,9,10,14,1,8,8,6
NCT00947791_EG000,NCT00947791,1,0,2,2,0,0,0,0,0,0,0,0,0,0,0,0
NCT00947791_EG001,NCT00947791,1,0,2,2,0,0,0,0,0,0,0,0,0,0,0,0
NCT00948064_EG000,NCT00948064,104,14,2,2,14,18,0,0,5,7,8,12,1,5,5,2
NCT00948064_EG001,NCT00948064,104,28,2,2,28,33,0,0,10,16,19,24,1,7,7,3
NCT00949650_EG001,NCT00949650,162,49,2,2,49,50,0,0,12,26,38,49,3,3,3,0
NCT00953680_EG000,NCT00953680,6,2,2,2,2,2,0,0,1,2,2,2,0,0,0,0
NCT00953680_EG001,NCT00953680,6,2,2,2,2,2,0,0,1,2,2,2,0,0,0,0
NCT00953745_EG000,NCT00953745,14,12,2,2,12,12,0,0,3,6,6,7,0,6,6,4
NCT00955474_EG001,NCT00955474,17,13,4,4,13,13,0,0,6,9,8,9,0,4,5,4
NCT00955721_EG000,NCT00955721,77,74,3,3,74,77,0,0,16,40,56,64,3,13,13,10
NCT00955721_EG001,NCT00955721,77,0,3,3,0,0,77,0,0,0,0,0,0,0,0,0
NCT00955916_EG000,NCT00955916,92,82,2,2,82,82,0,0,12,11,13,18,18,69,68,64
NCT00957801_EG002,NCT00957801,1,0,2,2,0,0,0,0,0,0,0,0,0,0,0,0
NCT00958256_EG000,NCT00958256,86,86,5,5,86,86,0,0,16,45,58,75,5,17,16,11
NCT00958724_EG000,NCT00958724,56,56,2,2,56,56,0,0,14,31,44,56,2,2,2,0
NCT00959894_EG000,NCT00959894,22,9,2,2,9,9,0,0,8,8,8,8,0,1,1,1
NCT00959946_EG000,NCT00959946,53,13,2,2,13,13,0,0,8,9,12,13,0,0,0,0
NCT00959946_EG001,NCT00959946,53,15,2,2,15,15,0,0,10,12,13,15,0,0,0,0
NCT00959946_EG002,NCT00959946,53,14,2,2,14,15,0,0,8,10,13,14,0,0,0,0
NCT00959946_EG003,NCT00959946,53,20,2,2,20,21,0,0,10,15,17,20,0,0,0,0
NCT00959946_EG004,NCT00959946,53,13,2,2,13,13,0,0,7,10,12,13,0,0,0,0
NCT00959946_EG005,NCT00959946,53,31,2,2,31,31,0,0,13,20,27,31,1,1,1,0
NCT00959946_EG006,NCT00959946,53,10,2,2,10,10,0,0,5,6,10,10,0,0,0,0
NCT00959946_EG007,NCT00959946,53,13,2,2,13,13,0,0,7,8,11,13,2,2,2,0
NCT00960076_EG000,NCT00960076,6,3,2,2,3,3,0,0,2,2,3,3,0,0,0,0
NCT00960752_EG000,NCT00960752,10,7,3,3,7,7,0,0,4,6,7,7,1,0,0,0
NCT00960752_EG001,NCT00960752,10,5,2,2,5,5,0,0,4,5,5,5,1,0,0,0
NCT00960752_EG002,NCT00960752,10,10,3,3,10,10,0,0,6,8,9,10,2,1,1,0
NCT00964743_EG000,NCT00964743,12,12,2,2,12,12,0,0,7,5,5,6,1,7,7,6
NCT00965731_EG000,NCT00965731,156,84,2,2,84,85,0,0,17,43,64,84,2,2,2,0
NCT00965731_EG001,NCT00965731,156,102,2,2,102,107,0,0,16,48,78,101,5,4,4,0
NCT00966693_EG000,NCT00966693,173,62,3,3,62,62,0,0,14,28,35,42,3,23,23,20
NCT00966693_EG001,NCT00966693,173,46,3,3,46,46,0,0,12,24,29,34,2,14,14,12
NCT00966693_EG002,NCT00966693,173,88,3,3,88,88,0,0,16,37,51,64,2,28,28,24
NCT00966693_EG003,NCT00966693,173,92,3,3,92,93,0,0,16,39,52,63,4,33,33,29
NCT00967044_EG000,NCT00967044,51,42,2,2,42,47,0,0,12,19,26,32,5,16,16,10
NCT00967616_EG001,NCT00967616,66,17,2,2,17,22,0,0,6,10,12,16,1,1,1,0
NCT00968071_EG000,NCT00968071,4,4,2,2,4,4,0,0,3,2,2,3,0,2,2,1
NCT00968812_EG005,NCT00968812,168,11,2,2,11,11,0,0,6,9,10,11,0,0,0,0
NCT00972959_EG000,NCT00972959,6,6,3,3,6,6,0,0,4,2,2,2,0,4,4,4
NCT00976911_EG000,NCT00976911,103,22,3,3,22,25,0,0,10,16,21,22,0,0,0,0
NCT00977561_EG001,NCT00977561,94,43,2,2,43,44,0,0,13,26,36,43,1,1,1,0
NCT00978432_EG000,NCT00978432,88,43,2,2,43,44,0,0,11,27,35,40,2,5,5,3
NCT00978432_EG001,NCT00978432,88,30,2,2,30,30,0,0,13,20,25,29,2,3,3,1
NCT00978627_EG001,NCT00978627,49,10,2,2,10,11,0,0,4,7,8,10,1,0,0,0
NCT00980395_EG000,NCT00980395,7,5,3,3,5,5,0,0,2,5,5,5,0,0,0,0
NCT00982228_EG000,NCT00982228,85,21,2,2,21,22,0,0,8,12,16,20,0,1,1,1
NCT00982228_EG001,NCT00982228,85,21,2,2,21,22,0,0,8,12,16,20,0,1,1,1
NCT00982553_EG000,NCT00982553,1,0,2,2,0,0,0,0,0,0,0,0,0,0,0,0
NCT00988208_EG000,NCT00988208,342,60,3,3,60,67,0,0,15,33,51,60,1,1,1,0
NCT00988858_EG000,NCT00988858,53,33,2,2,33,34,0,0,11,22,29,33,1,1,1,0
NCT00989833_EG000,NCT00989833,7,3,2,2,3,3,0,0,3,3,3,3,0,0,0,0
NCT00990652_EG000,NCT00990652,45,43,2,2,43,45,0,0,9,9,10,11,2,32,32,32
NCT00993031_EG000,NCT00993031,58,17,3,3,17,18,0,0,9,9,10,11,4,7,7,6
NCT00993031_EG001,NCT00993031,58,17,3,3,17,18,0,0,8,8,8,9,4,9,9,8
NCT00993148_EG000,NCT00993148,1,0,3,3,0,0,0,0,0,0,0,0,0,0,0,0
NCT00993421_EG003,NCT00993421,46,25,2,2,25,25,0,0,11,18,22,25,0,0,0,0
NCT00993421_EG004,NCT00993421,46,22,2,2,22,22,0,0,10,16,19,22,0,0,0,0
NCT00993421_EG005,NCT00993421,46,18,2,2,18,18,0,0,9,13,16,18,0,0,0,0
NCT00993421_EG006,NCT00993421,46,14,2,2,14,14,0,0,8,11,13,14,0,0,0,0
NCT00993616_EG000,NCT00993616,46,38,2,2,38,39,0,0,14,15,22,26,3,16,15,13
NCT00993655_EG001,NCT00993655,78,45,2,2,45,45,0,0,14,26,34,40,3,5,5,4
NCT00995501_EG001,NCT00995501,2,2,2,2,2,2,0,0,1,0,0,0,0,2,2,2
NCT00997113_EG001,NCT00997113,1,1,2,2,1,1,0,0,1,1,1,1,0,0,0,0
NCT00997893_EG000,NCT00997893,1,1,2,2,1,1,0,0,1,0,0,0,0,1,1,1
NCT01000285_EG000,NCT01000285,69,68,7,7,68,69,0,0,14,33,46,52,2,19,19,16
NCT01001221_EG000,NCT01001221,112,44,2,2,44,46,0,0,14,26,35,44,2,2,2,0
NCT01001221_EG001,NCT01001221,112,46,2,2,46,47,0,0,15,30,39,45,3,3,3,1
NCT01001221_EG002,NCT01001221,112,24,2,2,24,25,0,0,9,16,22,24,1,1,1,0
NCT01001221_EG003,NCT01001221,112,51,2,2,51,53,0,0,13,25,36,48,8,8,8,3
NCT01003938_EG000,NCT01003938,34,34,2,2,34,34,0,0,10,11,13,16,3,20,20,18
NCT01003990_EG002,NCT01003990,110,19,2,2,19,19,0,0,8,15,17,19,0,0,0,0
NCT01005680_EG000,NCT01005680,45,28,2,2,28,28,0,0,9,17,23,28,0,0,0,0
NCT01005680_EG001,NCT01005680,45,28,2,2,28,28,0,0,9,17,23,28,0,0,0,0
NCT01007942_EG000,NCT01007942,221,67,3,3,67,72,0,0,12,35,49,67,3,3,3,0
NCT01007942_EG001,NCT01007942,221,66,2,2,66,66,0,0,12,35,48,66,3,3,3,0
NCT01008150_EG002,NCT01008150,172,79,5,5,79,80,0,0,15,42,64,77,2,4,4,2
NCT01009203_EG000,NCT01009203,64,63,2,2,63,64,0,0,13,23,26,30,4,35,35,34
NCT01009788_EG000,NCT01009788,150,66,2,2,66,67,0,0,16,25,36,40,2,24,24,24
NCT01009788_EG001,NCT01009788,150,65,2,2,65,65,0,0,14,26,35,40,2,25,25,25
NCT01009814_EG000,NCT01009814,36,18,2,2,18,18,0,0,9,11,14,18,0,0,0,0
NCT01009931_EG000,NCT01009931,3,3,3,3,3,3,0,0,2,0,0,0,1,3,3,3
NCT01011075_EG000,NCT01011075,16,7,2,2,7,7,0,0,6,5,6,6,0,1,1,1
NCT01014351_EG000,NCT01014351,96,68,3,3,68,71,0,0,14,19,23,25,6,45,45,44
NCT01014767_EG000,NCT01014767,1,0,4,4,0,0,0,0,0,0,0,0,0,0,0,0
NCT01015118_EG000,NCT01015118,434,60,2,2,60,66,0,0,13,34,49,60,1,1,1,0
NCT01015807_EG002,NCT01015807,1,0,2,2,0,0,0,0,0,0,0,0,0,0,0,0
NCT01016483_EG000,NCT01016483,475,67,2,2,67,73,0,0,17,37,53,67,2,2,2,0
NCT01016483_EG001,NCT01016483,475,84,2,2,84,87,0,0,13,40,65,83,4,4,4,0
NCT01016600_EG000,NCT01016600,207,99,2,2,99,101,0,0,19,46,69,88,3,15,15,11
NCT01016600_EG001,NCT01016600,207,44,2,2,44,46,0,0,12,24,34,42,3,6,6,2
NCT01016600_EG002,NCT01016600,207,74,2,2,74,80,0,0,16,36,54,68,3,9,9,5
NCT01016600_EG003,NCT01016600,207,147,2,2,147,153,0,0,18,65,99,136,6,18,18,10
NCT01017237_EG000,NCT01017237,1,0,2,2,0,0,0,0,0,0,0,0,0,0,0,0
NCT01017237_EG001,NCT01017237,1,0,3,3,0,0,0,0,0,0,0,0,0,0,0,0
NCT01017874_EG000,NCT01017874,118,55,3,3,55,58,0,0,12,25,39,55,1,1,1,0
NCT01019317_EG000,NCT01019317,7,7,2,2,7,7,0,0,4,5,5,6,0,1,1,1
NCT01020006_EG000,NCT01020006,240,81,2,2,81,84,0,0,19,46,67,81,10,7,7,0
NCT01020006_EG001,NCT01020006,240,138,2,2,138,145,0,0,21,65,97,138,9,7,7,0
NCT01020019_EG001,NCT01020019,26,22,2,2,22,22,0,0,9,13,15,19,5,8,7,3
NCT01020305_EG000,NCT01020305,37,37,2,2,37,37,0,0,12,24,27,28,2,10,10,9
NCT01020786_EG000,NCT01020786,85,58,2,2,58,59,0,0,11,32,43,58,2,1,1,0
NCT01021748_EG000,NCT01021748,256,40,2,2,40,43,0,0,12,22,32,40,1,1,1,0
NCT01021748_EG001,NCT01021748,256,21,2,2,21,21,0,0,9,16,19,21,0,0,0,0
NCT01021748_EG002,NCT01021748,256,67,2,2,67,73,0,0,15,34,51,67,2,2,2,0
NCT01021748_EG003,NCT01021748,256,38,2,2,38,38,0,0,13,27,35,38,1,1,1,0
NCT01021748_EG004,NCT01021748,256,59,2,2,59,62,0,0,13,30,46,59,2,2,2,0
NCT01021748_EG005,NCT01021748,256,32,2,2,32,32,0,0,11,17,30,32,1,1,1,0
NCT01021748_EG006,NCT01021748,256,34,2,2,34,35,0,0,13,23,29,34,0,0,0,0
NCT01021748_EG007,NCT01021748,256,46,2,2,46,46,0,0,16,29,35,45,3,3,3,0
NCT01021748_EG008,NCT01021748,256,121,2,2,121,123,0,0,16,57,89,121,2,2,2,0
NCT01023178_EG001,NCT01023178,1,0,2,2,0,0,0,0,0,0,0,0,0,0,0,0
NCT01023178_EG002,NCT01023178,1,0,2,2,0,0,0,0,0,0,0,0,0,0,0,0
NCT01023217_EG000,NCT01023217,5,1,2,2,1,1,0,0,1,1,1,1,0,0,0,0
NCT01023217_EG001,NCT01023217,5,1,3,3,1,1,0,0,1,1,1,1,0,0,0,0
NCT01023581_EG005,NCT01023581,31,11,2,2,11,11,0,0,7,9,10,11,0,0,0,0
NCT01023581_EG006,NCT01023581,31,6,2,2,6,6,0,0,4,5,6,6,0,0,0,0
NCT01025154_EG000,NCT01025154,22,14,3,3,14,16,0,0,5,6,7,9,0,6,6,5
NCT01026142_EG000,NCT01026142,141,49,2,2,49,50,0,0,14,29,41,49,2,2,2,0
NCT01026844_EG000,NCT01026844,10,8,2,2,8,10,0,0,5,8,8,8,0,0,0,0
NCT01029730_EG000,NCT01029730,90,73,3,3,73,75,0,0,16,39,56,65,3,11,11,9
NCT01033864_EG001,NCT01033864,1,0,2,2,0,0,0,0,0,0,0,0,0,0,0,0
NCT01034111_EG000,NCT01034111,2,2,2,2,2,2,0,0,2,2,2,2,0,0,0,0
NCT01035658_EG002,NCT01035658,30,17,2,2,17,17,0,0,9,10,12,14,1,3,3,3
NCT01035658_EG003,NCT01035658,30,17,2,2,17,17,0,0,9,11,14,16,1,1,1,1
NCT01036594_EG000,NCT01036594,63,35,2,2,35,35,0,0,12,9,11,13,5,24,23,22
NCT01038609_EG002,NCT01038609,9,7,2,2,7,7,0,0,4,5,6,7,0,0,0,0
NCT01038635_EG000,NCT01038635,124,19,2,2,19,20,4,0,11,12,12,12,0,8,8,7
NCT01040871_EG000,NCT01040871,99,31,5,5,31,31,0,0,13,24,27,31,1,1,1,0
NCT01040871_EG001,NCT01040871,99,26,5,5,26,26,0,0,12,20,22,26,2,2,2,0
NCT01041287_EG000,NCT01041287,1,0,2,2,0,0,0,0,0,0,0,0,0,0,0,0
NCT01041287_EG001,NCT01041287,1,1,2,2,1,1,0,0,1,0,0,1,0,1,1,0
NCT01041781_EG001,NCT01041781,224,25,3,3,25,32,0,0,9,16,21,25,1,1,1,0
NCT01044433_EG000,NCT01044433,21,20,2,2,20,20,0,0,11,11,17,18,0,2,2,2
NCT01047189_EG001,NCT01047189,1,0,2,2,0,0,0,0,0,0,0,0,0,0,0,0
NCT01048866_EG000,NCT01048866,45,4,2,2,4,4,0,0,2,4,4,4,0,0,0,0
NCT01049945_EG000,NCT01049945,179,45,3,3,45,45,0,0,14,27,37,43,1,4,4,2
NCT01049945_EG001,NCT01049945,179,50,3,3,50,53,0,0,17,27,39,47,1,3,3,2
NCT01049945_EG002,NCT01049945,179,23,3,3,23,25,0,0,10,19,21,23,0,0,0,0
NCT01049945_EG003,NCT01049945,179,44,3,3,44,46,0,0,14,28,34,42,2,5,5,2
NCT01049945_EG004,NCT01049945,179,27,3,3,27,29,0,0,11,17,23,27,0,0,0,0
NCT01049945_EG005,NCT01049945,179,62,3,3,62,68,0,0,16,34,50,60,4,6,6,2
NCT01051596_EG000,NCT01051596,35,11,2,2,11,12,0,0,4,6,8,10,0,2,2,1
NCT01052272_EG002,NCT01052272,44,19,2,2,19,19,0,0,6,1,1,2,4,18,18,17
NCT01052272_EG003,NCT01052272,44,11,2,2,11,11,0,0,5,3,3,3,2,8,8,8
NCT01054729_EG000,NCT01054729,96,40,3,3,40,40,0,0,13,26,34,40,4,3,3,0
NCT01054729_EG001,NCT01054729,96,42,3,3,42,42,0,0,12,26,38,42,4,2,2,0
NCT01054729_EG002,NCT01054729,96,48,3,3,48,50,0,0,12,28,42,48,3,2,2,0
NCT01054729_EG003,NCT01054729,96,44,2,2,44,45,0,0,15,31,39,44,5,4,4,0
NCT01056276_EG000,NCT01056276,106,67,3,3,67,67,0,0,17,39,52,62,4,6,6,2
NCT01056276_EG001,NCT01056276,106,75,3,3,75,75,0,0,17,39,60,69,3,6,6,3
NCT01056510_EG000,NCT01056510,145,33,2,2,33,35,0,0,12,20,25,33,2,2,2,0
NCT01056510_EG001,NCT01056510,145,30,2,2,30,31,0,0,12,18,24,30,2,2,2,0
NCT01056601_EG000,NCT01056601,36,36,2,2,36,36,0,0,13,21,26,33,0,6,6,3
NCT01058239_EG000,NCT01058239,21,18,2,2,18,21,0,0,8,12,16,18,0,0,0,0
NCT01058655_EG000,NCT01058655,146,23,2,2,23,24,0,0,13,12,14,14,1,9,9,9
NCT01058655_EG001,NCT01058655,146,19,2,2,19,19,0,0,7,7,12,13,1,6,6,6
NCT01058655_EG002,NCT01058655,146,30,2,2,30,32,0,0,10,17,20,21,1,9,9,9
NCT01058655_EG003,NCT01058655,146,58,2,2,58,71,0,0,13,24,33,36,4,26,26,26
NCT01059864_EG001,NCT01059864,56,4,2,2,4,4,0,0,3,3,3,4,1,1,1,0
NCT01063036_EG000,NCT01063036,17,11,2,2,11,11,0,0,5,7,10,11,0,0,0,0
NCT01063075_EG000,NCT01063075,213,15,3,3,15,15,0,0,8,11,13,15,1,1,1,0
NCT01063075_EG001,NCT01063075,213,30,3,3,30,31,0,0,12,18,26,30,1,1,1,0
NCT01064622_EG001,NCT01064622,169,73,2,2,73,87,0,0,14,38,51,63,3,12,12,10
NCT01068652_EG000,NCT01068652,28,6,3,3,6,6,0,0,4,6,6,6,0,0,0,0
NCT01069900_EG001,NCT01069900,49,7,2,2,7,7,0,0,5,5,6,7,0,0,0,0
NCT01072136_EG000,NCT01072136,3,3,2,2,3,3,0,0,1,2,3,3,0,0,0,0
NCT01072773_EG000,NCT01072773,18,18,3,3,18,18,0,0,8,10,15,18,1,1,1,0
NCT01073163_EG000,NCT01073163,86,63,2,2,63,65,0,0,15,36,51,63,2,2,2,0
NCT01074268_EG000,NCT01074268,43,12,2,2,12,13,0,0,8,9,10,12,0,0,0,0
NCT01074268_EG001,NCT01074268,43,12,2,2,12,13,0,0,8,9,10,12,0,0,0,0
NCT01074970_EG001,NCT01074970,133,64,2,2,64,66,0,0,17,16,17,18,5,46,46,46
NCT01074970_EG002,NCT01074970,133,38,2,2,38,39,0,0,14,11,12,14,5,26,26,25
NCT01075048_EG001,NCT01075048,141,53,2,2,53,56,0,0,12,30,46,53,3,3,3,0
NCT01075100_EG000,NCT01075100,58,28,2,2,28,31,0,0,9,15,22,27,1,3,3,1
NCT01075100_EG001,NCT01075100,58,31,2,2,31,31,0,0,10,17,25,30,0,3,3,1
NCT01075282_EG002,NCT01075282,111,13,3,3,13,13,0,0,6,9,12,13,0,0,0,0
NCT01076088_EG000,NCT01076088,13,1,2,2,1,1,0,0,1,1,1,1,0,0,0,0
NCT01076088_EG001,NCT01076088,13,3,2,2,3,3,0,0,2,3,3,3,0,0,0,0
NCT01078454_EG000,NCT01078454,29,16,2,2,16,20,0,0,9,11,14,16,0,0,0,0
NCT01078454_EG001,NCT01078454,29,13,3,3,13,15,0,0,8,12,13,13,0,0,0,0
NCT01078974_EG000,NCT01078974,31,31,3,3,31,31,0,0,11,22,26,30,2,3,3,1
NCT01079234_EG001,NCT01079234,38,14,2,2,14,15,0,0,6,9,10,14,0,0,0,0
NCT01080248_EG000,NCT01080248,26,26,2,2,26,26,0,0,9,16,20,23,3,6,6,3
NCT01080391_EG000,NCT01080391,452,76,2,2,76,89,0,0,14,42,60,76,5,5,5,0
NCT01080391_EG001,NCT01080391,452,76,3,3,76,88,0,0,15,42,59,76,5,5,5,0
NCT01083316_EG000,NCT01083316,47,33,3,3,33,36,0,0,16,20,25,28,1,6,6,3
NCT01084655_EG000,NCT01084655,151,64,3,3,64,66,0,0,17,40,57,64,3,3,3,0
NCT01084655_EG001,NCT01084655,151,76,3,3,76,79,0,0,17,42,62,76,2,2,2,0
NCT01084655_EG002,NCT01084655,151,67,3,3,67,70,0,0,14,36,51,67,1,1,1,0
NCT01084863_EG001,NCT01084863,79,47,2,2,47,48,0,0,13,26,35,47,3,3,3,0
NCT01084876_EG001,NCT01084876,100,42,2,2,42,43,0,0,12,25,33,42,2,2,2,0
NCT01088048_EG000,NCT01088048,483,90,2,2,90,93,0,0,17,45,64,89,2,2,2,0
NCT01088048_EG001,NCT01088048,483,88,2,2,88,97,0,0,14,42,65,87,3,3,3,0
NCT01088048_EG002,NCT01088048,483,141,2,2,141,149,0,0,18,64,103,140,6,6,6,0
NCT01088048_EG003,NCT01088048,483,118,2,2,118,122,0,0,19,56,86,117,6,4,4,0
NCT01088048_EG004,NCT01088048,483,62,3,3,62,65,0,0,16,35,48,62,4,3,3,0
NCT01088048_EG006,NCT01088048,483,134,2,2,134,142,0,0,18,64,105,133,4,3,3,0
NCT01088048_EG007,NCT01088048,483,98,2,2,98,103,0,0,16,47,74,98,4,4,4,0
NCT01088048_EG008,NCT01088048,483,136,3,3,136,146,0,0,19,59,100,136,7,7,7,0
NCT01088048_EG009,NCT01088048,483,49,3,3,49,54,0,0,17,33,39,49,2,2,2,0
NCT01088529_EG000,NCT01088529,34,24,3,3,24,24,0,0,11,19,22,24,0,0,0,0
NCT01089569_EG002,NCT01089569,5,1,2,2,1,1,0,0,1,1,1,1,0,0,0,0
NCT01091428_EG000,NCT01091428,243,128,2,2,128,130,0,0,19,57,87,127,6,5,5,0
NCT01091428_EG001,NCT01091428,243,119,2,2,119,122,0,0,22,66,95,119,4,4,4,0
NCT01091428_EG002,NCT01091428,243,73,2,2,73,77,0,0,14,36,56,73,3,3,3,0
NCT01091454_EG000,NCT01091454,141,63,2,2,63,72,0,0,17,37,49,63,3,3,3,0
NCT01093222_EG000,NCT01093222,106,73,2,2,73,81,0,0,14,40,63,73,2,2,2,0
NCT01094288_EG000,NCT01094288,248,88,2,2,88,90,0,0,15,41,63,88,3,3,3,0
NCT01094288_EG001,NCT01094288,248,127,2,2,127,132,0,0,19,60,96,126,4,4,4,0
NCT01094288_EG002,NCT01094288,248,64,2,2,64,69,0,0,14,35,51,64,2,2,2,0
NCT01094288_EG003,NCT01094288,248,36,2,2,36,39,0,0,12,27,32,36,1,1,1,0
NCT01094288_EG004,NCT01094288,248,27,2,2,27,27,0,0,10,18,22,27,0,0,0,0
NCT01094288_EG005,NCT01094288,248,31,2,2,31,33,0,0,11,20,28,31,1,1,1,0
NCT01095094_EG000,NCT01095094,58,53,2,2,53,58,0,0,14,11,16,17,7,38,38,38
NCT01096992_EG000,NCT01096992,51,13,3,3,13,14,0,0,5,8,9,13,1,3,3,0
NCT01096992_EG001,NCT01096992,51,5,3,3,5,5,0,0,3,4,4,5,0,1,1,0
NCT01096992_EG002,NCT01096992,51,14,3,3,14,17,0,0,7,10,10,11,0,5,5,4
NCT01096992_EG003,NCT01096992,51,25,3,3,25,25,0,0,8,11,14,20,2,8,8,4
NCT01096992_EG004,NCT01096992,51,17,3,3,17,19,0,0,7,10,11,15,1,5,5,2
NCT01097642_EG001,NCT01097642,6,4,2,2,4,4,0,0,3,4,4,4,0,0,0,0
NCT01099358_EG003,NCT01099358,157,77,3,3,77,79,0,0,19,46,63,77,2,2,2,0
NCT01101334_EG000,NCT01101334,38,15,2,2,15,18,0,0,7,6,7,8,2,8,8,7
NCT01102218_EG000,NCT01102218,17,6,2,2,6,8,0,0,5,3,3,3,1,4,4,4
NCT01102426_EG000,NCT01102426,190,44,2,2,44,54,0,0,12,28,36,44,2,2,2,0
NCT01103245_EG000,NCT01103245,5,3,2,2,3,3,0,0,3,2,2,2,0,1,1,1
NCT01103245_EG001,NCT01103245,5,4,3,3,4,4,0,0,4,3,3,3,0,1,1,1
NCT01103245_EG002,NCT01103245,5,3,2,2,3,3,0,0,3,2,2,2,0,1,1,1
NCT01103245_EG003,NCT01103245,5,1,3,3,1,1,0,0,1,1,1,1,0,0,0,0
NCT01103934_EG000,NCT01103934,1,0,2,2,0,0,0,0,0,0,0,0,0,0,0,0
NCT01106352_EG000,NCT01106352,198,56,2,2,56,59,0,0,16,32,47,56,1,1,1,0
NCT01108055_EG000,NCT01108055,100,50,2,2,50,50,0,0,12,20,24,30,6,25,24,20
NCT01108458_EG000,NCT01108458,3,3,2,2,3,3,0,0,2,3,3,3,0,0,0,0
NCT01108510_EG000,NCT01108510,194,42,3,3,42,42,0,0,13,26,34,42,0,0,0,0
NCT01108510_EG001,NCT01108510,194,42,3,3,42,42,0,0,13,26,34,42,0,0,0,0
NCT01109524_EG000,NCT01109524,138,95,3,3,95,99,0,0,18,48,75,95,5,5,5,0
NCT01110382_EG000,NCT01110382,20,8,2,2,8,9,0,0,3,4,6,8,0,0,0,0
NCT01110382_EG001,NCT01110382,20,9,2,2,9,9,0,0,5,7,9,9,0,0,0,0
NCT01110876_EG003,NCT01110876,123,41,3,3,41,41,0,0,15,22,25,25,0,16,16,16
NCT01111552_EG004,NCT01111552,14,5,2,2,5,5,0,0,4,5,5,5,0,0,0,0
NCT01111565_EG002,NCT01111565,51,27,2,2,27,27,0,0,10,16,20,27,1,1,1,0
NCT01115738_EG001,NCT01115738,30,5,2,2,5,5,0,0,4,5,5,5,0,0,0,0
NCT01115738_EG002,NCT01115738,30,4,2,2,4,4,0,0,3,4,4,4,0,0,0,0
NCT01115803_EG000,NCT01115803,113,23,2,2,23,23,0,0,8,16,21,23,1,1,1,0
NCT01115803_EG001,NCT01115803,113,30,2,2,30,35,0,0,10,19,24,30,2,2,2,0
NCT01115803_EG002,NCT01115803,113,31,2,2,31,32,0,0,11,19,26,31,0,0,0,0
NCT01115803_EG003,NCT01115803,113,43,2,2,43,44,0,0,14,29,35,43,2,2,2,0
NCT01115803_EG004,NCT01115803,113,26,2,2,26,26,0,0,11,21,23,26,1,1,1,0
NCT01115803_EG005,NCT01115803,113,24,2,2,24,26,0,0,10,17,21,24,0,0,0,0
NCT01115803_EG006,NCT01115803,113,31,2,2,31,31,0,0,12,22,27,31,0,0,0,0
NCT01118845_EG000,NCT01118845,202,101,2,2,101,104,0,0,13,41,63,101,4,3,3,0
NCT01118975_EG001,NCT01118975,53,4,2,2,4,4,0,0,2,3,3,4,0,0,0,0
NCT01120184_EG000,NCT01120184,293,78,3,3,78,78,0,0,15,39,57,77,4,5,5,1
NCT01123707_EG000,NCT01123707,27,4,2,2,4,4,0,0,2,3,4,4,0,0,0,0
NCT01123707_EG001,NCT01123707,27,9,2,2,9,9,0,0,4,8,8,9,0,0,0,0
NCT01123707_EG002,NCT01123707,27,10,2,2,10,10,0,0,5,8,9,10,0,0,0,0
NCT01123707_EG003,NCT01123707,27,9,2,2,9,9,0,0,5,7,8,9,0,0,0,0
NCT01123980_EG001,NCT01123980,7,1,3,3,1,1,0,0,1,1,1,1,0,0,0,0
NCT01124838_EG001,NCT01124838,48,23,2,2,23,23,0,0,10,16,19,23,1,0,0,0
NCT01125293_EG000,NCT01125293,166,20,2,2,20,23,0,0,10,8,10,10,2,11,11,11
NCT01125293_EG001,NCT01125293,166,30,2,2,30,35,0,0,11,10,14,14,1,17,17,17
NCT01125293_EG002,NCT01125293,166,35,3,3,35,40,0,0,12,13,15,17,3,21,21,21
NCT01125293_EG003,NCT01125293,166,43,3,3,43,48,0,0,13,13,16,17,4,29,29,29
NCT01125293_EG004,NCT01125293,166,66,3,3,66,72,0,0,17,27,35,35,6,34,34,34
NCT01125293_EG005,NCT01125293,166,50,3,3,50,55,0,0,17,18,21,22,7,30,30,30
NCT01125566_EG001,NCT01125566,221,55,2,2,55,57,0,0,12,28,42,55,2,2,2,0
NCT01126749_EG003,NCT01126749,268,67,2,2,67,69,0,0,16,39,54,66,4,4,4,0
NCT01127763_EG000,NCT01127763,58,31,2,2,31,33,0,0,10,5,6,8,2,26,26,25
NCT01128842_EG000,NCT01128842,46,44,2,2,44,46,0,0,14,28,37,44,0,0,0,0
NCT01128946_EG003,NCT01128946,37,2,2,2,2,2,0,0,2,2,2,2,0,0,0,0
NCT01129557_EG002,NCT01129557,4,2,2,2,2,2,0,0,2,2,2,2,0,0,0,0
NCT01130337_EG000,NCT01130337,68,44,3,3,44,45,0,0,13,27,37,44,0,0,0,0
NCT01133275_EG000,NCT01133275,74,51,2,2,51,51,0,0,13,28,35,43,3,10,10,8
NCT01136733_EG000,NCT01136733,321,80,2,2,80,85,0,0,19,45,61,80,3,3,3,0
NCT01136733_EG001,NCT01136733,321,168,2,2,168,178,0,0,19,73,114,168,6,6,6,0
NCT01136733_EG002,NCT01136733,321,20,2,2,20,20,0,0,9,15,18,20,0,0,0,0
NCT01136733_EG004,NCT01136733,321,103,2,2,103,111,0,0,14,48,74,103,3,3,3,0
NCT01136746_EG001,NCT01136746,3,2,2,2,2,2,0,0,2,2,2,2,0,0,0,0
NCT01137812_EG000,NCT01137812,52,7,3,3,7,7,0,0,4,5,6,7,0,0,0,0
NCT01137812_EG001,NCT01137812,52,7,3,3,7,7,0,0,4,5,6,7,0,0,0,0
NCT01139762_EG001,NCT01139762,238,4,2,2,4,4,0,0,4,4,4,4,0,0,0,0
NCT01139775_EG001,NCT01139775,162,77,3,3,77,77,0,0,16,42,62,77,5,3,3,0
NCT01139775_EG002,NCT01139775,162,80,2,2,80,84,0,0,15,38,59,80,5,5,5,0
NCT01144403_EG000,NCT01144403,22,21,4,4,21,22,0,0,11,10,11,12,0,10,10,9
NCT01144455_EG001,NCT01144455,159,39,2,2,39,43,0,0,12,23,32,39,2,2,2,0
NCT01144455_EG002,NCT01144455,159,44,2,2,44,48,0,0,12,25,36,44,2,2,2,0
NCT01147055_EG001,NCT01147055,7,2,2,2,2,2,0,0,1,1,2,2,0,0,0,0
NCT01149434_EG000,NCT01149434,31,8,2,2,8,9,0,0,4,5,6,8,0,1,1,0
NCT01149785_EG001,NCT01149785,13,7,2,2,7,7,0,0,5,6,7,7,0,0,0,0
NCT01151579_EG001,NCT01151579,1,1,2,2,1,1,0,0,1,1,1,1,0,0,0,0
NCT01151904_EG000,NCT01151904,3,3,2,2,3,3,0,0,2,2,2,2,0,1,1,1
NCT01154036_EG000,NCT01154036,28,0,2,2,0,0,0,0,0,0,0,0,0,0,0,0
NCT01154335_EG000,NCT01154335,67,28,2,2,28,28,0,0,9,12,16,17,6,12,11,11
NCT01154335_EG001,NCT01154335,67,42,2,2,42,42,0,0,11,16,24,28,7,14,14,14
NCT01154335_EG002,NCT01154335,67,23,2,2,23,23,0,0,8,11,15,16,1,7,7,7
NCT01154673_EG000,NCT01154673,1,1,4,4,1,1,0,0,1,1,1,1,0,0,0,0
NCT01154673_EG001,NCT01154673,1,0,2,2,0,0,0,0,0,0,0,0,0,0,0,0
NCT01158703_EG000,NCT01158703,3,3,2,2,3,3,0,0,2,0,0,0,0,3,3,3
NCT01159574_EG000,NCT01159574,146,97,3,3,97,102,0,0,13,39,59,72,2,26,25,21
NCT01160354_EG000,NCT01160354,40,11,2,2,11,11,0,0,6,6,6,7,0,4,4,4
NCT01160354_EG001,NCT01160354,40,13,2,2,13,13,0,0,10,11,12,12,0,1,1,1
NCT01160354_EG002,NCT01160354,40,30,2,2,30,31,0,0,10,13,13,14,1,16,16,16
NCT01160640_EG000,NCT01160640,20,10,2,2,10,10,0,0,4,6,6,7,0,3,3,3
NCT01160640_EG001,NCT01160640,20,10,3,3,10,10,0,0,4,6,6,7,0,3,3,3
NCT01164228_EG000,NCT01164228,88,34,2,2,34,45,0,0,12,20,26,32,1,3,3,2
NCT01166438_EG001,NCT01166438,36,21,2,2,21,21,0,0,7,9,10,13,4,9,9,8
NCT01166724_EG000,NCT01166724,6,5,2,2,5,6,0,0,3,2,2,2,3,4,4,4
NCT01166958_EG001,NCT01166958,1,0,2,2,0,0,0,0,0,0,0,0,0,0,0,0
NCT01169701_EG000,NCT01169701,48,13,2,2,13,13,0,0,7,11,12,13,1,1,1,0
NCT01169701_EG001,NCT01169701,48,23,3,3,23,23,0,0,11,18,22,23,1,1,1,0
NCT01173679_EG000,NCT01173679,82,81,3,3,81,82,0,1,17,42,59,74,5,9,9,6
NCT01175811_EG001,NCT01175811,142,4,2,2,4,4,0,0,3,3,3,4,0,0,0,0
NCT01175824_EG001,NCT01175824,199,6,2,2,6,6,0,0,3,4,5,6,0,0,0,0
NCT01178073_EG000,NCT01178073,313,53,2,2,53,57,0,0,13,27,40,53,4,4,4,0
NCT01179009_EG001,NCT01179009,19,19,2,2,19,19,0,0,4,6,7,14,12,12,11,5
NCT01179334_EG000,NCT01179334,129,101,2,2,101,108,0,0,20,53,74,101,4,4,4,0
NCT01179490_EG000,NCT01179490,57,57,2,2,57,57,0,0,11,27,38,57,2,3,3,0
NCT01184326_EG000,NCT01184326,106,28,2,2,28,33,0,0,11,18,23,25,2,4,4,4
NCT01184326_EG001,NCT01184326,106,50,2,2,50,53,0,0,14,32,41,48,1,4,4,2
NCT01184326_EG002,NCT01184326,106,69,2,2,69,75,0,0,18,39,51,65,3,8,8,4
NCT01184898_EG000,NCT01184898,246,141,4,4,141,142,0,0,17,46,71,98,42,54,53,37
NCT01185509_EG000,NCT01185509,129,75,2,2,75,83,0,0,18,40,56,70,3,8,8,5
NCT01185509_EG001,NCT01185509,129,73,2,2,73,79,0,0,16,42,54,66,3,9,9,7
NCT01186458_EG000,NCT01186458,45,45,3,3,45,45,0,0,14,8,8,9,8,37,37,36
NCT01187017_EG000,NCT01187017,2,2,2,2,2,2,0,0,1,1,1,2,0,1,1,0
NCT01187901_EG000,NCT01187901,15,15,2,2,15,15,0,0,8,10,13,13,0,2,2,2
NCT01188109_EG000,NCT01188109,8,7,2,2,7,8,0,0,4,6,6,6,1,1,1,1
NCT01188551_EG000,NCT01188551,1,0,2,2,0,0,0,0,0,0,0,0,0,0,0,0
NCT01188551_EG001,NCT01188551,1,0,2,2,0,0,0,0,0,0,0,0,0,0,0,0
NCT01188772_EG000,NCT01188772,69,51,3,3,51,51,0,0,11,27,41,50,3,2,2,0
NCT01188772_EG002,NCT01188772,69,35,2,2,35,35,0,0,10,23,31,35,4,3,3,0
NCT01188772_EG003,NCT01188772,69,30,3,3,30,30,0,0,11,19,24,30,2,2,2,0
NCT01191268_EG002,NCT01191268,212,15,2,2,15,15,0,0,6,8,10,13,1,1,1,0
NCT01193244_EG001,NCT01193244,457,47,2,2,47,49,0,0,15,28,38,47,1,1,1,0
NCT01193257_EG001,NCT01193257,371,44,2,2,44,49,0,0,13,26,36,44,1,1,1,0
NCT01193283_EG000,NCT01193283,15,15,2,2,15,15,0,0,7,11,11,11,0,4,4,4
NCT01193517_EG000,NCT01193517,59,8,3,3,8,8,0,0,4,4,5,7,0,2,2,1
NCT01193517_EG001,NCT01193517,59,46,3,3,46,47,0,0,12,15,20,25,3,23,23,21
NCT01194440_EG000,NCT01194440,23,23,2,2,23,23,0,0,8,15,19,23,2,2,2,0
NCT01194869_EG000,NCT01194869,9,5,3,3,5,5,0,0,3,4,4,4,1,1,1,1
NCT01196741_EG000,NCT01196741,33,6,2,2,6,12,0,0,3,5,6,6,0,0,0,0
NCT01199055_EG000,NCT01199055,29,18,3,3,18,18,0,0,10,14,14,17,1,2,2,1
NCT01199055_EG001,NCT01199055,29,20,3,3,20,20,0,0,10,15,16,19,2,3,3,1
NCT01199055_EG002,NCT01199055,29,22,3,3,22,24,0,0,10,17,17,22,3,3,3,0
NCT01199068_EG000,NCT01199068,118,33,2,2,33,34,0,0,12,22,26,32,2,3,3,1
NCT01199068_EG001,NCT01199068,118,49,2,2,49,57,0,0,14,27,35,48,4,5,5,1
NCT01199068_EG002,NCT01199068,118,72,2,2,72,77,0,0,16,40,55,70,5,6,6,2
NCT01199237_EG000,NCT01199237,1,0,4,4,0,0,0,0,0,0,0,0,0,0,0,0
NCT01199237_EG001,NCT01199237,1,0,4,4,0,0,0,0,0,0,0,0,0,0,0,0
NCT01199575_EG000,NCT01199575,195,104,2,2,104,105,0,0,17,40,56,75,24,41,40,29
NCT01199939_EG000,NCT01199939,17,11,3,3,11,11,0,0,6,9,10,11,0,0,0,0
NCT01202591_EG000,NCT01202591,253,70,2,2,70,70,0,0,16,37,52,70,0,0,0,0
NCT01202591_EG001,NCT01202591,253,69,2,2,69,71,0,0,15,41,54,69,2,2,2,0
NCT01202591_EG002,NCT01202591,253,116,2,2,116,121,0,0,19,59,90,116,1,1,1,0
NCT01202591_EG003,NCT01202591,253,83,2,2,83,84,0,0,14,42,59,83,2,2,2,0
NCT01202591_EG004,NCT01202591,253,65,2,2,65,65,0,0,13,29,49,62,3,4,4,1
NCT01202877_EG000,NCT01202877,57,25,2,2,25,25,0,0,14,11,14,16,1,11,11,9
NCT01202877_EG001,NCT01202877,57,19,2,2,19,19,0,0,11,11,12,13,0,7,7,6
NCT01202877_EG002,NCT01202877,57,31,2,2,31,31,0,0,13,17,18,20,1,11,11,10
NCT01203020_EG000,NCT01203020,1,1,2,2,1,1,0,0,1,1,1,1,0,0,0,0
NCT01203930_EG000,NCT01203930,127,61,2,2,61,66,0,0,14,32,46,61,4,4,4,0
NCT01204697_EG001,NCT01204697,63,21,2,2,21,22,0,0,9,15,19,21,0,0,0,0
NCT01205685_EG000,NCT01205685,49,47,4,4,47,49,0,0,14,27,32,36,1,9,9,8
NCT01206478_EG000,NCT01206478,1,0,2,2,0,0,0,0,0,0,0,0,0,0,0,0
NCT01207102_EG000,NCT01207102,53,47,2,2,47,53,0,0,16,25,33,41,4,9,9,6
NCT01209143_EG000,NCT01209143,22,16,2,2,16,16,0,0,8,12,14,16,0,0,0,0
NCT01214668_EG000,NCT01214668,239,49,2,2,49,51,0,0,16,34,42,49,4,4,4,0
NCT01214668_EG001,NCT01214668,239,50,2,2,50,50,0,0,17,31,42,49,1,1,1,0
NCT01214668_EG002,NCT01214668,239,77,2,2,77,80,0,0,17,43,67,77,4,2,2,0
NCT01214668_EG003,NCT01214668,239,88,2,2,88,90,0,0,18,48,73,87,4,3,3,0
NCT01214668_EG004,NCT01214668,239,85,2,2,85,85,0,0,18,47,72,85,4,4,4,0
NCT01214668_EG005,NCT01214668,239,70,2,2,70,75,0,0,17,43,59,70,3,2,2,0
NCT01214759_EG000,NCT01214759,14,3,2,2,3,3,0,0,3,3,3,3,0,0,0,0
NCT01215136_EG001,NCT01215136,77,35,2,2,35,38,0,0,11,24,32,34,1,3,3,2
NCT01215292_EG001,NCT01215292,12,2,3,3,2,2,0,0,2,0,0,0,0,2,2,2
NCT01215292_EG002,NCT01215292,12,4,2,2,4,4,0,0,3,1,1,1,0,3,3,3
NCT01215851_EG001,NCT01215851,38,12,2,2,12,12,0,0,7,9,10,12,0,0,0,0
NCT01215851_EG002,NCT01215851,38,10,2,2,10,10,0,0,6,8,9,10,0,0,0,0
NCT01215851_EG005,NCT01215851,38,9,2,2,9,9,0,0,8,7,7,8,1,2,2,1
NCT01216176_EG000,NCT01216176,64,28,2,2,28,28,0,0,12,18,22,25,2,6,5,3
NCT01216176_EG001,NCT01216176,64,38,2,2,38,38,0,0,16,24,30,35,2,7,6,3
NCT01217073_EG007,NCT01217073,41,3,2,2,3,3,0,0,2,3,3,3,0,0,0,0
NCT01217112_EG000,NCT01217112,79,15,2,2,15,15,0,0,10,12,12,15,1,1,1,0
NCT01217112_EG001,NCT01217112,79,26,2,2,26,27,0,0,13,23,25,26,1,0,0,0
NCT01217957_EG001,NCT01217957,167,74,3,3,74,74,0,0,16,39,58,74,2,2,2,0
NCT01218477_EG003,NCT01218477,131,17,2,2,17,17,0,0,7,12,15,17,1,1,1,0
NCT01219673_EG004,NCT01219673,1,0,2,2,0,0,0,0,0,0,0,0,0,0,0,0
NCT01219673_EG005,NCT01219673,1,0,2,2,0,0,0,0,0,0,0,0,0,0,0,0
NCT01219673_EG006,NCT01219673,1,0,2,2,0,0,0,0,0,0,0,0,0,0,0,0
NCT01219673_EG007,NCT01219673,1,0,3,3,0,0,0,0,0,0,0,0,0,0,0,0
NCT01222195_EG000,NCT01222195,4,4,2,2,4,4,0,0,4,2,2,3,0,2,2,1
NCT01222260_EG000,NCT01222260,18,12,2,2,12,12,0,0,6,6,6,7,1,6,6,5
NCT01225172_EG000,NCT01225172,90,61,2,2,61,63,0,0,15,36,51,61,1,1,1,0
NCT01225211_EG016,NCT01225211,274,35,2,2,35,36,0,0,6,16,25,35,0,0,0,0
NCT01229111_EG000,NCT01229111,135,121,4,4,121,135,0,0,21,55,84,108,2,17,17,9
NCT01229254_EG000,NCT01229254,37,13,2,2,13,13,0,0,6,8,10,13,1,1,1,0
NCT01231659_EG000,NCT01231659,95,68,2,2,68,71,0,0,14,40,53,68,2,2,2,0
NCT01232452_EG001,NCT01232452,153,52,2,2,52,53,0,0,13,28,43,52,3,3,3,0
NCT01234337_EG000,NCT01234337,168,47,2,2,47,49,0,0,12,27,36,47,1,1,1,0
NCT01234467_EG000,NCT01234467,115,58,2,2,58,64,0,0,15,31,46,58,2,2,2,0
NCT01235897_EG000,NCT01235897,66,66,3,3,66,66,0,0,13,27,34,39,5,30,29,27
NCT01239680_EG001,NCT01239680,1,0,2,2,0,0,0,0,0,0,0,0,0,0,0,0
NCT01243775_EG000,NCT01243775,5,4,2,2,4,4,0,0,3,3,3,4,0,1,1,0
NCT01243957_EG002,NCT01243957,41,25,2,2,25,25,0,0,11,16,20,25,1,1,1,0
NCT01244191_EG000,NCT01244191,257,38,2,2,38,42,0,0,11,19,29,37,2,2,2,0
NCT01246063_EG000,NCT01246063,321,57,2,2,57,58,0,0,14,31,40,49,3,10,10,8
NCT01246063_EG001,NCT01246063,321,52,2,2,52,52,0,0,12,28,39,47,1,6,6,5
NCT01246063_EG002,NCT01246063,321,113,2,2,113,117,0,0,18,46,63,89,7,28,28,24
NCT01246063_EG003,NCT01246063,321,96,2,2,96,97,0,0,17,40,56,80,8,23,23,16
NCT01246063_EG004,NCT01246063,321,108,3,3,108,110,0,0,19,49,72,92,8,20,20,15
NCT01246063_EG005,NCT01246063,321,200,3,3,200,205,0,0,21,74,113,156,10,44,44,38
NCT01248065_EG001,NCT01248065,21,8,2,2,8,8,0,0,7,0,0,0,1,8,8,8
NCT01248247_EG001,NCT01248247,88,25,2,2,25,27,0,0,8,14,17,18,0,7,7,7
NCT01248247_EG002,NCT01248247,88,23,2,2,23,24,0,0,11,13,17,18,0,6,6,5
NCT01250873_EG000,NCT01250873,42,28,2,2,28,28,0,0,13,19,25,28,1,1,1,0
NCT01252355_EG001,NCT01252355,45,13,2,2,13,13,0,0,9,11,12,13,0,0,0,0
NCT01252355_EG002,NCT01252355,45,14,2,2,14,14,0,0,9,11,13,14,0,0,0,0
NCT01253460_EG000,NCT01253460,47,45,3,3,45,47,0,0,13,21,30,38,2,15,15,7
NCT01254344_EG001,NCT01254344,17,1,2,2,1,1,0,0,1,1,1,1,0,0,0,0
NCT01254864_EG000,NCT01254864,116,24,2,2,24,24,0,0,10,17,21,24,2,2,1,0
NCT01254890_EG000,NCT01254890,52,17,2,2,17,17,0,0,7,11,11,15,0,4,4,2
NCT01258348_EG000,NCT01258348,163,18,2,2,18,19,0,0,8,14,17,18,1,0,0,0
NCT01258348_EG001,NCT01258348,163,61,2,2,61,64,0,0,13,36,47,61,4,4,4,0
NCT01258348_EG002,NCT01258348,163,26,2,2,26,28,0,0,11,19,22,26,1,1,1,0
NCT01258348_EG003,NCT01258348,163,77,2,2,77,83,0,0,16,46,68,77,3,2,2,0
NCT01258348_EG004,NCT01258348,163,77,2,2,77,78,0,0,15,48,66,76,4,2,2,0
NCT01260350_EG000,NCT01260350,269,58,2,2,58,58,0,0,14,33,49,58,4,4,4,0
NCT01260350_EG001,NCT01260350,269,63,3,3,63,63,0,0,15,36,52,63,1,1,1,0
NCT01260350_EG002,NCT01260350,269,69,3,3,69,69,0,0,16,37,48,68,5,4,4,0
NCT01260350_EG003,NCT01260350,269,76,3,3,76,76,0,0,14,38,59,76,6,4,4,0
NCT01260350_EG005,NCT01260350,269,64,3,3,64,64,0,0,16,36,53,64,6,4,4,0
NCT01260350_EG006,NCT01260350,269,47,2,2,47,47,0,0,15,28,41,47,2,2,2,0
NCT01260350_EG007,NCT01260350,269,25,2,2,25,25,0,0,11,18,21,25,1,1,1,0
NCT01260350_EG008,NCT01260350,269,16,2,2,16,16,0,0,9,14,15,16,0,0,0,0
NCT01260350_EG009,NCT01260350,269,19,2,2,19,19,0,0,10,14,17,19,1,1,1,0
NCT01260350_EG010,NCT01260350,269,36,2,2,36,36,0,0,11,21,31,36,1,0,0,0
NCT01260350_EG011,NCT01260350,269,54,3,3,54,54,0,0,13,26,42,54,2,2,2,0
NCT01260350_EG012,NCT01260350,269,41,3,3,41,41,0,0,12,22,34,41,1,1,1,0
NCT01260350_EG013,NCT01260350,269,24,3,3,24,24,0,0,12,17,20,24,0,0,0,0
NCT01260350_EG014,NCT01260350,269,20,3,3,20,20,0,0,10,14,17,20,1,1,1,0
NCT01260350_EG016,NCT01260350,269,34,2,2,34,34,0,0,13,24,31,34,1,1,1,0
NCT01260350_EG018,NCT01260350,269,46,2,2,46,46,0,0,18,27,37,45,2,3,3,0
NCT01260350_EG019,NCT01260350,269,14,2,2,14,14,0,0,8,12,12,14,1,1,1,0
NCT01260688_EG000,NCT01260688,154,95,2,2,95,101,0,0,17,45,66,88,2,7,7,5
NCT01263015_EG000,NCT01263015,171,27,2,2,27,27,0,0,9,18,22,27,0,0,0,0
NCT01263444_EG000,NCT01263444,1,0,2,2,0,0,0,0,0,0,0,0,0,0,0,0
NCT01263704_EG000,NCT01263704,43,23,3,3,23,25,0,0,8,12,17,23,3,3,3,0
NCT01266590_EG002,NCT01266590,41,15,2,2,15,15,0,0,5,8,11,15,1,1,1,0
NCT01267240_EG000,NCT01267240,122,70,2,2,70,70,0,0,17,41,56,65,2,6,6,5
NCT01268046_EG000,NCT01268046,5,2,2,2,2,2,0,0,2,2,2,2,0,0,0,0
NCT01268046_EG001,NCT01268046,5,2,2,2,2,2,0,0,2,1,1,1,0,1,1,1
NCT01268059_EG001,NCT01268059,118,54,2,2,54,54,0,0,13,32,44,54,1,1,1,0
NCT01271010_EG000,NCT01271010,24,7,3,3,7,7,0,0,4,6,6,7,0,0,0,0
NCT01272245_EG000,NCT01272245,39,11,2,2,11,14,0,0,4,8,9,10,0,3,3,1
NCT01275170_EG000,NCT01275170,16,2,2,2,2,2,0,0,1,2,2,2,1,0,0,0
NCT01275170_EG001,NCT01275170,16,1,2,2,1,1,0,0,1,1,1,1,0,0,0,0
NCT01275170_EG002,NCT01275170,16,1,5,5,1,1,0,0,1,1,1,1,0,0,0,0
NCT01278342_EG002,NCT01278342,19,6,2,2,6,6,0,0,4,6,6,6,0,0,0,0
NCT01281306_EG000,NCT01281306,9,0,2,2,0,0,0,0,0,0,0,0,0,0,0,0
NCT01281306_EG001,NCT01281306,9,0,2,2,0,0,0,0,0,0,0,0,0,0,0,0
NCT01281306_EG002,NCT01281306,9,0,2,2,0,0,0,0,0,0,0,0,0,0,0,0
NCT01281306_EG003,NCT01281306,9,0,2,2,0,0,0,0,0,0,0,0,0,0,0,0
NCT01281501_EG000,NCT01281501,6,6,3,3,6,6,0,0,4,5,5,5,0,1,1,1
NCT01281501_EG001,NCT01281501,6,3,3,3,3,3,0,0,3,2,2,2,0,1,1,1
NCT01281813_EG000,NCT01281813,39,0,2,2,0,0,0,0,0,0,0,0,0,0,0,0
NCT01281917_EG000,NCT01281917,119,97,2,2,97,103,0,0,17,46,66,83,4,13,13,10
NCT01283334_EG000,NCT01283334,18,17,3,3,17,18,0,0,8,13,16,16,0,1,1,1
NCT01283386_EG000,NCT01283386,25,13,3,3,13,13,0,0,9,12,12,13,0,0,0,0
NCT01283971_EG000,NCT01283971,20,6,3,3,6,6,0,0,3,4,5,6,0,0,0,0
NCT01284335_EG000,NCT01284335,376,69,2,2,69,71,0,0,14,42,56,69,3,3,3,0
NCT01284335_EG001,NCT01284335,376,70,2,2,70,72,0,0,18,46,59,70,4,3,3,0
NCT01284335_EG003,NCT01284335,376,57,2,2,57,58,0,0,15,32,47,57,3,3,3,0
NCT01284335_EG004,NCT01284335,376,58,2,2,58,59,0,0,16,38,50,58,2,2,2,0
NCT01284335_EG005,NCT01284335,376,55,2,2,55,55,0,0,15,34,48,55,2,1,1,0
NCT01284335_EG006,NCT01284335,376,107,2,2,107,112,0,0,19,55,85,107,4,3,3,0
NCT01284335_EG007,NCT01284335,376,50,2,2,50,51,0,0,14,32,42,50,3,3,3,0
NCT01284335_EG009,NCT01284335,376,71,2,2,71,76,0,0,17,42,61,71,4,3,3,0
NCT01284335_EG010,NCT01284335,376,71,2,2,71,76,0,0,17,42,59,71,4,3,3,0
NCT01284335_EG011,NCT01284335,376,101,2,2,101,102,0,0,18,52,81,101,6,5,5,0
NCT01284335_EG012,NCT01284335,376,104,2,2,104,110,0,0,19,52,82,104,5,6,6,0
NCT01285609_EG001,NCT01285609,365,51,2,2,51,58,0,0,12,28,39,51,2,2,2,0
NCT01285635_EG002,NCT01285635,171,86,2,2,86,88,0,0,18,48,67,82,3,10,10,4
NCT01287195_EG000,NCT01287195,3,3,2,2,3,3,0,0,3,3,3,3,0,0,0,0
NCT01289119_EG003,NCT01289119,13,1,2,2,1,1,0,0,1,1,1,1,0,0,0,0
NCT01289457_EG001,NCT01289457,82,24,3,3,24,28,0,0,8,11,13,17,0,11,11,8
NCT01289457_EG002,NCT01289457,82,24,3,3,24,27,0,0,9,12,14,18,0,9,9,6
NCT01289821_EG000,NCT01289821,110,81,4,4,81,84,0,0,19,41,60,72,3,9,9,8
NCT01290874_EG001,NCT01290874,96,2,2,2,2,3,0,0,2,2,2,2,0,0,0,0
NCT01291108_EG001,NCT01291108,16,15,2,2,15,15,0,0,1,5,10,15,0,0,0,0
NCT01291108_EG004,NCT01291108,16,10,2,2,10,10,0,0,1,5,8,10,0,0,0,0
NCT01296412_EG000,NCT01296412,40,3,3,3,3,3,0,0,2,3,3,3,0,0,0,0
NCT01296412_EG001,NCT01296412,40,5,2,2,5,5,0,0,2,4,4,5,0,0,0,0
NCT01296555_EG007,NCT01296555,637,79,2,2,79,83,0,0,16,43,63,79,2,2,2,0
NCT01296555_EG009,NCT01296555,637,149,2,2,149,158,0,0,20,74,116,149,3,3,3,0
NCT01296555_EG010,NCT01296555,637,59,2,2,59,61,0,0,14,28,45,59,2,2,2,0
NCT01296555_EG019,NCT01296555,637,46,2,2,46,46,0,0,13,30,39,46,0,0,0,0
NCT01296555_EG020,NCT01296555,637,68,2,2,68,72,0,0,16,39,55,68,1,1,1,0
NCT01296555_EG021,NCT01296555,637,114,2,2,114,115,0,0,19,52,84,114,4,4,4,0
NCT01296555_EG022,NCT01296555,637,100,2,2,100,105,0,0,19,50,78,100,3,3,3,0
NCT01296555_EG023,NCT01296555,637,87,2,2,87,89,0,0,16,42,68,87,2,2,2,0
NCT01299610_EG001,NCT01299610,10,1,2,2,1,1,0,0,1,1,1,1,0,0,0,0
NCT01299610_EG002,NCT01299610,10,5,2,2,5,5,0,0,5,5,5,5,0,0,0,0
NCT01301729_EG000,NCT01301729,39,33,3,3,33,33,0,0,9,21,26,32,3,4,4,1
NCT01301833_EG001,NCT01301833,292,20,2,2,20,20,0,0,9,14,17,20,0,0,0,0
NCT01301833_EG002,NCT01301833,292,25,2,2,25,25,0,0,9,18,20,25,0,0,0,0
NCT01302691_EG001,NCT01302691,5,1,2,2,1,1,0,0,1,1,1,1,0,0,0,0
NCT01303796_EG000,NCT01303796,122,15,2,2,15,15,79,0,9,12,14,15,0,0,0,0
NCT01303796_EG001,NCT01303796,122,84,2,2,84,95,0,0,15,48,68,84,3,3,3,0
NCT01303965_EG000,NCT01303965,164,48,3,3,48,49,0,0,14,26,35,44,3,6,6,4
NCT01303965_EG001,NCT01303965,164,112,3,3,112,152,0,0,19,54,80,101,8,20,20,12
NCT01305252_EG001,NCT01305252,9,5,2,2,5,5,0,0,3,3,3,4,2,2,2,1
NCT01305941_EG000,NCT01305941,89,71,3,3,71,71,0,0,15,39,55,64,1,6,6,5
NCT01306032_EG000,NCT01306032,43,6,2,2,6,6,0,0,3,4,5,6,0,0,0,0
NCT01306032_EG006,NCT01306032,43,0,2,2,0,0,0,0,0,0,0,0,0,0,0,0
NCT01306942_EG000,NCT01306942,55,31,3,3,31,35,0,0,11,22,25,28,1,2,2,1
NCT01306942_EG001,NCT01306942,55,26,3,3,26,32,0,0,9,19,21,25,1,2,2,1
NCT01306942_EG002,NCT01306942,55,27,3,3,27,34,0,0,10,21,23,26,1,2,2,1
NCT01307462_EG000,NCT01307462,25,5,3,3,5,5,0,0,3,4,4,4,0,0,0,0
NCT01308567_EG000,NCT01308567,290,41,2,2,41,41,0,0,14,25,36,41,1,1,1,0
NCT01308567_EG001,NCT01308567,290,40,2,2,40,42,0,0,14,26,35,40,1,1,1,0
NCT01308567_EG002,NCT01308567,290,41,2,2,41,45,0,0,14,25,36,41,1,1,1,0
NCT01308580_EG000,NCT01308580,244,28,2,2,28,29,0,0,11,18,23,28,1,1,1,0
NCT01308580_EG001,NCT01308580,244,32,2,2,32,36,0,0,12,19,27,32,1,1,1,0
NCT01309204_EG001,NCT01309204,20,0,2,2,0,0,0,0,0,0,0,0,0,0,0,0
NCT01309672_EG000,NCT01309672,98,64,2,2,64,69,0,0,18,32,42,54,2,12,12,10
NCT01310855_EG000,NCT01310855,59,39,2,2,39,44,0,0,11,20,26,28,0,10,10,10
NCT01311687_EG000,NCT01311687,342,79,2,2,79,91,0,0,16,40,57,79,4,4,4,0
NCT01312818_EG000,NCT01312818,14,14,5,5,14,14,0,0,8,8,11,12,0,2,2,2
NCT01314872_EG006,NCT01314872,57,5,2,2,5,5,0,0,3,4,5,5,0,0,0,0
NCT01314872_EG010,NCT01314872,57,4,2,2,4,4,0,0,3,4,4,4,0,0,0,0
NCT01314872_EG014,NCT01314872,57,6,2,2,6,6,0,0,3,4,5,6,0,0,0,0
NCT01315873_EG000,NCT01315873,1,0,2,2,0,0,0,0,0,0,0,0,0,0,0,0
NCT01316523_EG000,NCT01316523,92,83,2,2,83,83,0,0,19,38,53,69,7,20,20,14
NCT01317615_EG000,NCT01317615,87,48,3,3,48,53,0,0,13,26,40,48,3,3,3,0
NCT01318694_EG000,NCT01318694,156,48,3,3,48,48,0,0,15,28,39,48,3,3,3,0
NCT01318694_EG002,NCT01318694,156,46,3,3,46,46,0,0,14,27,38,46,3,3,3,0
NCT01318694_EG003,NCT01318694,156,45,2,2,45,45,0,0,13,26,37,45,3,3,3,0
NCT01318902_EG000,NCT01318902,97,41,2,2,41,45,0,0,15,26,35,41,2,2,2,0
NCT01318902_EG001,NCT01318902,97,27,2,2,27,30,0,0,11,16,24,27,0,0,0,0
NCT01323920_EG000,NCT01323920,4,2,3,3,2,2,0,0,2,2,2,2,0,0,0,0
NCT01324310_EG000,NCT01324310,45,45,2,2,45,45,0,0,16,28,36,45,3,3,3,0
NCT01327495_EG001,NCT01327495,23,11,2,2,11,11,0,0,5,3,4,4,5,8,7,7
NCT01327495_EG002,NCT01327495,23,8,2,2,8,8,0,0,2,1,2,2,5,7,6,6
NCT01327495_EG003,NCT01327495,23,7,2,2,7,7,0,0,2,2,2,2,4,5,5,5
NCT01327495_EG004,NCT01327495,23,8,2,2,8,8,0,0,3,1,1,3,3,7,7,5
NCT01327495_EG005,NCT01327495,23,8,2,2,8,8,0,0,3,1,1,1,5,7,7,7
NCT01329978_EG000,NCT01329978,63,43,3,3,43,43,0,0,11,24,35,42,4,3,3,1
NCT01332227_EG000,NCT01332227,23,8,3,3,8,8,0,0,6,6,7,8,0,0,0,0
NCT01332227_EG001,NCT01332227,23,14,3,3,14,14,0,0,10,12,13,14,0,0,0,0
NCT01332630_EG000,NCT01332630,47,33,4,4,33,47,0,0,12,17,22,24,1,14,14,11
NCT01333059_EG001,NCT01333059,3,2,2,2,2,2,0,0,2,0,0,0,0,2,2,2
NCT01335685_EG000,NCT01335685,262,76,3,3,76,80,0,0,17,38,56,76,2,2,2,0
NCT01335685_EG001,NCT01335685,262,59,3,3,59,62,0,0,15,34,52,59,0,0,0,0
NCT01335685_EG002,NCT01335685,262,59,3,3,59,60,0,0,16,34,48,59,1,1,1,0
NCT01335685_EG003,NCT01335685,262,75,3,3,75,75,0,0,15,40,54,75,2,2,2,0
NCT01335685_EG004,NCT01335685,262,58,3,3,58,61,0,0,17,42,48,58,2,2,2,0
NCT01335685_EG005,NCT01335685,262,68,3,3,68,71,0,0,17,39,55,68,2,2,2,0
NCT01335685_EG006,NCT01335685,262,48,3,3,48,48,0,0,16,32,39,48,1,1,1,0
NCT01335685_EG007,NCT01335685,262,56,3,3,56,57,0,0,15,34,47,55,3,3,3,0
NCT01340768_EG000,NCT01340768,2,1,2,2,1,1,0,0,1,1,1,1,0,0,0,0
NCT01340768_EG001,NCT01340768,2,1,2,2,1,1,0,0,1,1,1,1,0,0,0,0
NCT01341964_EG000,NCT01341964,1,0,2,2,0,0,0,0,0,0,0,0,0,0,0,0
NCT01341964_EG001,NCT01341964,1,0,2,2,0,0,0,0,0,0,0,0,0,0,0,0
NCT01345058_EG000,NCT01345058,10,10,2,2,10,10,0,0,6,7,7,7,0,3,3,3
NCT01347866_EG005,NCT01347866,249,23,2,2,23,23,0,0,9,15,20,23,0,0,0,0
NCT01347866_EG006,NCT01347866,249,38,2,2,38,38,0,0,13,19,31,38,2,2,2,0
NCT01347866_EG007,NCT01347866,249,31,2,2,31,31,0,0,12,24,28,31,0,0,0,0
NCT01347866_EG008,NCT01347866,249,45,2,2,45,45,0,0,12,24,37,45,1,1,1,0
NCT01347866_EG009,NCT01347866,249,48,2,2,48,50,0,0,13,26,39,48,1,1,1,0
NCT01347866_EG010,NCT01347866,249,37,2,2,37,38,0,0,11,20,32,37,1,1,1,0
NCT01347866_EG011,NCT01347866,249,44,2,2,44,45,0,0,14,27,36,44,2,2,2,0
NCT01347866_EG013,NCT01347866,249,61,2,2,61,61,0,0,17,34,51,61,2,2,2,0
NCT01347866_EG014,NCT01347866,249,27,2,2,27,27,0,0,11,17,22,27,0,0,0,0
NCT01347866_EG015,NCT01347866,249,22,2,2,22,23,0,0,10,15,19,22,1,1,1,0
NCT01347866_EG016,NCT01347866,249,10,2,2,10,10,0,0,5,7,10,10,0,0,0,0
NCT01348919_EG001,NCT01348919,86,47,3,3,47,47,0,0,16,30,42,47,1,1,1,0
NCT01348919_EG002,NCT01348919,86,45,3,3,45,47,0,0,13,24,33,45,3,3,3,0
NCT01349972_EG000,NCT01349972,78,9,3,3,9,9,0,0,7,6,6,8,0,1,1,1
NCT01349972_EG001,NCT01349972,78,8,2,2,8,8,0,0,7,7,7,7,0,1,1,1
NCT01351350_EG002,NCT01351350,266,93,2,2,93,96,0,0,17,46,74,92,3,4,4,1
NCT01351415_EG001,NCT01351415,220,56,3,3,56,59,0,0,14,29,44,56,2,2,2,0
NCT01351753_EG001,NCT01351753,1,0,2,2,0,0,0,0,0,0,0,0,0,0,0,0
NCT01351753_EG002,NCT01351753,1,0,2,2,0,0,0,0,0,0,0,0,0,0,0,0
NCT01351753_EG004,NCT01351753,1,0,3,3,0,0,0,0,0,0,0,0,0,0,0,0
NCT01352715_EG000,NCT01352715,75,30,2,2,30,30,0,0,6,16,21,30,0,0,0,0
NCT01352715_EG001,NCT01352715,75,29,7,7,29,29,0,0,5,15,20,29,0,0,0,0
NCT01353508_EG000,NCT01353508,8,4,2,2,4,4,0,0,3,3,3,4,0,0,0,0
NCT01353508_EG001,NCT01353508,8,1,2,2,1,1,0,0,1,1,1,1,0,0,0,0
NCT01353508_EG002,NCT01353508,8,1,2,2,1,1,0,0,1,1,1,1,0,0,0,0
NCT01353508_EG003,NCT01353508,8,3,2,2,3,3,0,0,3,3,3,3,0,0,0,0
NCT01357161_EG002,NCT01357161,169,67,2,2,67,68,0,0,18,37,52,67,2,2,2,0
NCT01358877_EG001,NCT01358877,600,73,8,8,73,75,0,0,15,37,55,73,2,2,2,0
NCT01359956_EG000,NCT01359956,5,5,2,2,5,5,0,0,2,3,3,3,0,2,2,2
NCT01359956_EG003,NCT01359956,5,4,2,2,4,4,0,0,2,2,2,2,0,2,2,2
NCT01367275_EG000,NCT01367275,45,44,2,2,44,45,0,0,12,23,32,41,4,7,7,3
NCT01368536_EG001,NCT01368536,3,3,2,2,3,3,0,0,2,3,3,3,0,0,0,0
NCT01368536_EG002,NCT01368536,3,2,2,2,2,2,0,0,1,2,2,2,0,0,0,0
NCT01370408_EG000,NCT01370408,62,62,3,3,62,62,0,0,13,27,40,50,0,14,14,10
NCT01373164_EG001,NCT01373164,191,51,2,2,51,52,0,0,14,31,37,51,5,5,5,0
NCT01373164_EG002,NCT01373164,191,32,2,2,32,33,0,0,9,20,26,32,1,1,1,0
NCT01374217_EG000,NCT01374217,51,51,4,4,51,51,0,0,9,25,32,40,2,16,16,11
NCT01375075_EG005,NCT01375075,58,2,2,2,2,2,0,0,2,2,2,2,0,0,0,0
NCT01375140_EG000,NCT01375140,43,20,3,3,20,20,0,0,9,10,13,14,1,7,7,6
NCT01375374_EG000,NCT01375374,10,10,2,2,10,10,0,0,5,9,9,10,0,0,0,0
NCT01376297_EG000,NCT01376297,92,20,2,2,20,20,0,0,8,15,18,20,0,0,0,0
NCT01376297_EG001,NCT01376297,92,19,3,3,19,20,0,0,8,15,18,19,0,0,0,0
NCT01377480_EG002,NCT01377480,29,12,2,2,12,12,0,0,6,7,10,11,0,1,1,1
NCT01378377_EG000,NCT01378377,218,40,2,2,40,43,0,0,14,31,34,40,2,2,2,0
NCT01378377_EG001,NCT01378377,218,64,2,2,64,69,0,0,15,38,52,64,5,5,5,0
NCT01378377_EG002,NCT01378377,218,55,2,2,55,59,0,0,16,34,48,55,2,1,1,0
NCT01381900_EG000,NCT01381900,16,2,2,2,2,2,0,0,2,2,2,2,0,0,0,0
NCT01382940_EG000,NCT01382940,29,2,5,5,2,2,0,0,2,2,2,2,0,0,0,0
NCT01383928_EG002,NCT01383928,221,120,3,3,120,120,0,0,18,54,84,119,5,5,5,0
NCT01388790_EG000,NCT01388790,98,80,3,3,80,82,0,0,17,36,59,79,1,2,2,0
NCT01391013_EG000,NCT01391013,11,10,2,2,10,10,0,0,7,8,9,10,0,0,0,0
NCT01391130_EG000,NCT01391130,139,74,2,2,74,75,0,0,16,38,60,74,6,5,5,0
NCT01393730_EG000,NCT01393730,108,50,3,3,50,52,0,0,17,13,16,19,1,33,33,33
NCT01394016_EG018,NCT01394016,591,160,2,2,160,167,5,0,21,78,125,160,4,3,3,0
NCT01396005_EG000,NCT01396005,17,12,2,2,12,12,0,0,6,8,11,12,0,0,0,0
NCT01396005_EG001,NCT01396005,17,11,2,2,11,11,0,0,7,9,10,10,0,0,0,0
NCT01396486_EG002,NCT01396486,26,14,2,2,14,14,0,0,7,4,4,5,3,10,10,9
NCT01397825_EG000,NCT01397825,165,102,2,2,102,109,0,0,18,56,78,102,4,3,3,0
NCT01397825_EG001,NCT01397825,165,27,3,3,27,27,0,0,13,21,23,27,1,1,1,0
NCT01397825_EG002,NCT01397825,165,57,3,3,57,59,0,0,15,34,49,57,2,2,2,0
NCT01397825_EG003,NCT01397825,165,44,3,3,44,47,0,0,12,26,34,44,3,3,3,0
NCT01397890_EG000,NCT01397890,94,3,2,2,3,3,0,0,2,3,3,3,0,0,0,0
NCT01400412_EG000,NCT01400412,23,9,4,4,9,9,0,0,1,5,5,9,0,0,0,0
NCT01400412_EG001,NCT01400412,23,10,4,4,10,10,0,0,1,6,6,10,0,0,0,0
NCT01401959_EG002,NCT01401959,75,51,2,2,51,51,0,0,14,34,43,50,2,3,3,1
NCT01402284_EG000,NCT01402284,216,110,3,3,110,123,0,0,18,56,81,104,7,12,12,6
NCT01403051_EG000,NCT01403051,35,14,3,3,14,14,0,0,2,7,7,14,0,0,0,0
NCT01410448_EG000,NCT01410448,139,24,3,3,24,26,0,0,9,17,21,24,1,1,1,0
NCT01412229_EG000,NCT01412229,66,47,3,3,47,47,0,0,10,26,36,42,1,3,3,3
NCT01421147_EG000,NCT01421147,68,13,2,2,13,13,0,0,7,10,11,13,0,0,0,0
NCT01421147_EG001,NCT01421147,68,11,2,2,11,11,0,0,6,7,9,11,0,0,0,0
NCT01423604_EG001,NCT01423604,201,60,2,2,60,66,0,0,14,36,50,59,1,1,1,0
NCT01424930_EG000,NCT01424930,150,69,2,2,69,74,0,0,20,41,56,68,3,3,3,0
NCT01424930_EG001,NCT01424930,150,116,2,2,116,123,0,0,19,62,87,116,4,4,4,0
NCT01426438_EG000,NCT01426438,23,20,2,2,20,20,0,0,7,13,16,20,0,0,0,0
NCT01427595_EG000,NCT01427595,12,3,3,3,3,3,0,0,2,3,3,3,0,0,0,0
NCT01428063_EG000,NCT01428063,58,20,2,2,20,20,0,0,8,13,17,20,0,0,0,0
NCT01428193_EG000,NCT01428193,1,1,3,3,1,1,0,0,1,0,0,0,0,1,1,1
NCT01428245_EG000,NCT01428245,1,0,2,2,0,0,0,0,0,0,0,0,0,0,0,0
NCT01429272_EG001,NCT01429272,1,0,2,2,0,0,0,0,0,0,0,0,0,0,0,0
NCT01430104_EG000,NCT01430104,7,0,3,3,0,0,0,0,0,0,0,0,0,0,0,0
NCT01431794_EG004,NCT01431794,29,0,2,2,0,0,29,0,0,0,0,0,0,0,0,0
NCT01432145_EG000,NCT01432145,43,20,2,2,20,22,0,0,10,13,16,20,0,0,0,0
NCT01432405_EG000,NCT01432405,1,0,2,2,0,0,0,0,0,0,0,0,0,0,0,0
NCT01432600_EG000,NCT01432600,224,70,3,3,70,79,0,0,18,40,57,64,2,8,8,6
NCT01432600_EG001,NCT01432600,224,72,2,2,72,75,0,0,17,36,53,64,4,11,11,8
NCT01432600_EG002,NCT01432600,224,66,3,3,66,70,0,0,15,33,45,56,3,12,12,10
NCT01436643_EG001,NCT01436643,63,30,2,2,30,31,0,0,13,23,28,30,0,0,0,0
NCT01436643_EG002,NCT01436643,63,21,2,2,21,21,0,0,10,15,18,21,1,1,1,0
NCT01436643_EG003,NCT01436643,63,26,2,2,26,26,0,0,10,20,25,26,1,1,1,0
NCT01436799_EG001,NCT01436799,1,0,3,3,0,0,0,0,0,0,0,0,0,0,0,0
NCT01437449_EG000,NCT01437449,71,20,4,4,20,21,0,0,10,14,15,17,0,3,3,3
NCT01438177_EG000,NCT01438177,57,57,3,3,57,57,0,0,12,16,19,21,5,38,37,36
NCT01438814_EG000,NCT01438814,17,4,2,2,4,4,0,0,2,3,4,4,0,0,0,0
NCT01439282_EG000,NCT01439282,232,64,2,2,64,65,0,0,13,38,55,64,2,2,2,0
NCT01439282_EG001,NCT01439282,232,50,2,2,50,51,0,0,13,29,41,50,4,4,4,0
NCT01439555_EG000,NCT01439555,1,0,3,3,0,0,0,0,0,0,0,0,0,0,0,0
NCT01439568_EG000,NCT01439568,105,73,3,3,73,74,0,0,15,41,58,73,4,3,3,0
NCT01439568_EG001,NCT01439568,105,53,2,2,53,53,0,0,13,32,45,53,1,1,1,0
NCT01441596_EG001,NCT01441596,156,76,2,2,76,81,0,0,15,37,60,76,2,2,2,0
NCT01441635_EG004,NCT01441635,86,11,2,2,11,11,0,0,7,10,11,11,0,0,0,0
NCT01441635_EG009,NCT01441635,86,8,3,3,8,8,0,0,6,7,8,8,0,0,0,0
NCT01441947_EG001,NCT01441947,241,89,2,2,89,90,0,0,15,42,60,77,4,13,13,10
NCT01442714_EG000,NCT01442714,76,30,2,2,30,30,0,0,8,9,9,14,4,20,20,16
NCT01444742_EG000,NCT01444742,47,13,2,2,13,14,0,0,7,9,11,12,0,3,3,1
NCT01450696_EG000,NCT01450696,89,26,3,3,26,27,0,0,9,16,19,25,1,1,1,0
NCT01450696_EG001,NCT01450696,89,24,3,3,24,25,0,0,7,14,18,23,1,1,1,0
NCT01451203_EG001,NCT01451203,57,25,2,2,25,25,0,0,9,15,22,25,0,0,0,0
NCT01451645_EG001,NCT01451645,8,4,2,2,4,4,0,0,2,3,3,4,0,0,0,0
NCT01454284_EG000,NCT01454284,118,21,2,2,21,21,0,0,9,14,18,21,1,0,0,0
NCT01454284_EG001,NCT01454284,118,18,2,2,18,18,0,0,7,10,14,18,0,0,0,0
NCT01459614_EG000,NCT01459614,58,39,4,4,39,39,0,0,11,23,30,35,1,6,6,4
NCT01459614_EG001,NCT01459614,58,37,4,4,37,37,0,0,12,21,27,35,4,7,7,2
NCT01459718_EG000,NCT01459718,86,78,2,2,78,86,0,0,17,42,58,78,3,3,3,0
NCT01460381_EG002,NCT01460381,15,6,2,2,6,6,0,0,4,6,6,6,0,0,0,0
NCT01460654_EG002,NCT01460654,24,12,2,2,12,12,0,0,7,8,8,8,0,4,4,4
NCT01460940_EG000,NCT01460940,19,8,2,2,8,11,0,0,4,4,5,6,0,4,4,3
NCT01463111_EG000,NCT01463111,32,10,3,3,10,10,0,0,8,6,7,7,0,3,3,3
NCT01464827_EG000,NCT01464827,69,28,5,5,28,28,0,0,11,17,23,28,1,1,1,0
NCT01464827_EG001,NCT01464827,69,25,4,4,25,25,0,0,9,14,21,24,1,1,1,0
NCT01464827_EG003,NCT01464827,69,24,4,4,24,24,0,0,8,13,17,24,1,1,1,0
NCT01464827_EG006,NCT01464827,69,31,4,4,31,31,0,0,10,19,26,30,1,1,1,0
NCT01465802_EG001,NCT01465802,209,72,2,2,72,77,0,0,14,33,57,72,1,1,1,0
NCT01466153_EG000,NCT01466153,167,81,2,2,81,83,0,0,16,38,58,81,3,3,3,0
NCT01468532_EG000,NCT01468532,17,16,3,3,16,17,0,0,9,12,13,16,1,3,3,0
NCT01468922_EG000,NCT01468922,150,56,2,2,56,60,0,0,17,29,39,51,0,5,5,5
NCT01468922_EG001,NCT01468922,150,46,2,2,46,47,0,0,14,30,40,46,0,0,0,0
NCT01468922_EG002,NCT01468922,150,25,2,2,25,25,0,0,12,19,21,23,1,3,3,2
NCT01468922_EG003,NCT01468922,150,16,2,2,16,16,0,0,8,12,13,15,0,1,1,1
NCT01468922_EG004,NCT01468922,150,35,2,2,35,37,0,0,15,24,29,35,0,0,0,0
NCT01468922_EG005,NCT01468922,150,18,2,2,18,18,0,0,11,13,13,17,0,1,1,1
NCT01468922_EG006,NCT01468922,150,15,2,2,15,15,0,0,9,11,12,15,0,0,0,0
NCT01468922_EG007,NCT01468922,150,95,2,2,95,108,0,0,17,45,64,88,2,10,10,6
NCT01468987_EG000,NCT01468987,168,14,2,2,14,14,0,0,6,9,12,14,0,0,0,0
NCT01468987_EG001,NCT01468987,168,17,2,2,17,17,0,0,8,10,13,17,1,1,1,0
NCT01469000_EG000,NCT01469000,422,99,2,2,99,99,0,0,15,46,66,99,5,5,5,0
NCT01470196_EG000,NCT01470196,21,12,3,3,12,12,0,0,7,9,9,11,1,2,2,1
NCT01473732_EG000,NCT01473732,2,2,2,2,2,2,0,0,2,1,1,1,0,1,1,1
NCT01473732_EG001,NCT01473732,2,0,2,2,0,0,2,0,0,0,0,0,0,0,0,0
NCT01473836_EG000,NCT01473836,63,15,2,2,15,15,0,0,7,9,14,15,1,0,0,0
NCT01474915_EG000,NCT01474915,4,1,3,3,1,1,0,0,1,0,0,0,0,1,1,1
NCT01474915_EG001,NCT01474915,4,0,3,3,0,0,0,0,0,0,0,0,0,0,0,0
NCT01476787_EG000,NCT01476787,379,68,2,2,68,71,0,0,13,33,51,68,2,2,2,0
NCT01479764_EG001,NCT01479764,25,7,2,2,7,7,0,0,4,5,5,7,0,0,0,0
NCT01479829_EG000,NCT01479829,1,0,2,2,0,0,0,0,0,0,0,0,0,0,0,0
NCT01481779_EG000,NCT01481779,88,17,2,2,17,17,0,0,9,10,13,17,0,0,0,0
NCT01481779_EG001,NCT01481779,88,14,2,2,14,14,0,0,7,8,12,14,0,0,0,0
NCT01483144_EG000,NCT01483144,92,40,2,2,40,40,0,0,10,22,33,39,0,0,0,0
NCT01485861_EG002,NCT01485861,230,61,4,4,61,62,0,0,15,34,50,61,1,1,1,0
NCT01485861_EG003,NCT01485861,230,52,4,4,52,52,0,0,14,31,44,52,1,1,1,0
NCT01485861_EG004,NCT01485861,230,43,3,3,43,43,0,0,14,28,36,43,1,1,1,0
NCT01486966_EG000,NCT01486966,1,0,3,3,0,0,0,0,0,0,0,0,0,0,0,0
NCT01488318_EG000,NCT01488318,96,90,2,2,90,96,0,0,16,43,70,81,3,13,13,10
NCT01488487_EG000,NCT01488487,64,27,2,2,27,27,0,0,9,19,23,27,0,0,0,0
NCT01489865_EG001,NCT01489865,65,15,2,2,15,15,0,0,5,11,13,15,0,0,0,0
NCT01489865_EG003,NCT01489865,65,15,2,2,15,15,1,0,6,8,12,15,0,0,0,0
NCT01489865_EG004,NCT01489865,65,22,2,2,22,23,0,0,9,15,18,21,1,2,2,1
NCT01489865_EG007,NCT01489865,65,35,2,2,35,37,0,0,11,20,28,35,1,1,1,0
NCT01490697_EG001,NCT01490697,1,0,2,2,0,0,0,0,0,0,0,0,0,0,0,0
NCT01491958_EG000,NCT01491958,107,88,3,3,88,89,0,0,17,45,63,77,3,12,12,10
NCT01493531_EG000,NCT01493531,51,11,2,2,11,11,0,0,8,9,11,11,0,0,0,0
NCT01493531_EG001,NCT01493531,51,7,2,2,7,7,0,0,6,7,7,7,0,0,0,0
NCT01495988_EG000,NCT01495988,36,0,2,2,0,0,36,0,0,0,0,0,0,0,0,0
NCT01496118_EG000,NCT01496118,98,31,2,2,31,31,0,0,14,22,29,31,1,1,1,0
NCT01496118_EG001,NCT01496118,98,40,2,2,40,40,0,0,14,28,35,40,2,2,2,0
NCT01496118_EG002,NCT01496118,98,29,2,2,29,29,0,0,11,17,23,29,2,2,2,0
NCT01496118_EG003,NCT01496118,98,31,2,2,31,32,0,0,11,21,26,31,0,0,0,0
NCT01496118_EG004,NCT01496118,98,23,2,2,23,24,0,0,10,17,21,23,0,0,0,0
NCT01496118_EG005,NCT01496118,98,23,2,2,23,23,0,0,10,19,20,23,1,1,1,0
NCT01496118_EG006,NCT01496118,98,54,2,2,54,55,0,0,15,31,42,54,3,3,3,0
NCT01496118_EG007,NCT01496118,98,56,2,2,56,58,0,0,14,29,44,56,2,2,2,0
NCT01497366_EG000,NCT01497366,46,27,2,2,27,27,0,0,10,20,24,27,2,2,2,0
NCT01497366_EG001,NCT01497366,46,32,2,2,32,32,0,0,10,23,28,32,4,3,3,0
NCT01498419_EG000,NCT01498419,26,15,3,3,15,15,0,0,7,13,14,15,0,0,0,0
NCT01498419_EG001,NCT01498419,26,15,3,3,15,15,0,0,7,13,14,15,0,0,0,0
NCT01498419_EG003,NCT01498419,26,7,3,3,7,7,0,0,4,6,6,7,0,0,0,0
NCT01499160_EG000,NCT01499160,48,47,3,3,47,48,0,0,13,20,24,32,9,18,18,14
NCT01499277_EG001,NCT01499277,55,7,2,2,7,7,1,0,6,7,7,7,0,0,0,0
NCT01500226_EG001,NCT01500226,125,26,2,2,26,27,0,0,10,17,23,26,0,0,0,0
NCT01502644_EG001,NCT01502644,1,0,2,2,0,0,0,0,0,0,0,0,0,0,0,0
NCT01502644_EG002,NCT01502644,1,0,2,2,0,0,0,0,0,0,0,0,0,0,0,0
NCT01505608_EG000,NCT01505608,16,14,3,3,14,16,0,0,7,9,11,13,2,2,2,1
NCT01505634_EG000,NCT01505634,14,2,3,3,2,2,0,0,2,2,2,2,0,0,0,0
NCT01505634_EG001,NCT01505634,14,2,3,3,2,2,0,0,2,2,2,2,0,0,0,0
NCT01505634_EG002,NCT01505634,14,2,2,2,2,2,0,0,2,2,2,2,0,0,0,0
NCT01506271_EG000,NCT01506271,32,3,2,2,3,3,0,0,1,2,2,3,0,0,0,0
NCT01506271_EG001,NCT01506271,32,3,2,2,3,3,0,0,1,2,2,3,0,0,0,0
NCT01506609_EG000,NCT01506609,164,25,2,2,25,25,0,0,11,20,24,25,0,0,0,0
NCT01506609_EG003,NCT01506609,164,78,2,2,78,78,0,0,19,45,59,78,3,3,3,0
NCT01510158_EG000,NCT01510158,450,23,2,2,23,23,0,0,11,17,19,23,1,1,1,0
NCT01510158_EG001,NCT01510158,450,31,2,2,31,31,0,0,11,20,26,31,1,1,1,0
NCT01512979_EG000,NCT01512979,10,5,2,2,5,5,0,0,4,5,5,5,0,0,0,0
NCT01513122_EG001,NCT01513122,1,0,2,2,0,0,0,0,0,0,0,0,0,0,0,0
NCT01513174_EG001,NCT01513174,37,23,2,2,23,23,0,0,10,14,17,20,1,4,4,3
NCT01517243_EG000,NCT01517243,121,121,2,2,121,121,0,0,17,62,90,112,6,13,13,9
NCT01519284_EG001,NCT01519284,49,15,2,2,15,15,0,0,10,12,14,14,0,1,1,1
NCT01519284_EG002,NCT01519284,49,13,2,2,13,13,0,0,8,10,12,13,1,1,1,0
NCT01519284_EG003,NCT01519284,49,16,2,2,16,16,0,0,7,10,13,15,1,2,2,1
NCT01519284_EG004,NCT01519284,49,12,2,2,12,12,0,0,6,8,11,12,0,0,0,0
NCT01520519_EG000,NCT01520519,38,23,2,2,23,25,0,0,14,17,20,20,0,3,3,3
NCT01522651_EG003,NCT01522651,41,7,2,2,7,7,0,0,5,5,6,7,1,1,1,0
NCT01522651_EG004,NCT01522651,41,8,2,2,8,8,0,0,6,7,7,8,0,0,0,0
NCT01524705_EG000,NCT01524705,102,18,3,3,18,18,0,0,7,11,16,18,0,0,0,0
NCT01524978_EG000,NCT01524978,180,72,2,2,72,72,0,0,15,36,55,71,3,3,3,0
NCT01525173_EG000,NCT01525173,4,1,3,3,1,1,0,0,1,1,1,1,0,0,0,0
NCT01527487_EG000,NCT01527487,45,42,2,2,42,42,0,0,11,21,31,40,3,4,4,1
NCT01527487_EG001,NCT01527487,45,32,2,2,32,32,0,0,10,19,25,31,2,3,3,1
NCT01528254_EG000,NCT01528254,356,14,2,2,14,14,0,0,6,9,12,14,0,0,0,0
NCT01528345_EG000,NCT01528345,100,68,2,2,68,68,0,0,14,38,56,68,1,1,1,0
NCT01529632_EG001,NCT01529632,30,1,2,2,1,1,0,0,1,1,1,1,0,0,0,0
NCT01531673_EG003,NCT01531673,193,34,2,2,34,35,0,0,10,17,24,34,1,1,1,0
NCT01531673_EG005,NCT01531673,193,37,2,2,37,39,0,0,12,21,31,37,0,0,0,0
NCT01531673_EG006,NCT01531673,193,21,2,2,21,22,0,0,6,10,16,21,1,1,1,0
NCT01531673_EG008,NCT01531673,193,39,2,2,39,39,0,0,12,23,30,39,0,0,0,0
NCT01531673_EG009,NCT01531673,193,35,2,2,35,36,0,0,11,23,28,35,2,2,2,0
NCT01531673_EG010,NCT01531673,193,42,2,2,42,43,0,0,12,18,31,42,0,0,0,0
NCT01533493_EG000,NCT01533493,17,16,2,2,16,16,0,0,7,7,8,9,4,9,8,7
NCT01534078_EG000,NCT01534078,104,83,2,2,83,83,0,0,16,43,59,70,3,12,12,10
NCT01534351_EG002,NCT01534351,1,0,2,2,0,0,0,0,0,0,0,0,0,0,0,0
NCT01535924_EG001,NCT01535924,67,35,2,2,35,37,0,0,13,23,27,34,0,0,0,0
NCT01535924_EG002,NCT01535924,67,21,2,2,21,21,0,0,10,13,17,21,1,1,1,0
NCT01535924_EG003,NCT01535924,67,27,2,2,27,28,0,0,12,20,22,25,0,2,2,2
NCT01535924_EG005,NCT01535924,67,38,2,2,38,38,0,0,14,26,31,37,2,3,3,1
NCT01537029_EG000,NCT01537029,1,0,2,2,0,0,0,0,0,0,0,0,0,0,0,0
NCT01539083_EG000,NCT01539083,146,42,3,3,42,42,0,0,12,25,31,42,4,3,3,0
NCT01539083_EG001,NCT01539083,146,42,2,2,42,42,0,0,15,24,33,42,2,2,2,0
NCT01539083_EG002,NCT01539083,146,45,3,3,45,45,0,0,16,29,36,45,2,1,1,0
NCT01539512_EG000,NCT01539512,172,54,2,2,54,59,0,0,13,31,41,53,2,2,2,0
NCT01542684_EG000,NCT01542684,24,21,2,2,21,24,0,0,8,13,15,16,2,6,6,5
NCT01542788_EG000,NCT01542788,39,19,2,2,19,19,0,0,9,14,17,19,1,1,1,0
NCT01545388_EG000,NCT01545388,9,3,2,2,3,3,0,0,3,3,3,3,0,0,0,0
NCT01545388_EG001,NCT01545388,9,3,2,2,3,3,0,0,3,3,3,3,0,0,0,0
NCT01547299_EG000,NCT01547299,59,38,3,3,38,38,0,0,12,24,30,38,2,2,2,0
NCT01547598_EG001,NCT01547598,2,0,2,2,0,0,0,0,0,0,0,0,0,0,0,0
NCT01547598_EG002,NCT01547598,2,0,2,2,0,0,0,0,0,0,0,0,0,0,0,0
NCT01550224_EG000,NCT01550224,60,10,2,2,10,10,0,0,4,6,6,7,0,3,3,3
NCT01550224_EG001,NCT01550224,60,58,2,2,58,58,0,0,12,16,19,23,6,37,37,35
NCT01553188_EG000,NCT01553188,153,17,2,2,17,18,0,0,9,9,11,14,1,5,5,3
NCT01553188_EG001,NCT01553188,153,51,2,2,51,53,0,0,16,29,40,49,4,8,8,2
NCT01553188_EG002,NCT01553188,153,97,3,3,97,100,0,0,18,55,75,92,7,10,10,3
NCT01553188_EG003,NCT01553188,153,85,2,2,85,88,0,0,17,47,65,80,2,8,8,5
NCT01554371_EG000,NCT01554371,97,23,2,2,23,23,0,0,8,18,19,21,1,3,3,2
NCT01554371_EG001,NCT01554371,97,25,2,2,25,26,0,0,10,17,22,24,1,2,2,1
NCT01554371_EG002,NCT01554371,97,55,2,2,55,55,0,0,18,36,41,53,1,1,1,0
NCT01558492_EG000,NCT01558492,1,0,2,2,0,0,0,0,0,0,0,0,0,0,0,0
NCT01559844_EG000,NCT01559844,38,19,2,2,19,19,0,0,10,15,18,19,1,1,1,0
NCT01560416_EG001,NCT01560416,51,31,2,2,31,31,0,0,11,20,23,29,2,2,2,1
NCT01560507_EG002,NCT01560507,1,0,2,2,0,0,0,0,0,0,0,0,0,0,0,0
NCT01564537_EG000,NCT01564537,406,81,3,3,81,85,0,0,15,42,63,81,2,2,2,0
NCT01564537_EG001,NCT01564537,406,82,2,2,82,91,0,0,16,42,63,82,2,2,2,0
NCT01565850_EG001,NCT01565850,38,28,3,3,28,28,0,0,11,19,23,28,0,0,0,0
NCT01565889_EG000,NCT01565889,26,8,2,2,8,8,0,0,4,7,7,8,1,1,1,0
NCT01565889_EG001,NCT01565889,26,0,3,3,0,0,0,0,0,0,0,0,0,0,0,0
NCT01565889_EG002,NCT01565889,26,0,4,4,0,0,0,0,0,0,0,0,0,0,0,0
NCT01565889_EG004,NCT01565889,26,2,3,3,2,2,0,0,1,2,2,2,0,0,0,0
NCT01565889_EG005,NCT01565889,26,12,3,3,12,12,0,0,8,10,12,12,0,0,0,0
NCT01568112_EG002,NCT01568112,7,6,2,2,6,6,0,0,4,5,6,6,0,0,0,0
NCT01569152_EG000,NCT01569152,13,6,2,2,6,6,0,0,5,6,6,6,0,0,0,0
NCT01569152_EG002,NCT01569152,13,5,2,2,5,5,0,0,3,3,4,5,0,0,0,0
NCT01569295_EG000,NCT01569295,283,49,3,3,49,56,0,0,14,27,37,49,2,2,2,0
NCT01570036_EG001,NCT01570036,324,59,2,2,59,67,0,0,17,36,46,58,4,7,7,4
NCT01572740_EG000,NCT01572740,21,10,2,2,10,10,0,0,6,7,10,10,0,0,0,0
NCT01574651_EG001,NCT01574651,65,3,2,2,3,3,0,0,2,2,3,3,0,0,0,0
NCT01574716_EG004,NCT01574716,247,67,2,2,67,72,0,0,13,37,52,66,2,2,2,0
NCT01576588_EG000,NCT01576588,20,14,2,2,14,14,0,0,8,9,9,11,0,4,4,3
NCT01578499_EG001,NCT01578499,95,41,2,2,41,42,0,0,14,26,35,41,3,3,3,0
NCT01578967_EG000,NCT01578967,89,80,2,2,80,80,0,0,16,40,57,77,6,7,7,3
NCT01579578_EG000,NCT01579578,115,73,2,2,73,78,0,0,18,39,54,73,2,2,2,0
NCT01581970_EG000,NCT01581970,31,31,2,2,31,31,0,0,12,22,26,28,2,4,4,3
NCT01582269_EG001,NCT01582269,128,36,2,2,36,39,0,0,12,25,31,36,0,0,0,0
NCT01583166_EG000,NCT01583166,1,0,2,2,0,0,0,0,0,0,0,0,0,0,0,0
NCT01584648_EG000,NCT01584648,263,83,2,2,83,87,0,0,17,43,64,83,4,4,4,0
NCT01587274_EG001,NCT01587274,5,5,2,2,5,5,0,0,3,1,2,2,0,3,3,3
NCT01589497_EG000,NCT01589497,25,10,4,4,10,10,0,0,6,8,8,10,1,1,1,0
NCT01589497_EG001,NCT01589497,25,6,4,4,6,6,0,0,6,6,6,6,0,0,0,0
NCT01589497_EG002,NCT01589497,25,7,5,5,7,7,0,0,6,7,7,7,0,0,0,0
NCT01589497_EG003,NCT01589497,25,8,3,3,8,8,0,0,4,6,7,8,0,0,0,0
NCT01590771_EG000,NCT01590771,17,3,4,4,3,3,0,0,2,3,3,3,0,0,0,0
NCT01590771_EG001,NCT01590771,17,3,3,3,3,3,0,0,2,3,3,3,0,0,0,0
NCT01593592_EG001,NCT01593592,5,4,3,3,4,4,0,0,1,3,3,2,0,1,1,2
NCT01594216_EG000,NCT01594216,81,63,2,2,63,64,0,0,16,1,1,1,6,63,63,63
NCT01594216_EG001,NCT01594216,81,48,2,2,48,48,0,0,15,1,1,1,4,47,47,47
NCT01596504_EG000,NCT01596504,18,13,3,3,13,13,0,0,5,7,10,13,0,0,0,0
NCT01596504_EG001,NCT01596504,18,10,3,3,10,10,0,0,4,5,9,10,0,0,0,0
NCT01596504_EG002,NCT01596504,18,13,3,3,13,13,0,0,6,7,11,13,0,0,0,0
NCT01596699_EG001,NCT01596699,7,6,3,3,6,6,0,0,3,4,5,5,1,1,1,1
NCT01597193_EG003,NCT01597193,203,68,2,2,68,68,0,0,13,33,47,67,4,4,4,0
NCT01597193_EG006,NCT01597193,203,77,2,2,77,79,0,0,19,45,64,77,1,1,1,0
NCT01597388_EG000,NCT01597388,95,28,2,2,28,28,0,0,12,21,26,28,1,1,1,0
NCT01597388_EG001,NCT01597388,95,49,2,2,49,49,0,0,12,28,40,48,1,1,1,0
NCT01597388_EG002,NCT01597388,95,56,2,2,56,56,0,0,16,37,47,56,1,1,1,0
NCT01597388_EG003,NCT01597388,95,51,2,2,51,51,0,0,12,29,39,50,0,0,0,0
NCT01597388_EG004,NCT01597388,95,65,2,2,65,65,0,0,15,39,54,65,1,1,1,0
NCT01597388_EG005,NCT01597388,95,24,2,2,24,24,0,0,10,18,22,24,0,0,0,0
NCT01597388_EG006,NCT01597388,95,58,2,2,58,61,0,0,15,35,47,57,1,1,1,0
NCT01597388_EG007,NCT01597388,95,34,2,2,34,34,0,0,14,24,27,34,0,0,0,0
NCT01597388_EG008,NCT01597388,95,24,2,2,24,24,0,0,11,15,20,24,0,0,0,0
NCT01597908_EG000,NCT01597908,338,84,2,2,84,88,0,0,14,38,61,84,4,4,4,0
NCT01597908_EG002,NCT01597908,338,71,2,2,71,71,0,0,14,35,52,71,4,5,5,0
NCT01598896_EG000,NCT01598896,1,0,2,2,0,0,0,0,0,0,0,0,0,0,0,0
NCT01604850_EG000,NCT01604850,38,28,2,2,28,28,0,0,12,19,27,28,1,1,1,0
NCT01604850_EG001,NCT01604850,38,27,2,2,27,27,0,0,11,17,26,27,1,1,1,0
NCT01605396_EG001,NCT01605396,99,62,2,2,62,63,0,0,13,34,49,62,3,3,3,0
NCT01606007_EG000,NCT01606007,13,0,2,2,0,0,0,0,0,0,0,0,0,0,0,0
NCT01606007_EG001,NCT01606007,13,0,2,2,0,0,0,0,0,0,0,0,0,0,0,0
NCT01606007_EG002,NCT01606007,13,0,3,3,0,0,0,0,0,0,0,0,0,0,0,0
NCT01607476_EG000,NCT01607476,6,0,2,2,0,0,0,0,0,0,0,0,0,0,0,0
NCT01607476_EG001,NCT01607476,6,0,2,2,0,0,0,0,0,0,0,0,0,0,0,0
NCT01607476_EG002,NCT01607476,6,0,2,2,0,0,0,0,0,0,0,0,0,0,0,0
NCT01607905_EG000,NCT01607905,276,92,2,2,92,98,0,0,17,48,72,92,3,3,3,0
NCT01609231_EG001,NCT01609231,101,69,2,2,69,71,0,0,13,35,57,69,1,1,1,0
NCT01609478_EG000,NCT01609478,12,4,2,2,4,4,0,0,4,4,4,4,0,0,0,0
NCT01609478_EG001,NCT01609478,12,3,2,2,3,3,0,0,2,2,2,3,0,0,0,0
NCT01610206_EG001,NCT01610206,127,49,2,2,49,51,0,0,10,28,37,44,2,5,5,3
NCT01610284_EG000,NCT01610284,255,48,2,2,48,51,0,0,12,31,39,48,2,1,1,0
NCT01611571_EG000,NCT01611571,8,6,2,2,6,6,0,0,6,3,3,4,0,3,3,2
NCT01611571_EG002,NCT01611571,8,2,2,2,2,2,0,0,2,1,1,1,0,1,1,1
NCT01613131_EG000,NCT01613131,1,1,2,2,1,1,0,0,0,0,0,0,1,1,1,1
NCT01619774_EG000,NCT01619774,61,36,2,2,36,36,0,0,15,24,30,33,2,5,5,3
NCT01620944_EG000,NCT01620944,1,0,3,3,0,0,0,0,0,0,0,0,0,0,0,0
NCT01620944_EG001,NCT01620944,1,0,3,3,0,0,0,0,0,0,0,0,0,0,0,0
NCT01621178_EG000,NCT01621178,142,20,2,2,20,20,0,0,9,13,15,20,1,1,1,0
NCT01622660_EG000,NCT01622660,28,28,2,2,28,28,0,0,9,17,19,21,0,7,7,7
NCT01625338_EG000,NCT01625338,56,30,2,2,30,30,0,0,10,19,26,30,0,0,0,0
NCT01625338_EG001,NCT01625338,56,27,2,2,27,27,0,0,10,17,23,27,0,0,0,0
NCT01627067_EG000,NCT01627067,21,21,3,3,21,21,0,0,12,7,8,9,3,13,13,12
NCT01632306_EG000,NCT01632306,87,20,2,2,20,22,0,0,8,13,16,18,0,2,2,2
NCT01632891_EG000,NCT01632891,5,4,5,5,4,4,0,0,4,4,4,4,0,0,0,0
NCT01632891_EG001,NCT01632891,5,1,4,4,1,1,0,0,1,1,1,1,0,0,0,0
NCT01633541_EG001,NCT01633541,157,80,3,3,80,87,0,0,18,40,57,70,9,19,19,12
NCT01638429_EG000,NCT01638429,1,1,2,2,1,1,0,0,1,0,0,0,0,1,1,1
NCT01640340_EG001,NCT01640340,1,0,3,3,0,0,0,0,0,0,0,0,0,0,0,0
NCT01640834_EG000,NCT01640834,9,2,2,2,2,2,0,0,2,2,2,2,0,0,0,0
NCT01640834_EG001,NCT01640834,9,7,2,2,7,7,0,0,5,6,7,7,0,0,0,0
NCT01641640_EG000,NCT01641640,37,29,3,3,29,29,0,0,9,20,25,29,4,3,3,0
NCT01645098_EG000,NCT01645098,1,0,2,2,0,0,0,0,0,0,0,0,0,0,0,0
NCT01645098_EG001,NCT01645098,1,0,2,2,0,0,0,0,0,0,0,0,0,0,0,0
NCT01645930_EG000,NCT01645930,89,65,3,3,65,69,0,0,15,32,49,63,1,1,1,0
NCT01646125_EG001,NCT01646125,75,26,2,2,26,26,0,0,9,17,21,26,1,1,1,0
NCT01647828_EG007,NCT01647828,590,104,2,2,104,119,0,0,17,49,80,103,5,5,5,0
NCT01649271_EG000,NCT01649271,89,42,2,2,42,43,0,0,13,28,33,42,1,1,1,0
NCT01649271_EG001,NCT01649271,89,63,2,2,63,66,0,0,16,32,48,63,1,1,1,0
NCT01650194_EG000,NCT01650194,84,73,3,3,73,73,0,0,16,43,58,73,2,2,2,0
NCT01652976_EG000,NCT01652976,86,54,2,2,54,58,0,0,14,30,43,49,5,7,7,4
NCT01656434_EG001,NCT01656434,31,0,3,3,0,0,0,0,0,0,0,0,0,0,0,0
NCT01658657_EG000,NCT01658657,2,2,4,4,2,2,0,0,1,1,1,2,1,1,1,0
NCT01658943_EG000,NCT01658943,115,51,2,2,51,51,0,0,11,29,43,50,2,3,3,1
NCT01658943_EG001,NCT01658943,115,59,2,2,59,78,0,0,13,34,47,54,3,8,8,5
NCT01659554_EG000,NCT01659554,8,8,2,2,8,8,0,0,3,0,0,0,0,8,8,8
NCT01659658_EG000,NCT01659658,189,80,2,2,80,82,0,0,17,42,62,80,2,2,2,0
NCT01659658_EG001,NCT01659658,189,25,2,2,25,25,0,0,12,15,20,25,2,2,2,0
NCT01659658_EG002,NCT01659658,189,54,2,2,54,54,0,0,13,33,43,54,4,4,4,0
NCT01659658_EG003,NCT01659658,189,11,2,2,11,11,0,0,9,11,11,11,0,0,0,0
NCT01659658_EG004,NCT01659658,189,58,2,2,58,59,0,0,14,33,50,58,3,3,3,0
NCT01659866_EG001,NCT01659866,1,0,7,7,0,0,0,0,0,0,0,0,0,0,0,0
NCT01660711_EG000,NCT01660711,7,7,4,4,7,7,0,0,6,6,6,7,0,1,1,0
NCT01661114_EG000,NCT01661114,135,64,3,3,64,68,0,0,14,35,47,62,4,7,7,3
NCT01663233_EG000,NCT01663233,5,1,2,2,1,1,0,0,1,1,1,1,0,0,0,0
NCT01663857_EG003,NCT01663857,166,78,2,2,78,80,0,0,19,41,58,77,3,3,3,0
NCT01664624_EG000,NCT01664624,22,10,2,2,10,10,0,0,7,9,9,10,0,0,0,0
NCT01666444_EG001,NCT01666444,386,116,2,2,116,121,0,0,19,57,86,110,5,8,8,5
NCT01670500_EG000,NCT01670500,23,15,2,2,15,15,0,0,7,9,10,11,0,4,4,4
NCT01671332_EG001,NCT01671332,163,54,2,2,54,65,0,0,13,28,43,51,2,6,6,3
NCT01673594_EG000,NCT01673594,25,19,2,2,19,19,0,0,8,4,5,5,3,14,14,14
NCT01677858_EG000,NCT01677858,263,28,2,2,28,29,0,0,15,20,27,28,0,0,0,0
NCT01677858_EG001,NCT01677858,263,55,2,2,55,55,0,0,14,34,46,55,4,3,3,0
NCT01677858_EG002,NCT01677858,263,149,2,2,149,150,0,0,18,66,101,147,5,3,3,0
NCT01677858_EG003,NCT01677858,263,92,2,2,92,92,0,0,17,49,72,92,3,2,2,0
NCT01677858_EG004,NCT01677858,263,88,2,2,88,89,0,0,16,43,63,88,6,4,4,0
NCT01678820_EG001,NCT01678820,3,0,3,3,0,0,0,0,0,0,0,0,0,0,0,0
NCT01678820_EG002,NCT01678820,3,0,3,3,0,0,0,0,0,0,0,0,0,0,0,0
NCT01679119_EG001,NCT01679119,106,33,5,5,33,45,0,0,12,16,19,25,0,6,6,6
NCT01681433_EG001,NCT01681433,200,65,2,2,65,66,0,0,18,38,47,54,3,13,13,10
NCT01682720_EG002,NCT01682720,47,33,2,2,33,33,0,0,10,19,28,33,1,1,1,0
NCT01683994_EG003,NCT01683994,174,63,2,2,63,67,0,0,17,33,45,60,4,5,5,2
NCT01684878_EG003,NCT01684878,145,51,3,3,51,51,0,0,12,30,42,51,1,1,1,0
NCT01685983_EG000,NCT01685983,101,38,2,2,38,42,0,0,13,21,28,38,2,2,2,0
NCT01687270_EG000,NCT01687270,48,39,2,2,39,40,0,0,13,25,32,39,1,1,1,0
NCT01687296_EG000,NCT01687296,2,0,2,2,0,0,0,0,0,0,0,0,0,0,0,0
NCT01687296_EG001,NCT01687296,2,1,2,2,1,1,0,0,1,1,1,1,0,0,0,0
NCT01687478_EG000,NCT01687478,86,16,2,2,16,16,0,0,5,9,12,16,0,0,0,0
NCT01689519_EG000,NCT01689519,250,70,2,2,70,71,0,0,15,35,53,70,2,2,2,0
NCT01690663_EG001,NCT01690663,1,0,2,2,0,0,0,0,0,0,0,0,0,0,0,0
NCT01690663_EG002,NCT01690663,1,0,2,2,0,0,0,0,0,0,0,0,0,0,0,0
NCT01690663_EG003,NCT01690663,1,0,2,2,0,0,0,0,0,0,0,0,0,0,0,0
NCT01691534_EG000,NCT01691534,58,15,4,4,15,15,0,0,6,10,13,15,1,0,0,0
NCT01691534_EG001,NCT01691534,58,16,3,3,16,16,0,0,7,11,12,16,1,1,1,0
NCT01691534_EG002,NCT01691534,58,9,3,3,9,9,0,0,7,8,8,8,0,1,1,1
NCT01691534_EG003,NCT01691534,58,19,3,3,19,19,0,0,10,15,16,19,0,0,0,0
NCT01692197_EG000,NCT01692197,98,73,4,4,73,73,0,0,13,33,47,61,4,20,19,11
NCT01692301_EG000,NCT01692301,52,11,3,3,11,11,0,0,5,8,9,11,1,1,1,0
NCT01692301_EG001,NCT01692301,52,9,3,3,9,9,0,0,5,8,8,9,0,0,0,0
NCT01693185_EG001,NCT01693185,1,0,2,2,0,0,0,0,0,0,0,0,0,0,0,0
NCT01693601_EG000,NCT01693601,92,29,2,2,29,32,0,0,13,18,22,25,2,4,4,2
NCT01693601_EG001,NCT01693601,92,36,2,2,36,39,0,0,16,21,25,28,4,11,11,9
NCT01693601_EG002,NCT01693601,92,35,2,2,35,37,0,0,14,23,28,30,1,6,6,5
NCT01693601_EG003,NCT01693601,92,27,2,2,27,27,0,0,11,15,19,21,0,7,7,6
NCT01694771_EG000,NCT01694771,61,1,2,2,1,2,0,0,1,1,1,1,0,0,0,0
NCT01695135_EG001,NCT01695135,126,30,2,2,30,30,0,0,12,21,23,30,1,1,1,0
NCT01695135_EG002,NCT01695135,126,31,2,2,31,33,0,0,12,22,25,31,1,1,1,0
NCT01695135_EG003,NCT01695135,126,26,2,2,26,29,0,0,8,16,19,26,1,1,1,0
NCT01695954_EG000,NCT01695954,13,11,2,2,11,11,0,0,6,10,10,11,0,0,0,0
NCT01695954_EG001,NCT01695954,13,6,3,3,6,6,0,0,5,4,4,4,1,2,2,2
NCT01696032_EG000,NCT01696032,225,124,2,2,124,129,0,0,19,62,90,124,3,1,1,0
NCT01696032_EG001,NCT01696032,225,75,2,2,75,81,0,0,15,45,62,73,3,5,5,2
NCT01696032_EG002,NCT01696032,225,82,2,2,82,87,0,0,17,45,65,82,4,3,3,0
NCT01696058_EG000,NCT01696058,48,1,2,2,1,1,0,0,1,1,1,1,0,0,0,0
NCT01698801_EG000,NCT01698801,63,51,2,2,51,51,0,0,15,31,43,51,2,2,2,0
NCT01699685_EG001,NCT01699685,6,0,2,2,0,0,0,0,0,0,0,0,0,0,0,0
NCT01701401_EG001,NCT01701401,63,29,2,2,29,29,0,0,10,16,23,29,1,1,1,0
NCT01701401_EG003,NCT01701401,63,29,2,2,29,29,0,0,10,16,23,29,1,1,1,0
NCT01703039_EG000,NCT01703039,2,2,2,2,2,2,0,0,1,1,1,1,0,1,1,1
NCT01703260_EG000,NCT01703260,25,10,2,2,10,10,0,0,5,9,9,10,0,0,0,0
NCT01704261_EG000,NCT01704261,12,3,3,3,3,3,0,0,2,2,3,3,0,0,0,0
NCT01704261_EG001,NCT01704261,12,2,2,2,2,2,0,0,2,2,2,2,0,0,0,0
NCT01705691_EG000,NCT01705691,74,59,3,3,59,59,0,0,15,34,47,58,2,2,2,0
NCT01705691_EG001,NCT01705691,74,58,3,3,58,58,0,0,15,31,47,58,1,1,1,0
NCT01708902_EG003,NCT01708902,26,5,2,2,5,5,0,0,3,5,5,5,0,0,0,0
NCT01708902_EG004,NCT01708902,26,6,2,2,6,6,0,0,4,5,5,6,0,0,0,0
NCT01709084_EG000,NCT01709084,41,17,3,3,17,17,0,0,11,15,17,17,0,0,0,0
NCT01709084_EG001,NCT01709084,41,15,3,3,15,15,0,0,10,14,15,15,0,0,0,0
NCT01709305_EG001,NCT01709305,79,0,3,3,0,0,0,0,0,0,0,0,0,0,0,0
NCT01709305_EG002,NCT01709305,79,1,3,3,1,1,0,0,1,1,1,1,0,0,0,0
NCT01709305_EG003,NCT01709305,79,1,3,3,1,1,0,0,1,1,1,1,0,0,0,0
NCT01709305_EG004,NCT01709305,79,1,3,3,1,1,0,0,1,1,1,1,0,0,0,0
NCT01709318_EG000,NCT01709318,10,6,2,2,6,6,0,0,6,6,6,6,0,0,0,0
NCT01709318_EG001,NCT01709318,10,4,2,2,4,4,0,0,4,4,4,4,0,0,0,0
NCT01709318_EG002,NCT01709318,10,6,2,2,6,6,0,0,4,6,6,6,0,0,0,0
NCT01709318_EG003,NCT01709318,10,7,2,2,7,7,0,0,6,7,7,7,0,0,0,0
NCT01709318_EG004,NCT01709318,10,4,2,2,4,4,0,0,3,4,4,4,0,0,0,0
NCT01709318_EG005,NCT01709318,10,6,2,2,6,6,0,0,5,6,6,6,0,0,0,0
NCT01709318_EG006,NCT01709318,10,7,2,2,7,7,0,0,7,7,7,7,0,0,0,0
NCT01709422_EG000,NCT01709422,2,1,3,3,1,1,0,0,1,1,1,1,0,0,0,0
NCT01709422_EG001,NCT01709422,2,1,2,2,1,1,0,0,1,1,1,1,0,0,0,0
NCT01712490_EG000,NCT01712490,296,55,4,4,55,61,0,0,11,29,40,55,2,2,2,0
NCT01712490_EG001,NCT01712490,296,52,4,4,52,53,0,0,11,29,39,52,2,2,2,0
NCT01712789_EG000,NCT01712789,345,59,2,2,59,66,0,0,13,33,45,58,1,1,1,0
NCT01713400_EG001,NCT01713400,36,23,2,2,23,23,0,0,10,10,11,12,0,11,11,11
NCT01713530_EG000,NCT01713530,26,8,2,2,8,8,0,0,5,6,6,8,0,0,0,0
NCT01714310_EG000,NCT01714310,26,17,2,2,17,17,0,0,4,7,8,9,3,9,9,8
NCT01715207_EG000,NCT01715207,3,3,2,2,3,3,0,0,2,2,2,2,1,1,1,1
NCT01717209_EG000,NCT01717209,1,0,2,2,0,0,0,0,0,0,0,0,0,0,0,0
NCT01717313_EG000,NCT01717313,19,2,3,3,2,2,0,0,2,2,2,2,0,0,0,0
NCT01717313_EG001,NCT01717313,19,2,2,2,2,2,0,0,2,2,2,2,0,0,0,0
NCT01717326_EG000,NCT01717326,100,22,3,3,22,22,0,0,10,17,19,22,0,0,0,0
NCT01717326_EG001,NCT01717326,100,18,3,3,18,18,0,0,9,11,15,18,0,0,0,0
NCT01717326_EG002,NCT01717326,100,23,2,2,23,23,0,0,9,16,21,23,2,2,2,0
NCT01717326_EG003,NCT01717326,100,23,3,3,23,23,0,0,10,15,21,23,0,0,0,0
NCT01717326_EG004,NCT01717326,100,26,3,3,26,26,0,0,13,19,23,26,0,0,0,0
NCT01717326_EG005,NCT01717326,100,15,2,2,15,15,0,0,8,12,13,15,0,0,0,0
NCT01717326_EG006,NCT01717326,100,18,3,3,18,18,0,0,9,12,16,18,0,0,0,0
NCT01717326_EG007,NCT01717326,100,13,2,2,13,13,0,0,9,12,12,13,0,0,0,0
NCT01717326_EG008,NCT01717326,100,27,3,3,27,27,0,0,10,14,23,27,1,1,1,0
NCT01717326_EG009,NCT01717326,100,15,2,2,15,15,0,0,8,10,12,15,1,1,1,0
NCT01717326_EG010,NCT01717326,100,17,3,3,17,17,0,0,9,15,16,17,0,0,0,0
NCT01717326_EG011,NCT01717326,100,15,2,2,15,15,0,0,9,11,13,15,0,0,0,0
NCT01717326_EG012,NCT01717326,100,36,3,3,36,36,0,0,11,20,30,36,0,0,0,0
NCT01717326_EG013,NCT01717326,100,14,2,2,14,14,0,0,5,8,12,14,0,0,0,0
NCT01717326_EG014,NCT01717326,100,9,3,3,9,9,0,0,7,7,8,9,0,0,0,0
NCT01717326_EG015,NCT01717326,100,2,2,2,2,2,0,0,2,2,2,2,0,0,0,0
NCT01717326_EG016,NCT01717326,100,11,3,3,11,11,0,0,7,10,11,11,0,0,0,0
NCT01717326_EG017,NCT01717326,100,7,2,2,7,7,0,0,5,6,6,7,0,0,0,0
NCT01717326_EG018,NCT01717326,100,22,3,3,22,22,0,0,12,16,20,22,0,0,0,0
NCT01717326_EG019,NCT01717326,100,37,3,3,37,38,0,0,12,21,31,37,0,0,0,0
NCT01718444_EG001,NCT01718444,1,0,2,2,0,0,0,0,0,0,0,0,0,0,0,0
NCT01719380_EG000,NCT01719380,570,36,2,2,36,36,0,0,15,27,29,36,1,1,1,0
NCT01719380_EG001,NCT01719380,570,71,2,2,71,75,0,0,16,45,57,71,1,1,1,0
NCT01719380_EG002,NCT01719380,570,75,2,2,75,79,0,0,18,49,63,75,4,3,3,0
NCT01719380_EG003,NCT01719380,570,90,2,2,90,98,0,0,19,47,70,90,3,3,3,0
NCT01719380_EG008,NCT01719380,570,93,2,2,93,103,0,0,16,47,71,92,2,2,2,0
NCT01721876_EG001,NCT01721876,422,65,2,2,65,73,0,0,16,39,54,65,4,4,4,0
NCT01723202_EG001,NCT01723202,166,97,2,2,97,98,0,0,18,45,65,81,4,19,19,16
NCT01726517_EG001,NCT01726517,33,13,2,2,13,13,0,0,9,10,12,13,0,0,0,0
NCT01726517_EG004,NCT01726517,33,9,2,2,9,10,0,0,7,7,9,9,0,0,0,0
NCT01730040_EG001,NCT01730040,34,9,2,2,9,9,0,0,5,7,8,9,0,0,0,0
NCT01730040_EG005,NCT01730040,34,5,2,2,5,5,0,0,4,4,5,5,0,0,0,0
NCT01730053_EG001,NCT01730053,36,4,2,2,4,4,0,0,3,4,4,4,0,0,0,0
NCT01730053_EG004,NCT01730053,36,3,2,2,3,3,0,0,2,2,2,3,0,0,0,0
NCT01732926_EG001,NCT01732926,306,56,2,2,56,57,0,0,13,29,41,56,2,2,2,0
NCT01734694_EG001,NCT01734694,2,2,3,3,2,2,0,0,1,2,2,2,0,0,0,0
NCT01734928_EG001,NCT01734928,347,67,2,2,67,69,0,0,15,35,54,67,1,1,1,0
NCT01736943_EG000,NCT01736943,73,59,2,2,59,59,0,0,14,30,42,52,2,8,8,6
NCT01742117_EG000,NCT01742117,1,0,2,2,0,0,0,0,0,0,0,0,0,0,0,0
NCT01744249_EG000,NCT01744249,104,22,2,2,22,22,0,0,9,12,18,22,0,0,0,0
NCT01745094_EG000,NCT01745094,50,12,2,2,12,12,0,0,3,8,10,12,0,0,0,0
NCT01745094_EG001,NCT01745094,50,8,2,2,8,8,0,0,3,7,8,8,0,0,0,0
NCT01745094_EG002,NCT01745094,50,12,2,2,12,12,0,0,4,7,8,12,0,0,0,0
NCT01745094_EG003,NCT01745094,50,15,2,2,15,15,0,0,3,7,11,15,1,1,1,0
NCT01745367_EG001,NCT01745367,80,48,2,2,48,49,0,0,16,32,42,46,1,2,2,2
NCT01746979_EG000,NCT01746979,274,28,2,2,28,32,0,0,11,18,23,28,1,1,1,0
NCT01747551_EG001,NCT01747551,217,120,3,3,120,129,0,0,17,54,81,108,6,16,16,11
NCT01754376_EG000,NCT01754376,25,24,2,2,24,25,0,0,11,17,18,20,0,4,4,4
NCT01754389_EG000,NCT01754389,14,1,2,2,1,1,0,0,1,0,0,0,0,1,1,1
NCT01754389_EG001,NCT01754389,14,1,3,3,1,1,0,0,1,0,0,0,0,1,1,1
NCT01754389_EG002,NCT01754389,14,2,3,3,2,2,0,0,2,1,1,1,0,1,1,1
NCT01754857_EG000,NCT01754857,208,112,3,3,112,121,0,0,19,50,71,96,7,25,25,19
NCT01755975_EG000,NCT01755975,217,0,2,2,0,0,217,0,0,0,0,0,0,0,0,0
NCT01755975_EG001,NCT01755975,217,33,2,2,33,34,0,0,11,24,27,32,1,2,2,1
NCT01755975_EG002,NCT01755975,217,52,2,2,52,68,0,0,12,30,44,52,0,0,0,0
NCT01755975_EG003,NCT01755975,217,38,2,2,38,39,0,0,18,27,33,37,0,1,1,1
NCT01755975_EG004,NCT01755975,217,90,2,2,90,105,0,0,16,46,71,87,2,5,5,3
NCT01756209_EG002,NCT01756209,1,0,2,2,0,0,0,0,0,0,0,0,0,0,0,0
NCT01756209_EG003,NCT01756209,1,0,2,2,0,0,0,0,0,0,0,0,0,0,0,0
NCT01756586_EG001,NCT01756586,1,0,2,2,0,0,0,0,0,0,0,0,0,0,0,0
NCT01759407_EG000,NCT01759407,1,0,2,2,0,0,0,0,0,0,0,0,0,0,0,0
NCT01762943_EG000,NCT01762943,20,13,3,3,13,13,0,0,7,9,9,9,0,4,4,4
NCT01762943_EG001,NCT01762943,20,14,3,3,14,14,0,0,8,8,8,8,0,6,6,6
NCT01763788_EG003,NCT01763788,338,71,2,2,71,72,0,0,16,37,53,70,3,2,2,0
NCT01764997_EG000,NCT01764997,94,3,2,2,3,3,0,0,2,2,3,3,0,0,0,0
NCT01765543_EG003,NCT01765543,10,8,2,2,8,8,0,0,5,7,8,8,0,0,0,0
NCT01766778_EG000,NCT01766778,12,6,2,2,6,6,0,0,6,5,5,5,0,1,1,1
NCT01766778_EG001,NCT01766778,12,5,2,2,5,5,0,0,4,4,4,4,0,1,1,1
NCT01768286_EG001,NCT01768286,38,27,2,2,27,27,0,0,9,16,22,27,1,1,1,0
NCT01768286_EG003,NCT01768286,38,28,2,2,28,28,0,0,9,16,23,28,1,1,1,0
NCT01768559_EG000,NCT01768559,43,7,3,3,7,7,0,0,5,6,6,7,0,0,0,0
NCT01768637_EG000,NCT01768637,1,1,2,2,1,1,0,0,1,0,0,0,0,1,1,1
NCT01768637_EG001,NCT01768637,1,1,2,2,1,1,0,0,1,0,0,0,0,1,1,1
NCT01769391_EG001,NCT01769391,148,55,2,2,55,58,0,0,15,31,43,55,1,1,1,0
NCT01770145_EG000,NCT01770145,70,6,3,3,6,6,0,0,4,4,4,6,1,1,1,0
NCT01774786_EG001,NCT01774786,240,53,4,4,53,57,0,0,12,27,43,53,3,3,3,0
NCT01774851_EG000,NCT01774851,93,35,2,2,35,37,0,0,13,24,29,34,1,2,2,1
NCT01775501_EG000,NCT01775501,109,82,4,4,82,98,0,0,17,44,63,77,3,8,8,5
NCT01776307_EG000,NCT01776307,124,58,2,2,58,63,0,0,16,32,44,57,2,3,3,1
NCT01776307_EG002,NCT01776307,124,56,2,2,56,58,0,0,14,35,43,55,2,3,3,1
NCT01777152_EG001,NCT01777152,216,62,4,4,62,65,0,0,15,36,50,62,2,2,2,0
NCT01777282_EG000,NCT01777282,18,10,2,2,10,10,0,0,6,6,9,10,0,0,0,0
NCT01777282_EG001,NCT01777282,18,4,2,2,4,4,0,0,3,3,4,4,0,0,0,0
NCT01777282_EG002,NCT01777282,18,5,2,2,5,5,0,0,3,3,4,5,0,0,0,0
NCT01777282_EG003,NCT01777282,18,8,2,2,8,8,0,0,5,5,7,8,0,0,0,0
NCT01779167_EG000,NCT01779167,14,14,3,3,14,14,0,0,4,10,11,12,2,3,3,2
NCT01779362_EG001,NCT01779362,20,3,2,2,3,3,0,0,3,1,1,1,0,2,2,2
NCT01779362_EG003,NCT01779362,20,1,2,2,1,1,0,0,1,0,0,0,0,1,1,1
NCT01779375_EG001,NCT01779375,10,4,2,2,4,4,0,0,3,1,1,1,0,3,3,3
NCT01782495_EG009,NCT01782495,267,14,2,2,14,14,0,0,8,10,12,14,0,0,0,0
NCT01782495_EG010,NCT01782495,267,5,2,2,5,5,0,0,4,4,5,5,0,0,0,0
NCT01782859_EG001,NCT01782859,1,0,2,2,0,0,0,0,0,0,0,0,0,0,0,0
NCT01782963_EG000,NCT01782963,102,74,3,3,74,84,0,0,18,41,57,73,3,3,3,0
NCT01783444_EG000,NCT01783444,182,71,2,2,71,74,0,0,15,41,59,71,2,2,2,0
NCT01783678_EG000,NCT01783678,86,55,2,2,55,55,0,0,15,28,41,55,0,0,0,0
NCT01783821_EG000,NCT01783821,1,0,2,2,0,0,0,0,0,0,0,0,0,0,0,0
NCT01784861_EG000,NCT01784861,113,19,2,2,19,20,0,0,10,15,17,19,0,1,1,0
NCT01784861_EG001,NCT01784861,113,32,2,2,32,33,0,0,12,20,26,30,2,4,4,2
NCT01784861_EG002,NCT01784861,113,35,2,2,35,35,0,0,12,23,29,34,2,3,3,1
NCT01784861_EG003,NCT01784861,113,55,2,2,55,57,0,0,15,39,47,52,3,6,6,3
NCT01784861_EG004,NCT01784861,113,28,2,2,28,29,0,0,11,18,25,27,1,2,2,1
NCT01784861_EG005,NCT01784861,113,20,2,2,20,20,0,0,9,15,15,18,2,4,4,2
NCT01786239_EG000,NCT01786239,1,0,2,2,0,0,0,0,0,0,0,0,0,0,0,0
NCT01787552_EG000,NCT01787552,206,78,2,2,78,80,0,0,17,43,62,78,2,2,2,0
NCT01787552_EG001,NCT01787552,206,88,2,2,88,92,0,0,16,45,72,88,2,2,2,0
NCT01789047_EG000,NCT01789047,28,22,2,2,22,22,0,0,10,9,9,11,3,12,12,11
NCT01789281_EG001,NCT01789281,85,71,2,2,71,78,0,0,16,43,61,71,1,1,1,0
NCT01790568_EG000,NCT01790568,44,16,3,3,16,19,0,0,6,7,8,11,2,7,7,6
NCT01794520_EG005,NCT01794520,265,127,2,2,127,132,0,0,17,57,96,127,4,4,4,0
NCT01794520_EG006,NCT01794520,265,62,2,2,62,64,0,0,16,34,50,62,2,2,2,0
NCT01794702_EG000,NCT01794702,35,20,4,4,20,24,0,0,10,13,15,19,0,4,4,2
NCT01794702_EG001,NCT01794702,35,0,4,4,0,0,35,0,0,0,0,0,0,0,0,0
NCT01794702_EG002,NCT01794702,35,6,4,4,6,6,0,0,4,4,4,5,0,2,2,1
NCT01796470_EG000,NCT01796470,169,60,2,2,60,60,0,0,16,35,43,60,3,3,3,0
NCT01796470_EG001,NCT01796470,169,81,2,2,81,82,0,0,17,40,58,80,5,5,5,0
NCT01796470_EG002,NCT01796470,169,57,2,2,57,57,0,0,14,37,46,57,3,3,3,0
NCT01796470_EG003,NCT01796470,169,13,2,2,13,14,0,0,8,12,13,13,0,0,0,0
NCT01796470_EG004,NCT01796470,169,56,2,2,56,56,0,0,13,32,48,56,3,2,2,0
NCT01797120_EG000,NCT01797120,56,34,2,2,34,42,0,0,10,20,27,31,1,8,7,4
NCT01797523_EG000,NCT01797523,146,68,3,3,68,70,0,0,14,35,55,61,1,7,7,7
NCT01798485_EG001,NCT01798485,175,34,2,2,34,38,0,0,13,24,27,34,2,2,2,0
NCT01802775_EG000,NCT01802775,61,7,2,2,7,7,0,0,6,6,6,7,0,0,0,0
NCT01802775_EG001,NCT01802775,61,11,2,2,11,11,0,0,7,9,11,11,0,0,0,0
NCT01803074_EG009,NCT01803074,90,15,4,4,15,15,0,0,10,11,13,15,0,0,0,0
NCT01803074_EG010,NCT01803074,90,13,2,2,13,13,0,0,6,11,13,13,1,0,0,0
NCT01805882_EG003,NCT01805882,139,18,2,2,18,18,0,0,6,13,16,18,0,0,0,0
NCT01805882_EG004,NCT01805882,139,24,2,2,24,24,0,0,9,20,23,24,0,0,0,0
NCT01806675_EG000,NCT01806675,3,1,2,2,1,1,0,0,1,1,1,1,0,0,0,0
NCT01806675_EG001,NCT01806675,3,0,2,2,0,0,0,0,0,0,0,0,0,0,0,0
NCT01806675_EG002,NCT01806675,3,2,2,2,2,2,0,0,1,2,2,2,0,0,0,0
NCT01806779_EG000,NCT01806779,17,9,2,2,9,9,0,0,4,4,5,7,1,4,4,2
NCT01806779_EG001,NCT01806779,17,11,3,3,11,11,0,0,4,4,5,7,2,6,6,4
NCT01808248_EG000,NCT01808248,24,19,3,3,19,19,0,0,11,15,17,18,0,1,1,1
NCT01808573_EG000,NCT01808573,200,49,2,2,49,52,0,0,13,28,40,49,1,1,1,0
NCT01808573_EG001,NCT01808573,200,47,2,2,47,51,0,0,11,27,38,47,1,1,1,0
NCT01809327_EG003,NCT01809327,44,6,2,2,6,6,0,0,5,6,6,6,0,0,0,0
NCT01809327_EG004,NCT01809327,44,6,2,2,6,6,0,0,4,5,6,6,0,0,0,0
NCT01811732_EG001,NCT01811732,31,5,2,2,5,5,0,0,3,5,5,5,1,0,0,0
NCT01813214_EG001,NCT01813214,12,7,2,2,7,7,0,0,5,5,5,5,0,2,2,2
NCT01813227_EG000,NCT01813227,1,1,3,3,1,1,0,0,1,1,1,1,0,0,0,0
NCT01813435_EG000,NCT01813435,6,4,2,2,4,4,0,0,2,2,2,2,0,2,2,2
NCT01813435_EG001,NCT01813435,6,5,3,3,5,5,0,0,2,2,2,2,0,3,3,3
NCT01814553_EG000,NCT01814553,159,136,2,2,136,143,0,0,18,54,94,135,6,6,6,0
NCT01814553_EG001,NCT01814553,159,66,2,2,66,67,0,0,16,37,53,66,3,3,3,0
NCT01814748_EG000,NCT01814748,6,2,2,2,2,2,0,0,2,2,2,2,0,0,0,0
NCT01814826_EG000,NCT01814826,190,101,2,2,101,103,0,0,18,55,80,101,5,5,5,0
NCT01814826_EG001,NCT01814826,190,84,2,2,84,87,0,0,17,44,64,84,6,4,4,0
NCT01814826_EG002,NCT01814826,190,29,2,2,29,31,0,0,11,21,24,29,1,1,1,0
NCT01815008_EG000,NCT01815008,1,0,2,2,0,0,0,0,0,0,0,0,0,0,0,0
NCT01816243_EG000,NCT01816243,19,10,2,2,10,10,0,0,3,6,8,9,0,1,1,1
NCT01817530_EG002,NCT01817530,59,18,2,2,18,18,0,0,10,14,16,18,0,0,0,0
NCT01817530_EG003,NCT01817530,59,19,2,2,19,19,0,0,8,14,17,19,0,0,0,0
NCT01817530_EG006,NCT01817530,59,13,2,2,13,13,0,0,8,11,12,13,0,0,0,0
NCT01817530_EG007,NCT01817530,59,19,2,2,19,19,0,0,9,13,16,19,0,0,0,0
NCT01817751_EG000,NCT01817751,232,128,3,3,128,134,0,0,19,52,84,110,3,16,16,13
NCT01818063_EG000,NCT01818063,42,33,4,4,33,33,0,0,12,19,26,31,3,5,5,2
NCT01818063_EG001,NCT01818063,42,21,5,5,21,21,0,0,9,14,18,19,1,3,3,2
NCT01818752_EG000,NCT01818752,345,54,3,3,54,57,0,0,13,29,41,54,3,3,3,0
NCT01818752_EG001,NCT01818752,345,53,3,3,53,57,0,0,14,30,41,53,3,3,3,0
NCT01822548_EG000,NCT01822548,1,0,2,2,0,0,0,0,0,0,0,0,0,0,0,0
NCT01822548_EG001,NCT01822548,1,1,2,2,1,1,0,0,1,1,1,1,0,0,0,0
NCT01823835_EG013,NCT01823835,305,49,2,2,49,49,0,0,14,34,43,49,1,1,1,0
NCT01824901_EG000,NCT01824901,37,31,2,2,31,37,0,0,12,20,26,31,1,1,1,0
NCT01825408_EG002,NCT01825408,1,0,2,2,0,0,0,0,0,0,0,0,0,0,0,0
NCT01825408_EG003,NCT01825408,1,1,2,2,1,1,0,0,1,1,1,1,0,0,0,0
NCT01825876_EG002,NCT01825876,11,4,2,2,4,4,0,0,3,3,3,4,1,1,1,0
NCT01825941_EG000,NCT01825941,2,2,2,2,2,2,0,0,1,1,1,1,0,1,1,1
NCT01826981_EG000,NCT01826981,149,45,2,2,45,45,0,0,13,28,37,45,1,1,1,0
NCT01826981_EG002,NCT01826981,149,24,2,2,24,24,0,0,10,17,21,24,1,1,1,0
NCT01826981_EG003,NCT01826981,149,18,2,2,18,18,0,0,9,12,17,18,0,0,0,0
NCT01826981_EG005,NCT01826981,149,18,2,2,18,18,0,0,9,13,17,18,0,0,0,0
NCT01826981_EG007,NCT01826981,149,23,2,2,23,23,0,0,8,14,22,23,0,0,0,0
NCT01826981_EG011,NCT01826981,149,5,2,2,5,5,0,0,4,5,5,5,0,0,0,0
NCT01826981_EG012,NCT01826981,149,10,3,3,10,10,0,0,8,10,10,10,0,0,0,0
NCT01826981_EG013,NCT01826981,149,12,2,2,12,12,0,0,8,10,11,12,0,0,0,0
NCT01826981_EG014,NCT01826981,149,12,3,3,12,12,0,0,7,9,12,12,0,0,0,0
NCT01827267_EG001,NCT01827267,192,77,2,2,77,83,0,0,13,38,58,77,3,3,3,0
NCT01827384_EG000,NCT01827384,243,67,2,2,67,70,0,0,15,35,48,63,3,7,7,4
NCT01827384_EG006,NCT01827384,243,26,2,2,26,30,0,0,11,21,23,26,1,1,1,0
NCT01827384_EG009,NCT01827384,243,71,2,2,71,83,0,0,14,39,54,66,4,8,8,5
NCT01830881_EG000,NCT01830881,3,1,2,2,1,1,0,0,1,0,0,0,0,1,1,1
NCT01830881_EG001,NCT01830881,3,0,3,3,0,0,0,0,0,0,0,0,0,0,0,0
NCT01832727_EG000,NCT01832727,298,80,2,2,80,82,0,0,17,43,64,80,6,6,6,0
NCT01832727_EG001,NCT01832727,298,65,2,2,65,67,0,0,16,38,54,65,2,2,2,0
NCT01832727_EG002,NCT01832727,298,45,2,2,45,46,0,0,15,33,41,45,2,2,2,0
NCT01832727_EG003,NCT01832727,298,39,2,2,39,39,0,0,14,29,34,39,2,2,2,0
NCT01832727_EG004,NCT01832727,298,56,2,2,56,56,0,0,13,33,46,56,1,1,1,0
NCT01832727_EG005,NCT01832727,298,55,2,2,55,55,0,0,16,34,46,55,0,0,0,0
NCT01832727_EG006,NCT01832727,298,87,2,2,87,89,0,0,16,41,63,87,4,4,4,0
NCT01832727_EG007,NCT01832727,298,86,2,2,86,86,0,0,17,42,64,86,5,5,5,0
NCT01832727_EG008,NCT01832727,298,144,2,2,144,148,0,0,20,70,116,144,2,2,2,0
NCT01833143_EG000,NCT01833143,29,28,2,2,28,29,0,0,12,20,24,28,2,1,1,0
NCT01833546_EG003,NCT01833546,63,35,2,2,35,35,0,0,12,25,31,35,0,0,0,0
NCT01833845_EG000,NCT01833845,10,10,2,2,10,10,0,0,6,9,10,10,0,0,0,0
NCT01834235_EG001,NCT01834235,25,7,2,2,7,7,0,0,4,5,6,7,0,0,0,0
NCT01834274_EG000,NCT01834274,5,2,2,2,2,2,0,0,2,2,2,2,0,0,0,0
NCT01834274_EG001,NCT01834274,5,2,2,2,2,2,0,0,1,1,2,2,0,0,0,0
NCT01838590_EG000,NCT01838590,26,15,2,2,15,15,0,0,8,12,13,15,0,0,0,0
NCT01838590_EG001,NCT01838590,26,23,2,2,23,23,0,0,10,17,21,23,0,0,0,0
NCT01839487_EG001,NCT01839487,252,94,3,3,94,99,0,0,16,47,74,94,4,4,4,0
NCT01842581_EG001,NCT01842581,101,23,2,2,23,25,0,0,11,16,20,23,1,1,1,0
NCT01844583_EG000,NCT01844583,78,43,2,2,43,43,0,0,13,28,35,43,1,1,1,0
NCT01844583_EG001,NCT01844583,78,29,2,2,29,31,0,0,12,20,24,29,2,2,2,0
NCT01845636_EG000,NCT01845636,2,0,2,2,0,0,0,0,0,0,0,0,0,0,0,0
NCT01846611_EG000,NCT01846611,237,98,3,3,98,109,0,0,15,46,68,98,4,4,4,0
NCT01846624_EG000,NCT01846624,108,105,2,2,105,108,0,0,16,45,56,69,13,42,42,35
NCT01848067_EG000,NCT01848067,17,16,3,3,16,17,0,0,5,9,9,11,3,4,4,3
NCT01848990_EG001,NCT01848990,372,18,4,4,18,18,0,0,4,8,14,18,3,2,2,0
NCT01848990_EG002,NCT01848990,372,14,3,3,14,14,0,0,7,9,12,14,1,0,0,0
NCT01851174_EG000,NCT01851174,1,0,2,2,0,0,0,0,0,0,0,0,0,0,0,0
NCT01851330_EG001,NCT01851330,32,15,2,2,15,15,0,0,8,11,14,15,1,1,1,0
NCT01852019_EG003,NCT01852019,2,0,2,2,0,0,0,0,0,0,0,0,0,0,0,0
NCT01852019_EG004,NCT01852019,2,0,2,2,0,0,0,0,0,0,0,0,0,0,0,0
NCT01853280_EG000,NCT01853280,20,17,2,2,17,17,0,0,8,4,4,5,1,13,13,12
NCT01853748_EG001,NCT01853748,355,102,2,2,102,108,0,0,16,47,71,92,1,11,11,10
NCT01855243_EG000,NCT01855243,2,2,2,2,2,2,0,0,1,0,0,0,0,2,2,2
NCT01855750_EG000,NCT01855750,283,59,6,6,59,67,0,0,14,32,46,58,1,1,1,0
NCT01855750_EG001,NCT01855750,283,55,5,5,55,59,0,0,13,30,43,55,1,1,1,0
NCT01857531_EG000,NCT01857531,16,16,2,2,16,16,0,0,5,9,11,13,1,5,5,3
NCT01858948_EG000,NCT01858948,1,0,2,2,0,0,0,0,0,0,0,0,0,0,0,0
NCT01859078_EG001,NCT01859078,4,2,2,2,2,2,0,0,2,2,2,2,0,0,0,0
NCT01860040_EG000,NCT01860040,2,2,2,2,2,2,0,0,1,1,1,2,0,0,0,0
NCT01860040_EG001,NCT01860040,2,0,2,2,0,0,2,0,0,0,0,0,0,0,0,0
NCT01862328_EG000,NCT01862328,156,34,2,2,34,34,0,0,14,24,30,34,2,2,2,0
NCT01862328_EG001,NCT01862328,156,77,2,2,77,83,0,0,16,42,63,77,2,2,2,0
NCT01862328_EG003,NCT01862328,156,55,3,3,55,55,0,0,14,36,48,55,1,1,1,0
NCT01862328_EG004,NCT01862328,156,71,3,3,71,74,0,0,15,38,54,71,3,3,3,0
NCT01862328_EG005,NCT01862328,156,47,3,3,47,47,0,0,13,29,39,47,1,1,1,0
NCT01862328_EG006,NCT01862328,156,73,2,2,73,76,0,0,17,49,63,73,2,2,2,0
NCT01870726_EG001,NCT01870726,171,52,2,2,52,54,0,0,14,36,43,52,0,0,0,0
NCT01870726_EG002,NCT01870726,171,48,2,2,48,49,0,0,15,31,41,48,2,2,2,0
NCT01870726_EG003,NCT01870726,171,38,2,2,38,39,0,0,9,27,30,38,1,1,1,0
NCT01870726_EG004,NCT01870726,171,30,2,2,30,31,0,0,9,20,27,30,1,1,1,0
NCT01870726_EG005,NCT01870726,171,50,2,2,50,53,0,0,12,32,40,50,0,0,0,0
NCT01870726_EG006,NCT01870726,171,54,2,2,54,59,0,0,15,33,44,54,1,1,1,0
NCT01871558_EG000,NCT01871558,18,4,3,3,4,4,0,0,3,3,4,4,0,0,0,0
NCT01871558_EG001,NCT01871558,18,16,3,3,16,16,0,0,11,16,16,16,1,0,0,0
NCT01876251_EG000,NCT01876251,177,122,2,2,122,124,0,0,20,61,93,121,3,4,4,1
NCT01876251_EG001,NCT01876251,177,52,2,2,52,57,0,0,14,32,48,52,1,1,1,0
NCT01876251_EG002,NCT01876251,177,94,2,2,94,97,0,0,17,45,70,94,2,2,2,0
NCT01876823_EG000,NCT01876823,5,1,2,2,1,1,0,0,1,1,1,1,0,0,0,0
NCT01878786_EG000,NCT01878786,75,40,2,2,40,40,0,0,10,18,25,27,4,14,14,12
NCT01881126_EG000,NCT01881126,2,0,2,2,0,0,0,0,0,0,0,0,0,0,0,0
NCT01881126_EG001,NCT01881126,2,0,2,2,0,0,0,0,0,0,0,0,0,0,0,0
NCT01881230_EG001,NCT01881230,168,77,2,2,77,79,0,0,16,42,60,77,3,3,3,0
NCT01881230_EG002,NCT01881230,168,68,2,2,68,74,0,0,16,38,54,68,4,4,4,0
NCT01881789_EG000,NCT01881789,205,69,3,3,69,72,0,0,16,39,52,69,3,3,3,0
NCT01881789_EG001,NCT01881789,205,53,3,3,53,57,0,0,15,33,43,53,3,3,3,0
NCT01881789_EG002,NCT01881789,205,39,3,3,39,40,0,0,13,26,36,39,1,1,1,0
NCT01881789_EG003,NCT01881789,205,102,3,3,102,102,0,0,18,49,74,102,4,4,4,0
NCT01881789_EG004,NCT01881789,205,25,3,3,25,25,0,0,11,20,24,25,0,0,0,0
NCT01881789_EG005,NCT01881789,205,48,3,3,48,50,0,0,14,28,37,48,2,2,2,0
NCT01885910_EG000,NCT01885910,5,1,2,2,1,1,0,0,1,1,1,1,0,0,0,0
NCT01885949_EG000,NCT01885949,41,41,2,2,41,41,0,0,15,25,36,39,0,2,2,2
NCT01887288_EG000,NCT01887288,1,0,2,2,0,0,0,0,0,0,0,0,0,0,0,0
NCT01888952_EG000,NCT01888952,1,1,2,2,1,1,0,0,1,1,1,1,0,0,0,0
NCT01889602_EG000,NCT01889602,1,0,2,2,0,0,0,0,0,0,0,0,0,0,0,0
NCT01889602_EG001,NCT01889602,1,0,2,2,0,0,0,0,0,0,0,0,0,0,0,0
NCT01889602_EG002,NCT01889602,1,1,2,2,1,1,0,0,1,0,0,0,0,1,1,1
NCT01890343_EG000,NCT01890343,2,1,2,2,1,1,0,0,1,1,1,1,0,0,0,0
NCT01890967_EG000,NCT01890967,42,13,2,2,13,13,0,0,6,10,11,13,2,1,1,0
NCT01892371_EG000,NCT01892371,130,50,2,2,50,52,0,0,13,30,38,48,4,5,5,2
NCT01892371_EG001,NCT01892371,130,20,2,2,20,20,0,0,9,15,19,20,0,0,0,0
NCT01892371_EG002,NCT01892371,130,48,2,2,48,52,0,0,11,26,38,47,1,2,2,1
NCT01893203_EG000,NCT01893203,2,2,2,2,2,2,0,0,1,1,1,1,0,1,1,1
NCT01893320_EG000,NCT01893320,68,11,2,2,11,11,0,0,8,8,10,10,0,1,1,1
NCT01893320_EG001,NCT01893320,68,16,2,2,16,16,0,0,7,8,13,15,1,2,2,1
NCT01893801_EG000,NCT01893801,33,11,3,3,11,12,0,0,6,7,10,11,0,0,0,0
NCT01894776_EG000,NCT01894776,4,4,2,2,4,4,0,0,3,4,4,4,0,0,0,0
NCT01896193_EG000,NCT01896193,8,4,2,2,4,4,0,0,3,3,3,4,0,0,0,0
NCT01896193_EG001,NCT01896193,8,6,2,2,6,6,0,0,5,5,5,6,0,0,0,0
NCT01896531_EG000,NCT01896531,162,75,4,4,75,83,0,0,13,37,57,75,4,3,3,0
NCT01896557_EG000,NCT01896557,1,0,2,2,0,0,0,0,0,0,0,0,0,0,0,0
NCT01896557_EG001,NCT01896557,1,0,2,2,0,0,0,0,0,0,0,0,0,0,0,0
NCT01896726_EG002,NCT01896726,7,5,2,2,5,5,0,0,4,5,5,5,0,0,0,0
NCT01896856_EG000,NCT01896856,65,27,2,2,27,28,0,0,9,16,21,25,3,3,3,2
NCT01896856_EG001,NCT01896856,65,18,2,2,18,19,0,0,8,12,14,17,2,1,1,1
NCT01897493_EG002,NCT01897493,4,1,2,2,1,1,0,0,1,1,1,1,0,0,0,0
NCT01897571_EG010,NCT01897571,185,18,2,2,18,22,0,0,7,11,15,18,1,1,1,0
NCT01897714_EG000,NCT01897714,203,26,2,2,26,28,0,0,14,18,23,26,0,0,0,0
NCT01897714_EG001,NCT01897714,203,44,2,2,44,45,0,0,12,27,38,44,3,3,3,0
NCT01897714_EG002,NCT01897714,203,42,2,2,42,43,0,0,14,29,38,42,1,1,1,0
NCT01897714_EG003,NCT01897714,203,33,2,2,33,35,0,0,11,23,29,33,1,1,1,0
NCT01897714_EG004,NCT01897714,203,60,2,2,60,64,0,0,14,35,49,60,1,1,1,0
NCT01900847_EG001,NCT01900847,2,2,2,2,2,2,0,0,1,0,0,0,1,2,2,2
NCT01901809_EG002,NCT01901809,1,0,2,2,0,0,0,0,0,0,0,0,0,0,0,0
NCT01901809_EG003,NCT01901809,1,0,2,2,0,0,0,0,0,0,0,0,0,0,0,0
NCT01902004_EG000,NCT01902004,28,13,2,2,13,13,0,0,5,3,3,4,2,10,10,9
NCT01903798_EG003,NCT01903798,4,2,2,2,2,2,0,0,2,2,2,2,0,0,0,0
NCT01908842_EG000,NCT01908842,11,4,2,2,4,4,0,0,2,3,3,4,0,0,0,0
NCT01908842_EG001,NCT01908842,11,3,3,3,3,3,0,0,2,2,2,3,0,0,0,0
NCT01910441_EG000,NCT01910441,4,1,2,2,1,1,0,0,1,1,1,1,0,0,0,0
NCT01912274_EG000,NCT01912274,75,41,2,2,41,42,0,0,13,22,33,38,1,3,3,1
NCT01912872_EG001,NCT01912872,80,19,2,2,19,21,0,0,8,9,9,10,0,9,9,8
NCT01912872_EG003,NCT01912872,80,19,2,2,19,19,0,0,8,9,10,12,0,7,7,7
NCT01913327_EG000,NCT01913327,1,0,2,2,0,0,0,0,0,0,0,0,0,0,0,0
NCT01913327_EG001,NCT01913327,1,0,2,2,0,0,0,0,0,0,0,0,0,0,0,0
NCT01917656_EG000,NCT01917656,3,1,2,2,1,1,0,0,1,1,1,1,0,0,0,0
NCT01918332_EG000,NCT01918332,25,2,2,2,2,2,0,0,2,2,2,2,0,0,0,0
NCT01919086_EG000,NCT01919086,123,61,3,3,61,68,0,0,15,35,48,61,2,2,2,0
NCT01919229_EG002,NCT01919229,27,20,2,2,20,20,0,0,10,16,17,20,0,0,0,0
NCT01919723_EG000,NCT01919723,5,1,2,2,1,1,0,0,1,0,0,0,0,1,1,1
NCT01919723_EG001,NCT01919723,5,1,2,2,1,1,0,0,1,0,0,0,0,1,1,1
NCT01920061_EG000,NCT01920061,386,45,2,2,45,45,0,0,12,24,38,45,2,2,2,0
NCT01920061_EG001,NCT01920061,386,56,2,2,56,57,0,0,14,30,45,56,2,2,2,0
NCT01920061_EG002,NCT01920061,386,31,2,2,31,31,0,0,11,18,28,31,1,1,1,0
NCT01920061_EG003,NCT01920061,386,37,2,2,37,38,0,0,13,22,31,37,1,1,1,0
NCT01920061_EG004,NCT01920061,386,65,2,2,65,65,0,0,16,34,53,65,3,3,3,0
NCT01920061_EG013,NCT01920061,386,105,2,2,105,106,0,0,18,47,77,105,6,5,5,0
NCT01920061_EG014,NCT01920061,386,56,2,2,56,57,0,0,18,33,46,56,1,1,1,0
NCT01920061_EG015,NCT01920061,386,57,2,2,57,58,0,0,15,33,50,57,1,1,1,0
NCT01920061_EG016,NCT01920061,386,42,2,2,42,42,0,0,12,25,35,42,1,1,1,0
NCT01920061_EG017,NCT01920061,386,38,2,2,38,38,0,0,14,25,34,38,1,0,0,0
NCT01922011_EG001,NCT01922011,19,7,2,2,7,7,0,0,5,6,7,7,0,0,0,0
NCT01924299_EG002,NCT01924299,22,4,2,2,4,4,0,0,3,4,4,4,1,0,0,0
NCT01924299_EG005,NCT01924299,22,8,2,2,8,8,0,0,5,8,8,8,1,0,0,0
NCT01924533_EG000,NCT01924533,146,42,2,2,42,42,0,0,11,23,33,42,0,0,0,0
NCT01925144_EG002,NCT01925144,5,2,2,2,2,2,0,0,2,2,2,2,0,0,0,0
NCT01925274_EG000,NCT01925274,103,75,2,2,75,76,0,0,16,41,62,75,2,2,2,0
NCT01925274_EG001,NCT01925274,103,41,2,2,41,41,0,0,13,27,37,41,1,1,1,0
NCT01925274_EG002,NCT01925274,103,24,2,2,24,25,0,0,12,17,21,24,1,1,1,0
NCT01925612_EG004,NCT01925612,173,50,5,5,50,53,0,0,14,32,44,50,1,1,1,0
NCT01926626_EG000,NCT01926626,24,24,2,2,24,24,0,0,6,11,14,17,4,10,10,7
NCT01927120_EG000,NCT01927120,26,26,3,3,26,26,0,0,11,16,17,20,0,6,6,6
NCT01928290_EG000,NCT01928290,160,56,4,4,56,62,0,0,14,30,46,53,5,8,8,3
NCT01928290_EG001,NCT01928290,160,36,5,5,36,37,0,0,11,23,31,35,2,3,3,1
NCT01929876_EG000,NCT01929876,11,11,2,2,11,11,0,0,6,8,10,11,0,0,0,0
NCT01931098_EG000,NCT01931098,115,57,2,2,57,59,0,0,16,33,44,50,1,8,8,7
NCT01931098_EG001,NCT01931098,115,32,2,2,32,32,0,0,13,22,28,30,1,3,3,2
NCT01932762_EG000,NCT01932762,87,24,3,3,24,24,0,0,10,17,22,24,0,0,0,0
NCT01932762_EG003,NCT01932762,87,47,2,2,47,47,0,0,12,26,36,47,0,0,0,0
NCT01934894_EG000,NCT01934894,38,26,2,2,26,26,0,0,11,20,25,26,1,1,1,0
NCT01934894_EG001,NCT01934894,38,16,2,2,16,16,0,0,9,12,15,16,0,0,0,0
NCT01937299_EG001,NCT01937299,4,3,2,2,3,3,0,0,2,3,3,3,0,0,0,0
NCT01937975_EG000,NCT01937975,9,5,2,2,5,5,0,0,3,4,5,5,0,0,0,0
NCT01937975_EG001,NCT01937975,9,4,2,2,4,4,0,0,3,3,3,4,0,0,0,0
NCT01937975_EG002,NCT01937975,9,4,2,2,4,4,0,0,4,4,4,4,0,0,0,0
NCT01938001_EG000,NCT01938001,136,57,2,2,57,58,0,0,14,31,42,57,2,2,2,0
NCT01938430_EG000,NCT01938430,221,19,2,2,19,19,0,0,8,14,18,19,1,1,1,0
NCT01938430_EG001,NCT01938430,221,40,2,2,40,40,0,0,12,24,35,40,3,3,3,0
NCT01938430_EG002,NCT01938430,221,23,2,2,23,23,0,0,11,17,21,22,0,0,0,0
NCT01938430_EG003,NCT01938430,221,45,2,2,45,47,0,0,14,30,40,45,1,1,1,0
NCT01938430_EG004,NCT01938430,221,33,2,2,33,33,0,0,12,21,27,33,2,2,2,0
NCT01938430_EG005,NCT01938430,221,45,2,2,45,46,0,0,12,23,33,44,3,3,3,0
NCT01938430_EG006,NCT01938430,221,29,2,2,29,29,0,0,11,20,26,29,0,0,0,0
NCT01938430_EG007,NCT01938430,221,22,2,2,22,22,0,0,13,14,19,22,1,1,1,0
NCT01938430_EG008,NCT01938430,221,17,2,2,17,17,0,0,9,11,14,17,2,2,2,0
NCT01938430_EG009,NCT01938430,221,45,2,2,45,47,0,0,11,27,36,45,2,2,2,0
NCT01938430_EG010,NCT01938430,221,18,2,2,18,18,0,0,9,12,16,18,1,1,1,0
NCT01938430_EG011,NCT01938430,221,36,2,2,36,37,0,0,15,25,32,36,3,3,3,0
NCT01938430_EG012,NCT01938430,221,13,2,2,13,13,0,0,9,11,12,13,0,0,0,0
NCT01938430_EG013,NCT01938430,221,13,2,2,13,13,0,0,8,10,11,13,1,1,1,0
NCT01938833_EG000,NCT01938833,83,82,2,2,82,83,0,0,15,36,47,62,8,26,27,20
NCT01940276_EG000,NCT01940276,268,63,2,2,63,66,0,0,15,35,51,61,1,3,3,2
NCT01940276_EG001,NCT01940276,268,63,2,2,63,68,0,0,14,35,50,62,3,3,3,0
NCT01946165_EG001,NCT01946165,121,30,3,3,30,30,0,0,12,19,24,30,1,1,1,0
NCT01946477_EG000,NCT01946477,323,106,2,2,106,113,0,0,16,46,80,106,0,0,0,0
NCT01949870_EG000,NCT01949870,27,27,3,3,27,27,0,0,10,18,22,27,1,1,1,0
NCT01951105_EG001,NCT01951105,12,6,2,2,6,6,0,0,3,2,2,3,1,4,4,3
NCT01951157_EG002,NCT01951157,92,35,2,2,35,38,0,0,14,27,31,34,4,4,4,2
NCT01951820_EG000,NCT01951820,1,0,2,2,0,0,0,0,0,0,0,0,0,0,0,0
NCT01951820_EG001,NCT01951820,1,0,2,2,0,0,0,0,0,0,0,0,0,0,0,0
NCT01951885_EG000,NCT01951885,338,147,2,2,147,147,0,0,19,61,90,112,7,38,38,35
NCT01951885_EG001,NCT01951885,338,136,3,3,136,136,0,0,18,56,80,102,9,39,39,33
NCT01953003_EG000,NCT01953003,59,31,2,2,31,32,0,0,8,15,21,25,0,5,5,5
NCT01953926_EG001,NCT01953926,280,57,2,2,57,57,0,0,16,35,48,57,1,1,1,0
NCT01953926_EG002,NCT01953926,280,70,2,2,70,83,0,0,15,37,59,70,2,2,2,0
NCT01953926_EG003,NCT01953926,280,54,2,2,54,58,0,0,13,31,44,54,2,2,2,0
NCT01955382_EG000,NCT01955382,5,2,3,3,2,2,0,0,1,2,2,2,0,0,0,0
NCT01955382_EG001,NCT01955382,5,1,2,2,1,1,0,0,1,1,1,1,0,0,0,0
NCT01958112_EG000,NCT01958112,5,5,2,2,5,5,0,0,5,4,4,4,0,1,1,1
NCT01958281_EG000,NCT01958281,91,49,2,2,49,49,0,0,16,28,39,48,1,1,1,0
NCT01958281_EG001,NCT01958281,91,29,2,2,29,30,0,0,13,21,27,29,0,0,0,0
NCT01958671_EG000,NCT01958671,43,9,3,3,9,9,0,0,3,5,8,9,0,0,0,0
NCT01958671_EG002,NCT01958671,43,9,2,2,9,9,0,0,4,5,8,9,0,0,0,0
NCT01959139_EG002,NCT01959139,267,96,4,4,96,98,0,0,16,46,71,89,5,9,9,5
NCT01962896_EG000,NCT01962896,4,4,2,2,4,4,0,0,3,3,3,3,0,1,1,1
NCT01963481_EG000,NCT01963481,1,1,2,2,1,1,0,0,1,1,1,1,0,0,0,0
NCT01964430_EG000,NCT01964430,271,60,2,2,60,65,0,0,12,33,48,60,3,3,3,0
NCT01965535_EG001,NCT01965535,47,30,2,2,30,30,0,0,10,16,26,30,0,0,0,0
NCT01966978_EG000,NCT01966978,23,7,3,3,7,7,0,0,5,5,5,5,0,2,2,2
NCT01966978_EG001,NCT01966978,23,3,3,3,3,3,0,0,3,1,1,1,0,2,2,2
NCT01967940_EG003,NCT01967940,46,24,2,2,24,24,0,0,12,17,21,24,1,1,1,0
NCT01968057_EG001,NCT01968057,32,28,2,2,28,28,0,0,8,14,19,28,6,4,4,0
NCT01969565_EG000,NCT01969565,1,0,2,2,0,0,0,0,0,0,0,0,0,0,0,0
NCT01970371_EG000,NCT01970371,78,48,3,3,48,50,0,0,14,24,36,47,0,0,0,0
NCT01970371_EG001,NCT01970371,78,35,3,3,35,39,0,0,13,23,28,35,0,0,0,0
NCT01970540_EG000,NCT01970540,182,75,2,2,75,78,0,0,16,40,58,74,4,4,4,1
NCT01970540_EG001,NCT01970540,182,40,2,2,40,44,0,0,14,22,33,38,0,1,1,1
NCT01970540_EG002,NCT01970540,182,110,2,2,110,115,0,0,18,55,79,108,3,4,4,2
NCT01972659_EG001,NCT01972659,1,0,2,2,0,0,0,0,0,0,0,0,0,0,0,0
NCT01972724_EG000,NCT01972724,22,5,3,3,5,5,0,0,5,5,5,5,0,0,0,0
NCT01972724_EG001,NCT01972724,22,12,3,3,12,12,0,0,6,10,11,12,1,1,1,0
NCT01972724_EG002,NCT01972724,22,0,3,3,0,0,0,0,0,0,0,0,0,0,0,0
NCT01974752_EG001,NCT01974752,98,60,2,2,60,60,0,0,14,31,47,60,3,3,3,0
NCT01976364_EG001,NCT01976364,180,4,2,2,4,4,0,0,2,2,3,4,0,0,0,0
NCT01979445_EG000,NCT01979445,1,0,2,2,0,0,0,0,0,0,0,0,0,0,0,0
NCT01979445_EG001,NCT01979445,1,0,2,2,0,0,0,0,0,0,0,0,0,0,0,0
NCT01979445_EG002,NCT01979445,1,0,2,2,0,0,0,0,0,0,0,0,0,0,0,0
NCT01979445_EG003,NCT01979445,1,0,2,2,0,0,0,0,0,0,0,0,0,0,0,0
NCT01979536_EG000,NCT01979536,141,19,8,8,19,22,0,0,6,12,15,18,0,1,1,1
NCT01979536_EG001,NCT01979536,141,23,8,8,23,28,0,0,7,15,18,22,0,1,1,1
NCT01980589_EG000,NCT01980589,188,66,3,3,66,66,0,0,18,41,52,66,6,6,6,0
NCT01980589_EG001,NCT01980589,188,40,3,3,40,40,0,0,13,21,27,40,2,2,2,0
NCT01980589_EG002,NCT01980589,188,129,3,3,129,134,0,0,18,56,90,129,9,8,8,0
NCT01980654_EG000,NCT01980654,233,113,2,2,113,115,0,0,20,54,85,113,5,5,5,0
NCT01980654_EG001,NCT01980654,233,174,2,2,174,181,0,0,22,63,112,174,8,8,8,0
NCT01980888_EG000,NCT01980888,191,63,3,3,63,71,0,0,16,34,50,63,2,2,2,0
NCT01980888_EG001,NCT01980888,191,49,2,2,49,50,0,0,13,26,39,49,2,2,2,0
NCT01982955_EG000,NCT01982955,177,50,2,2,50,53,0,0,10,25,33,49,2,3,3,1
NCT01982955_EG001,NCT01982955,177,76,2,2,76,88,0,0,18,43,60,75,6,7,7,1
NCT01982955_EG002,NCT01982955,177,69,2,2,69,71,0,0,11,31,48,68,6,7,7,1
NCT01982955_EG003,NCT01982955,177,47,3,3,47,49,0,0,11,24,33,46,0,1,1,1
NCT01982955_EG004,NCT01982955,177,68,2,2,68,72,0,0,14,35,52,68,3,3,3,0
NCT01984684_EG001,NCT01984684,34,2,2,2,2,2,0,0,1,2,2,2,0,0,0,0
NCT01985334_EG004,NCT01985334,129,2,2,2,2,2,0,0,2,2,2,2,0,0,0,0
NCT01987232_EG000,NCT01987232,159,35,3,3,35,35,0,0,14,26,33,35,0,0,0,0
NCT01987232_EG001,NCT01987232,159,42,3,3,42,42,0,0,14,31,38,41,0,0,0,0
NCT01987232_EG002,NCT01987232,159,51,3,3,51,52,0,0,12,33,43,51,1,0,0,0
NCT01987232_EG003,NCT01987232,159,87,3,3,87,91,0,0,17,47,65,87,3,3,3,0
NCT01987232_EG004,NCT01987232,159,40,3,3,40,41,0,0,13,28,34,39,1,1,1,0
NCT01987453_EG000,NCT01987453,41,15,2,2,15,15,0,0,8,12,14,15,0,0,0,0
NCT01987453_EG002,NCT01987453,41,26,2,2,26,27,0,0,11,16,23,26,2,2,2,0
NCT01991197_EG001,NCT01991197,8,7,2,2,7,7,0,0,4,4,5,6,0,1,2,1
NCT01994590_EG000,NCT01994590,26,26,3,3,26,26,0,0,8,17,19,23,0,3,3,2
NCT01995045_EG000,NCT01995045,1,0,2,2,0,0,0,0,0,0,0,0,0,0,0,0
NCT01995058_EG003,NCT01995058,156,61,2,2,61,61,0,0,16,37,50,58,1,4,4,3
NCT01995266_EG000,NCT01995266,19,11,2,2,11,11,0,0,6,7,8,11,0,0,0,0
NCT01998880_EG000,NCT01998880,156,20,2,2,20,20,0,0,10,15,17,20,0,0,0,0
NCT01998919_EG000,NCT01998919,241,56,3,3,56,58,0,0,14,30,43,56,1,1,1,0
NCT01999114_EG001,NCT01999114,27,20,2,2,20,20,0,0,6,9,14,20,6,4,4,0
NCT01999335_EG000,NCT01999335,230,27,3,3,27,27,0,0,11,19,23,27,0,0,0,0
NCT01999335_EG001,NCT01999335,230,21,3,3,21,22,0,0,10,15,18,21,2,2,2,0
NCT01999335_EG002,NCT01999335,230,92,3,3,92,94,0,0,16,48,70,92,5,5,5,0
NCT01999335_EG003,NCT01999335,230,121,3,3,121,123,0,0,16,56,89,121,5,5,5,0
NCT01999335_EG004,NCT01999335,230,118,3,3,118,121,0,0,19,53,82,117,4,4,4,0
NCT02000882_EG000,NCT02000882,79,74,3,3,74,79,0,0,17,43,55,66,3,8,8,4
NCT02002221_EG000,NCT02002221,9,6,3,3,6,6,0,0,5,5,5,6,1,1,1,0
NCT02002221_EG001,NCT02002221,9,4,2,2,4,4,0,0,3,3,3,4,1,1,1,0
NCT02003625_EG001,NCT02003625,1,0,2,2,0,0,0,0,0,0,0,0,0,0,0,0
NCT02004093_EG001,NCT02004093,84,38,3,3,38,38,0,0,11,23,32,38,1,1,1,0
NCT02005471_EG000,NCT02005471,212,39,2,2,39,42,0,0,13,25,32,39,2,2,2,0
NCT02005471_EG002,NCT02005471,212,18,2,2,18,19,0,0,7,13,16,18,0,0,0,0
NCT02005887_EG000,NCT02005887,13,6,2,2,6,6,0,0,4,5,5,5,0,1,1,1
NCT02005887_EG001,NCT02005887,13,8,2,2,8,8,0,0,4,7,7,7,1,1,1,1
NCT02006667_EG000,NCT02006667,60,53,3,3,53,60,0,0,17,29,38,44,5,11,11,9
NCT02007278_EG001,NCT02007278,50,38,2,2,38,38,0,0,15,28,33,38,2,2,2,0
NCT02007512_EG000,NCT02007512,108,33,2,2,33,33,0,0,11,23,28,33,0,0,0,0
NCT02007512_EG001,NCT02007512,108,32,2,2,32,32,0,0,11,21,26,32,0,0,0,0
NCT02007512_EG002,NCT02007512,108,31,2,2,31,31,0,0,11,19,24,31,0,0,0,0
NCT02007512_EG003,NCT02007512,108,31,2,2,31,31,0,0,12,18,24,31,0,0,0,0
NCT02008877_EG000,NCT02008877,107,34,2,2,34,35,0,0,14,23,27,31,1,3,3,3
NCT02008877_EG001,NCT02008877,107,63,2,2,63,65,0,0,17,36,47,59,7,11,11,4
NCT02008877_EG002,NCT02008877,107,60,2,2,60,65,0,0,16,32,43,53,3,9,9,7
NCT02009332_EG005,NCT02009332,33,21,2,2,21,21,0,0,10,14,16,16,0,5,5,5
NCT02010255_EG000,NCT02010255,197,19,2,2,19,19,0,0,8,10,12,19,2,2,2,0
NCT02010255_EG001,NCT02010255,197,26,2,2,26,26,0,0,12,18,22,26,1,1,1,0
NCT02010255_EG002,NCT02010255,197,28,2,2,28,30,0,0,12,21,25,28,0,0,0,0
NCT02010255_EG003,NCT02010255,197,30,2,2,30,31,0,0,12,17,24,30,2,2,2,0
NCT02010255_EG004,NCT02010255,197,33,2,2,33,33,0,0,12,18,28,33,0,0,0,0
NCT02010255_EG005,NCT02010255,197,40,2,2,40,40,0,0,12,21,33,40,1,1,1,0
NCT02010255_EG006,NCT02010255,197,27,2,2,27,27,0,0,12,17,22,27,2,2,2,0
NCT02010255_EG007,NCT02010255,197,38,2,2,38,39,0,0,12,22,30,38,2,2,2,0
NCT02010255_EG008,NCT02010255,197,46,2,2,46,48,0,0,14,28,37,46,2,2,2,0
NCT02010255_EG009,NCT02010255,197,22,2,2,22,23,0,0,8,15,19,22,1,1,1,0
NCT02010255_EG010,NCT02010255,197,22,2,2,22,22,0,0,12,16,18,22,1,1,1,0
NCT02010255_EG011,NCT02010255,197,18,2,2,18,19,0,0,11,15,16,18,0,0,0,0
NCT02010255_EG012,NCT02010255,197,20,2,2,20,20,0,0,12,16,18,20,1,1,1,0
NCT02010255_EG013,NCT02010255,197,21,2,2,21,21,0,0,10,14,17,21,1,1,1,0
NCT02010645_EG000,NCT02010645,23,23,2,2,23,23,0,0,13,18,20,22,1,3,3,1
NCT02011113_EG000,NCT02011113,93,67,2,2,67,71,0,0,16,40,54,67,1,1,1,0
NCT02012192_EG000,NCT02012192,101,45,2,2,45,48,0,0,13,26,34,39,3,7,7,5
NCT02012218_EG002,NCT02012218,59,16,2,2,16,16,0,0,7,13,14,16,0,0,0,0
NCT02012491_EG001,NCT02012491,3,1,2,2,1,1,0,0,1,1,1,1,0,0,0,0
NCT02013817_EG000,NCT02013817,195,59,3,3,59,62,0,0,12,28,42,59,3,3,3,0
NCT02014558_EG011,NCT02014558,484,150,2,2,150,163,0,0,21,66,108,149,5,5,5,0
NCT02014558_EG012,NCT02014558,484,97,2,2,97,103,0,0,17,51,77,97,2,2,2,0
NCT02014740_EG000,NCT02014740,1,1,2,2,1,1,0,0,1,1,1,1,0,0,0,0
NCT02017015_EG000,NCT02017015,82,57,2,2,57,57,0,0,12,32,46,57,2,2,2,0
NCT02018861_EG008,NCT02018861,191,54,5,5,54,55,0,0,16,34,45,54,2,2,2,0
NCT02018861_EG009,NCT02018861,191,13,5,5,13,13,0,0,7,12,13,13,0,0,0,0
NCT02020577_EG000,NCT02020577,102,18,2,2,18,18,0,0,8,13,18,18,0,0,0,0
NCT02020577_EG001,NCT02020577,102,61,2,2,61,65,0,0,16,34,51,61,1,1,1,0
NCT02023905_EG001,NCT02023905,75,15,2,2,15,15,0,0,10,8,8,8,1,7,7,7
NCT02024607_EG000,NCT02024607,194,62,4,4,62,70,0,0,13,34,50,62,2,2,2,0
NCT02024607_EG002,NCT02024607,194,57,3,3,57,62,0,0,12,31,46,57,2,2,2,0
NCT02024607_EG005,NCT02024607,194,54,2,2,54,56,0,0,13,32,46,54,2,2,2,0
NCT02024607_EG006,NCT02024607,194,16,2,2,16,17,0,0,8,12,15,16,0,0,0,0
NCT02027311_EG000,NCT02027311,1,0,2,2,0,0,0,0,0,0,0,0,0,0,0,0
NCT02027311_EG001,NCT02027311,1,0,2,2,0,0,0,0,0,0,0,0,0,0,0,0
NCT02027376_EG000,NCT02027376,47,16,2,2,16,18,0,0,8,13,14,16,0,0,0,0
NCT02027376_EG001,NCT02027376,47,16,2,2,16,19,0,0,8,13,13,15,0,1,1,1
NCT02027376_EG002,NCT02027376,47,29,2,2,29,33,0,0,11,21,26,28,0,1,1,1
NCT02028507_EG000,NCT02028507,106,33,2,2,33,33,0,0,10,19,29,33,1,1,1,0
NCT02028507_EG001,NCT02028507,106,33,2,2,33,33,0,0,11,20,29,33,1,1,1,0
NCT02028754_EG000,NCT02028754,1,0,3,3,0,0,0,0,0,0,0,0,0,0,0,0
NCT02028754_EG001,NCT02028754,1,0,2,2,0,0,0,0,0,0,0,0,0,0,0,0
NCT02029872_EG000,NCT02029872,1,1,3,3,1,1,0,0,1,1,1,1,0,0,0,0
NCT02029872_EG001,NCT02029872,1,0,3,3,0,0,0,0,0,0,0,0,0,0,0,0
NCT02030041_EG001,NCT02030041,1,1,2,2,1,1,0,0,1,1,1,1,0,0,0,0
NCT02038647_EG000,NCT02038647,115,52,2,2,52,55,0,0,13,28,40,52,2,2,2,0
NCT02038777_EG003,NCT02038777,219,57,2,2,57,57,0,0,14,33,48,57,1,1,1,0
NCT02038777_EG004,NCT02038777,219,68,3,3,68,69,0,0,15,44,55,68,2,1,1,0
NCT02038777_EG005,NCT02038777,219,63,2,2,63,64,0,0,14,36,49,63,3,2,2,0
NCT02038777_EG007,NCT02038777,219,106,2,2,106,110,0,0,18,59,87,106,5,4,4,0
NCT02039947_EG000,NCT02039947,299,73,2,2,73,74,0,0,14,37,56,72,3,3,3,0
NCT02039947_EG001,NCT02039947,299,112,2,2,112,116,0,0,19,60,88,112,3,4,4,0
NCT02039947_EG002,NCT02039947,299,129,2,2,129,138,0,0,18,61,93,127,6,6,6,0
NCT02039947_EG003,NCT02039947,299,125,2,2,125,132,0,0,17,55,89,123,4,4,4,0
NCT02041429_EG000,NCT02041429,80,33,2,2,33,33,0,0,14,24,27,28,1,6,6,5
NCT02041429_EG001,NCT02041429,80,18,2,2,18,19,0,0,9,14,16,18,2,2,2,0
NCT02041429_EG002,NCT02041429,80,36,2,2,36,38,0,0,12,23,30,34,1,3,3,2
NCT02041429_EG003,NCT02041429,80,36,2,2,36,40,0,0,12,23,31,34,2,3,3,2
NCT02043366_EG000,NCT02043366,1,0,2,2,0,0,0,0,0,0,0,0,0,0,0,0
NCT02043366_EG001,NCT02043366,1,0,2,2,0,0,0,0,0,0,0,0,0,0,0,0
NCT02043366_EG002,NCT02043366,1,0,2,2,0,0,0,0,0,0,0,0,0,0,0,0
NCT02043366_EG003,NCT02043366,1,0,2,2,0,0,0,0,0,0,0,0,0,0,0,0
NCT02043366_EG004,NCT02043366,1,0,3,3,0,0,0,0,0,0,0,0,0,0,0,0
NCT02043366_EG005,NCT02043366,1,0,2,2,0,0,0,0,0,0,0,0,0,0,0,0
NCT02043652_EG000,NCT02043652,1,0,2,2,0,0,0,0,0,0,0,0,0,0,0,0
NCT02044822_EG000,NCT02044822,117,45,2,2,45,47,0,0,13,26,34,45,2,2,2,0
NCT02045862_EG002,NCT02045862,75,2,2,2,2,2,0,0,2,2,2,2,0,0,0,0
NCT02046070_EG000,NCT02046070,151,48,3,3,48,50,0,0,12,24,38,48,1,1,1,0
NCT02046070_EG001,NCT02046070,151,51,3,3,51,52,0,0,16,33,45,51,1,1,1,0
NCT02046070_EG002,NCT02046070,151,50,3,3,50,51,0,0,12,22,36,50,2,2,2,0
NCT02047253_EG000,NCT02047253,2,2,3,3,2,2,0,0,2,2,2,2,0,0,0,0
NCT02047500_EG000,NCT02047500,84,78,3,3,78,84,0,0,16,42,61,78,5,5,5,0
NCT02049151_EG000,NCT02049151,90,62,2,2,62,62,0,0,17,36,51,62,1,1,1,0
NCT02049814_EG000,NCT02049814,10,2,2,2,2,2,0,0,2,2,2,2,0,0,0,0
NCT02049814_EG001,NCT02049814,10,2,2,2,2,2,0,0,2,2,2,2,0,0,0,0
NCT02049957_EG000,NCT02049957,322,61,2,2,61,62,0,0,14,34,52,61,0,0,0,0
NCT02049957_EG001,NCT02049957,322,72,2,2,72,72,0,0,17,45,60,71,3,3,3,0
NCT02049957_EG002,NCT02049957,322,17,2,2,17,17,0,0,8,12,15,17,0,0,0,0
NCT02049957_EG003,NCT02049957,322,21,2,2,21,21,0,0,9,15,18,21,1,0,0,0
NCT02049957_EG004,NCT02049957,322,42,2,2,42,45,0,0,14,30,37,42,0,0,0,0
NCT02049957_EG005,NCT02049957,322,74,2,2,74,75,0,0,15,45,60,74,1,1,1,0
NCT02049957_EG006,NCT02049957,322,52,2,2,52,52,0,0,12,32,44,51,1,1,1,0
NCT02049957_EG007,NCT02049957,322,58,2,2,58,59,0,0,16,40,51,58,0,0,0,0
NCT02049957_EG008,NCT02049957,322,59,2,2,59,60,0,0,13,37,48,59,2,2,2,0
NCT02050321_EG000,NCT02050321,2,2,2,2,2,2,0,0,2,0,0,0,0,2,2,2
NCT02053610_EG000,NCT02053610,239,17,2,2,17,17,0,0,9,13,15,17,0,0,0,0
NCT02054156_EG000,NCT02054156,90,33,2,2,33,37,0,0,9,17,25,33,0,0,0,0
NCT02054520_EG004,NCT02054520,205,41,2,2,41,41,0,0,13,28,30,40,7,4,4,1
NCT02057640_EG000,NCT02057640,55,14,3,3,14,14,0,0,8,10,11,12,1,3,3,2
NCT02057640_EG001,NCT02057640,55,48,3,3,48,48,0,0,14,25,35,44,3,7,7,4
NCT02059213_EG000,NCT02059213,212,123,3,3,123,125,0,0,19,52,85,104,6,23,23,19
NCT02059213_EG001,NCT02059213,212,106,4,4,106,106,0,0,18,49,75,93,5,16,16,13
NCT02061384_EG000,NCT02061384,1,1,2,2,1,1,0,0,1,1,1,1,0,0,0,0
NCT02068443_EG001,NCT02068443,17,1,2,2,1,1,0,0,1,1,1,1,0,0,0,0
NCT02068443_EG002,NCT02068443,17,2,2,2,2,2,0,0,1,1,1,2,0,0,0,0
NCT02072096_EG001,NCT02072096,263,18,7,7,18,18,0,0,9,13,15,18,1,1,1,0
NCT02073123_EG004,NCT02073123,433,115,2,2,115,115,0,0,19,59,83,115,4,5,5,0
NCT02073682_EG000,NCT02073682,249,6,2,2,6,7,0,0,5,5,6,6,0,0,0,0
NCT02074631_EG001,NCT02074631,12,4,2,2,4,4,0,0,4,3,3,3,0,1,1,1
NCT02075021_EG000,NCT02075021,1,0,2,2,0,0,0,0,0,0,0,0,0,0,0,0
NCT02076009_EG000,NCT02076009,434,84,2,2,84,90,0,0,16,43,63,84,2,2,2,0
NCT02077166_EG001,NCT02077166,424,61,3,3,61,61,0,0,14,35,50,61,1,1,1,0
NCT02077166_EG003,NCT02077166,424,89,3,3,89,91,0,0,18,47,67,89,4,4,4,0
NCT02077166_EG004,NCT02077166,424,167,3,3,167,172,0,0,22,76,122,167,7,5,5,0
NCT02077166_EG005,NCT02077166,424,128,3,3,128,134,0,0,19,58,89,128,4,4,4,0
NCT02077166_EG006,NCT02077166,424,92,3,3,92,95,0,0,20,49,73,92,3,3,3,0
NCT02077881_EG003,NCT02077881,469,113,3,3,113,121,0,0,17,53,84,113,5,7,7,0
NCT02079636_EG001,NCT02079636,340,89,2,2,89,101,0,0,17,44,69,89,2,2,2,0
NCT02079636_EG002,NCT02079636,340,25,2,2,25,26,1,0,12,17,24,25,1,1,1,0
NCT02079636_EG003,NCT02079636,340,76,2,2,76,84,0,0,15,39,57,75,2,2,2,0
NCT02079636_EG008,NCT02079636,340,21,2,2,21,21,0,0,10,19,20,21,0,0,0,0
NCT02079636_EG009,NCT02079636,340,49,2,2,49,50,0,0,14,30,39,49,3,3,3,0
NCT02079636_EG010,NCT02079636,340,83,2,2,83,84,0,0,15,44,69,82,2,2,2,0
NCT02079636_EG011,NCT02079636,340,22,2,2,22,22,0,0,9,15,18,22,1,1,1,0
NCT02079636_EG012,NCT02079636,340,59,2,2,59,60,0,0,13,38,52,59,2,2,2,0
NCT02079636_EG013,NCT02079636,340,21,2,2,21,21,0,0,11,16,19,21,0,0,0,0
NCT02079636_EG014,NCT02079636,340,83,2,2,83,91,0,0,19,48,67,83,2,2,2,0
NCT02080455_EG000,NCT02080455,15,12,2,2,12,12,0,0,7,9,11,11,0,1,1,1
NCT02080455_EG001,NCT02080455,15,5,2,2,5,5,0,0,2,4,5,5,0,0,0,0
NCT02083406_EG000,NCT02083406,11,3,2,2,3,3,0,0,2,2,2,3,1,1,1,0
NCT02083406_EG001,NCT02083406,11,8,2,2,8,8,0,0,7,8,8,8,0,0,0,0
NCT02083406_EG002,NCT02083406,11,3,2,2,3,3,0,0,2,3,3,3,0,0,0,0
NCT02084134_EG000,NCT02084134,1,0,2,2,0,0,0,0,0,0,0,0,0,0,0,0
NCT02085252_EG000,NCT02085252,19,9,2,2,9,11,0,0,8,9,10,9,0,0,0,0
NCT02090114_EG000,NCT02090114,64,27,3,3,27,27,0,0,14,18,22,25,3,5,5,2
NCT02090114_EG001,NCT02090114,64,20,3,3,20,20,0,0,12,15,15,17,2,5,5,3
NCT02090114_EG002,NCT02090114,64,14,2,2,14,14,0,0,8,10,10,13,3,4,4,1
NCT02090114_EG003,NCT02090114,64,17,2,2,17,17,0,0,11,13,16,16,1,1,1,0
NCT02090413_EG001,NCT02090413,283,30,2,2,30,30,0,0,11,19,26,30,0,0,0,0
NCT02090413_EG002,NCT02090413,283,39,2,2,39,39,0,0,10,19,29,39,1,1,1,0
NCT02091141_EG003,NCT02091141,192,54,2,2,54,57,0,0,14,29,47,54,2,2,2,0
NCT02091960_EG000,NCT02091960,55,26,2,2,26,29,0,0,11,17,21,26,0,0,0,0
NCT02092298_EG000,NCT02092298,4,4,3,3,4,4,0,0,4,2,2,2,0,2,2,2
NCT02093026_EG000,NCT02093026,295,41,4,4,41,44,0,0,15,22,30,40,2,3,3,1
NCT02093390_EG000,NCT02093390,16,12,2,2,12,12,0,0,4,4,10,12,0,0,0,0
NCT02093390_EG001,NCT02093390,16,9,2,2,9,9,0,0,3,3,6,8,1,1,1,0
NCT02094443_EG000,NCT02094443,40,24,2,2,24,24,0,0,12,16,22,24,0,0,0,0
NCT02095132_EG000,NCT02095132,427,54,2,2,54,61,0,0,13,30,35,40,2,15,15,14
NCT02095132_EG001,NCT02095132,427,71,2,2,71,74,0,0,16,40,52,64,1,7,7,6
NCT02095132_EG002,NCT02095132,427,90,2,2,90,101,0,0,19,43,63,79,6,16,16,11
NCT02095132_EG003,NCT02095132,427,123,2,2,123,142,0,0,20,52,81,105,4,21,21,17
NCT02095132_EG004,NCT02095132,427,123,2,2,123,137,0,0,20,49,72,91,4,35,35,31
NCT02095132_EG005,NCT02095132,427,116,2,2,116,125,0,0,19,56,75,100,5,19,19,15
NCT02095132_EG006,NCT02095132,427,101,2,2,101,112,0,0,20,43,62,77,3,25,25,24
NCT02095132_EG007,NCT02095132,427,122,2,2,122,139,0,0,19,56,83,103,2,21,21,19
NCT02095132_EG008,NCT02095132,427,117,2,2,117,133,0,0,20,55,76,97,4,23,23,19
NCT02096055_EG002,NCT02096055,112,48,2,2,48,55,0,0,17,24,29,35,4,16,16,13
NCT02096055_EG003,NCT02096055,112,28,2,2,28,29,0,0,12,14,19,21,2,8,8,7
NCT02097719_EG000,NCT02097719,1,0,2,2,0,0,0,0,0,0,0,0,0,0,0,0
NCT02097719_EG001,NCT02097719,1,0,2,2,0,0,0,0,0,0,0,0,0,0,0,0
NCT02100007_EG000,NCT02100007,67,52,2,2,52,53,0,0,14,27,38,50,5,6,6,2
NCT02102100_EG000,NCT02102100,1,0,2,2,0,0,0,0,0,0,0,0,0,0,0,0
NCT02105454_EG000,NCT02105454,17,11,3,3,11,11,0,0,6,7,9,11,0,0,0,0
NCT02105636_EG001,NCT02105636,243,62,3,3,62,69,0,0,16,39,52,62,2,2,2,0
NCT02106884_EG000,NCT02106884,164,21,2,2,21,25,0,0,9,15,18,20,0,0,0,0
NCT02111096_EG000,NCT02111096,85,19,3,3,19,19,0,0,8,14,16,19,0,0,0,0
NCT02111096_EG001,NCT02111096,85,9,3,3,9,9,0,0,5,6,7,9,1,1,1,0
NCT02111096_EG002,NCT02111096,85,3,2,2,3,3,0,0,3,3,3,3,0,0,0,0
NCT02114151_EG000,NCT02114151,13,7,2,2,7,7,0,0,5,7,7,7,0,0,0,0
NCT02115048_EG001,NCT02115048,31,23,2,2,23,23,0,0,7,16,21,23,0,0,0,0
NCT02116309_EG001,NCT02116309,3,1,2,2,1,1,0,0,1,0,0,0,0,1,1,1
NCT02116660_EG000,NCT02116660,11,8,3,3,8,8,0,0,4,6,7,8,0,0,0,0
NCT02116660_EG001,NCT02116660,11,3,6,6,3,3,0,0,3,3,3,3,0,0,0,0
NCT02117479_EG000,NCT02117479,194,48,2,2,48,56,0,0,14,27,36,46,3,3,3,0
NCT02118012_EG000,NCT02118012,10,10,2,2,10,10,0,0,5,5,4,6,2,5,6,4
NCT02119650_EG001,NCT02119650,126,58,2,2,58,62,0,0,13,33,47,58,2,2,2,0
NCT02119663_EG000,NCT02119663,101,42,2,2,42,46,0,0,14,26,33,41,4,4,4,0
NCT02119676_EG000,NCT02119676,202,56,2,2,56,61,0,0,14,30,45,55,2,3,3,1
NCT02119676_EG002,NCT02119676,202,53,2,2,53,58,0,0,14,31,43,53,2,2,2,0
NCT02120261_EG001,NCT02120261,1,0,2,2,0,0,0,0,0,0,0,0,0,0,0,0
NCT02120417_EG000,NCT02120417,136,60,2,2,60,64,0,0,13,34,47,60,2,2,2,0
NCT02122198_EG001,NCT02122198,1,1,3,3,1,1,0,0,1,0,0,0,0,1,1,1
NCT02123108_EG001,NCT02123108,1,1,2,2,1,1,0,0,1,1,1,1,0,0,0,0
NCT02123823_EG003,NCT02123823,181,73,2,2,73,74,0,0,13,38,55,73,2,2,2,0
NCT02124707_EG000,NCT02124707,84,81,3,3,81,84,0,0,17,42,62,77,6,10,10,4
NCT02124772_EG008,NCT02124772,626,39,2,2,39,39,0,0,12,26,34,39,0,0,0,0
NCT02124772_EG009,NCT02124772,626,127,2,2,127,130,0,0,19,58,101,127,1,1,1,0
NCT02124772_EG010,NCT02124772,626,62,2,2,62,65,0,0,14,32,48,62,0,0,0,0
NCT02124772_EG011,NCT02124772,626,166,2,2,166,173,0,0,20,63,110,166,6,6,6,0
NCT02124772_EG012,NCT02124772,626,103,2,2,103,109,0,0,19,49,79,103,2,2,2,0
NCT02128217_EG000,NCT02128217,27,18,2,2,18,18,0,0,7,14,14,18,0,0,0,0
NCT02128490_EG000,NCT02128490,14,1,3,3,1,1,0,0,1,1,1,1,0,0,0,0
NCT02128490_EG001,NCT02128490,14,2,4,4,2,2,0,0,2,2,2,2,0,0,0,0
NCT02128490_EG003,NCT02128490,14,0,4,4,0,0,0,0,0,0,0,0,0,0,0,0
NCT02129426_EG000,NCT02129426,1,0,2,2,0,0,0,0,0,0,0,0,0,0,0,0
NCT02129426_EG001,NCT02129426,1,0,2,2,0,0,0,0,0,0,0,0,0,0,0,0
NCT02131233_EG001,NCT02131233,129,23,2,2,23,23,0,0,10,17,21,23,0,0,0,0
NCT02133742_EG000,NCT02133742,381,162,2,2,162,167,0,0,19,64,108,162,9,9,9,0
NCT02137837_EG001,NCT02137837,174,129,2,2,129,129,0,0,19,58,85,112,7,22,22,17
NCT02137837_EG002,NCT02137837,174,104,3,3,104,104,0,0,17,51,78,100,4,8,8,4
NCT02139046_EG000,NCT02139046,53,4,3,3,4,4,0,0,4,4,4,4,0,0,0,0
NCT02141451_EG000,NCT02141451,61,5,2,2,5,5,0,0,3,3,3,5,0,0,0,0
NCT02141451_EG001,NCT02141451,61,8,2,2,8,8,0,0,4,4,6,8,0,0,0,0
NCT02141451_EG002,NCT02141451,61,19,2,2,19,19,0,0,12,15,16,18,0,1,1,1
NCT02143219_EG000,NCT02143219,48,17,4,4,17,17,0,0,6,8,10,13,1,6,6,4
NCT02144012_EG001,NCT02144012,108,81,2,2,81,82,0,0,18,41,59,81,4,3,3,0
NCT02147691_EG000,NCT02147691,11,7,2,2,7,7,0,0,4,2,3,5,0,2,2,2
NCT02150759_EG000,NCT02150759,4,3,2,2,3,3,0,0,2,2,2,2,0,1,1,1
NCT02150759_EG001,NCT02150759,4,4,2,2,4,4,0,0,2,2,2,2,0,2,2,2
NCT02152137_EG000,NCT02152137,85,77,2,2,77,85,0,0,18,43,56,70,7,13,13,6
NCT02152371_EG001,NCT02152371,25,3,2,2,3,3,0,0,2,2,2,3,0,0,0,0
NCT02154529_EG000,NCT02154529,90,24,2,2,24,24,0,0,8,13,18,23,3,4,4,1
NCT02154529_EG001,NCT02154529,90,25,2,2,25,26,0,0,12,18,23,25,1,1,1,0
NCT02154529_EG002,NCT02154529,90,45,2,2,45,53,0,0,13,29,39,43,0,3,3,3
NCT02154529_EG003,NCT02154529,90,26,2,2,26,28,0,0,9,19,23,26,1,1,1,0
NCT02155465_EG000,NCT02155465,55,14,2,2,14,19,0,0,8,11,12,14,1,1,1,0
NCT02155465_EG001,NCT02155465,55,11,2,2,11,13,0,0,7,9,10,11,1,1,1,0
NCT02155465_EG002,NCT02155465,55,24,2,2,24,26,0,0,10,16,20,24,1,1,1,0
NCT02155465_EG003,NCT02155465,55,9,2,2,9,9,17,0,5,8,8,9,0,0,0,0
NCT02155465_EG004,NCT02155465,55,7,2,2,7,7,0,0,3,5,5,7,2,2,2,0
NCT02155465_EG005,NCT02155465,55,6,2,2,6,6,17,0,4,4,4,6,0,0,0,0
NCT02155465_EG006,NCT02155465,55,11,2,2,11,11,0,0,6,7,7,10,0,1,1,1
NCT02158039_EG000,NCT02158039,7,0,2,2,0,0,0,0,0,0,0,0,0,0,0,0
NCT02159352_EG003,NCT02159352,14,11,3,3,11,11,0,0,6,8,10,11,1,1,1,0
NCT02159807_EG000,NCT02159807,1,0,2,2,0,0,0,0,0,0,0,0,0,0,0,0
NCT02159807_EG001,NCT02159807,1,0,2,2,0,0,0,0,0,0,0,0,0,0,0,0
NCT02159807_EG002,NCT02159807,1,0,2,2,0,0,0,0,0,0,0,0,0,0,0,0
NCT02159976_EG000,NCT02159976,15,4,4,4,4,4,0,0,1,1,2,2,0,2,2,2
NCT02159976_EG001,NCT02159976,15,5,4,4,5,5,0,0,2,2,3,3,0,2,2,2
NCT02162719_EG000,NCT02162719,96,66,2,2,66,68,0,0,13,34,48,66,3,3,3,0
NCT02164513_EG001,NCT02164513,648,9,2,2,9,10,0,0,4,7,8,9,0,0,0,0
NCT02164513_EG002,NCT02164513,648,9,2,2,9,10,0,0,4,7,8,9,0,0,0,0
NCT02165397_EG000,NCT02165397,224,84,2,2,84,89,0,0,16,46,64,84,2,2,2,0
NCT02168491_EG000,NCT02168491,10,10,2,2,10,10,0,0,8,5,5,5,0,5,5,5
NCT02168777_EG000,NCT02168777,136,42,2,2,42,42,0,0,13,28,37,42,0,0,0,0
NCT02168777_EG001,NCT02168777,136,62,2,2,62,64,0,0,17,38,54,62,1,1,1,0
NCT02168777_EG002,NCT02168777,136,83,2,2,83,86,0,0,18,45,67,83,3,3,3,0
NCT02169414_EG000,NCT02169414,29,5,2,2,5,5,0,0,3,4,4,4,0,1,1,1
NCT02169414_EG001,NCT02169414,29,12,3,3,12,12,0,0,7,12,12,12,0,0,0,0
NCT02169414_EG002,NCT02169414,29,9,3,3,9,9,0,0,6,8,9,9,0,0,0,0
NCT02169414_EG003,NCT02169414,29,8,3,3,8,8,0,0,6,7,7,8,0,0,0,0
NCT02170376_EG000,NCT02170376,20,7,2,2,7,7,0,0,4,5,6,7,0,0,0,0
NCT02172040_EG000,NCT02172040,8,5,2,2,5,5,0,0,4,4,4,5,1,1,1,0
NCT02178241_EG000,NCT02178241,179,77,2,2,77,88,0,0,16,46,62,77,5,4,4,0
NCT02178800_EG000,NCT02178800,387,93,2,2,93,93,0,0,14,42,58,93,9,5,5,0
NCT02178956_EG000,NCT02178956,171,36,2,2,36,38,0,0,12,21,29,35,1,1,1,0
NCT02185690_EG000,NCT02185690,33,16,3,3,16,16,0,0,10,8,8,11,1,7,7,5
NCT02185690_EG001,NCT02185690,33,27,3,3,27,27,0,0,15,8,8,11,1,18,18,16
NCT02186834_EG000,NCT02186834,114,46,3,3,46,53,0,0,14,26,33,39,3,10,10,7
NCT02186834_EG001,NCT02186834,114,30,3,3,30,30,0,0,13,20,22,25,3,7,7,5
NCT02186834_EG002,NCT02186834,114,0,3,3,0,0,114,0,0,0,0,0,0,0,0,0
NCT02186834_EG003,NCT02186834,114,48,3,3,48,56,0,0,14,30,38,43,2,7,7,5
NCT02186834_EG004,NCT02186834,114,18,3,3,18,18,0,0,10,12,14,16,1,3,3,2
NCT02186834_EG005,NCT02186834,114,26,3,3,26,26,0,0,10,14,18,21,0,5,5,5
NCT02187861_EG000,NCT02187861,175,82,3,3,82,84,0,0,17,44,66,81,3,2,2,0
NCT02187861_EG001,NCT02187861,175,46,2,2,46,46,0,0,14,27,36,46,1,1,1,0
NCT02187861_EG002,NCT02187861,175,64,3,3,64,65,0,0,16,35,47,62,2,2,2,0
NCT02187861_EG003,NCT02187861,175,52,2,2,52,54,0,0,16,31,42,52,2,2,2,0
NCT02187991_EG001,NCT02187991,47,29,2,2,29,31,0,0,8,15,21,27,2,3,3,0
NCT02187991_EG003,NCT02187991,47,32,2,2,32,33,0,0,10,19,25,31,2,3,3,0
NCT02188121_EG000,NCT02188121,12,3,2,2,3,3,0,0,1,0,0,0,2,3,3,3
NCT02189122_EG000,NCT02189122,3,3,2,2,3,3,0,0,3,0,0,0,0,3,3,3
NCT02189889_EG000,NCT02189889,1,0,2,2,0,0,0,0,0,0,0,0,0,0,0,0
NCT02194465_EG004,NCT02194465,122,13,2,2,13,13,0,0,5,8,10,13,1,1,1,0
NCT02196701_EG000,NCT02196701,49,14,2,2,14,14,0,0,7,7,11,14,0,0,0,0
NCT02196857_EG000,NCT02196857,46,42,2,2,42,46,0,0,13,22,30,36,2,11,11,6
NCT02199197_EG000,NCT02199197,79,48,2,2,48,48,0,0,15,26,37,46,3,5,5,2
NCT02201329_EG000,NCT02201329,52,49,2,2,49,52,0,0,16,33,42,49,3,2,2,0
NCT02201771_EG001,NCT02201771,9,6,2,2,6,6,0,0,5,3,3,3,0,3,3,3
NCT02201901_EG001,NCT02201901,90,22,2,2,22,22,0,0,10,14,20,22,1,1,1,0
NCT02201953_EG001,NCT02201953,52,30,2,2,30,30,0,0,10,18,27,30,0,0,0,0
NCT02202161_EG006,NCT02202161,45,13,2,2,13,13,0,0,6,8,13,13,0,0,0,0
NCT02202980_EG000,NCT02202980,145,35,2,2,35,37,0,0,12,21,29,35,0,0,0,0
NCT02202980_EG005,NCT02202980,145,23,2,2,23,23,0,0,9,14,20,23,1,1,1,0
NCT02202980_EG006,NCT02202980,145,19,2,2,19,19,0,0,9,14,17,19,1,0,0,0
NCT02202980_EG007,NCT02202980,145,18,2,2,18,18,0,0,10,13,16,18,0,0,0,0
NCT02202980_EG008,NCT02202980,145,42,2,2,42,42,0,0,13,25,35,42,2,2,2,0
NCT02202980_EG009,NCT02202980,145,28,2,2,28,28,0,0,9,15,23,28,0,0,0,0
NCT02202980_EG010,NCT02202980,145,27,2,2,27,27,0,0,10,19,23,27,1,1,1,0
NCT02202980_EG011,NCT02202980,145,11,2,2,11,11,0,0,6,9,11,11,0,0,0,0
NCT02202980_EG012,NCT02202980,145,10,2,2,10,10,0,0,5,8,9,10,0,0,0,0
NCT02202980_EG013,NCT02202980,145,8,2,2,8,8,0,0,6,7,8,8,0,0,0,0
NCT02203019_EG000,NCT02203019,1,0,2,2,0,0,0,0,0,0,0,0,0,0,0,0
NCT02203019_EG001,NCT02203019,1,0,2,2,0,0,0,0,0,0,0,0,0,0,0,0
NCT02203149_EG000,NCT02203149,50,8,2,2,8,8,0,0,6,8,8,8,0,0,0,0
NCT02203149_EG001,NCT02203149,50,3,2,2,3,3,0,0,3,3,3,3,0,0,0,0
NCT02203149_EG002,NCT02203149,50,13,2,2,13,13,0,0,8,10,12,13,0,0,0,0
NCT02203149_EG005,NCT02203149,50,15,2,2,15,15,0,0,10,12,14,15,0,0,0,0
NCT02204982_EG000,NCT02204982,62,36,2,2,36,39,0,0,9,22,30,36,2,2,2,0
NCT02207608_EG001,NCT02207608,1,0,2,2,0,0,0,0,0,0,0,0,0,0,0,0
NCT02208063_EG001,NCT02208063,41,9,4,4,9,10,0,0,7,8,9,9,0,0,0,0
NCT02210559_EG001,NCT02210559,116,75,2,2,75,76,0,0,16,43,60,74,4,4,4,1
NCT02212574_EG000,NCT02212574,1,0,5,5,0,0,0,0,0,0,0,0,0,0,0,0
NCT02214420_EG000,NCT02214420,8,8,2,2,8,8,0,0,6,4,4,5,0,4,4,3
NCT02214420_EG001,NCT02214420,8,5,3,3,5,5,0,0,5,1,1,2,0,4,4,3
NCT02217501_EG000,NCT02217501,7,3,2,2,3,3,0,0,3,2,2,2,0,1,1,1
NCT02217501_EG001,NCT02217501,7,3,2,2,3,3,0,0,3,2,2,2,0,1,1,1
NCT02217878_EG000,NCT02217878,7,2,2,2,2,2,0,0,1,1,1,2,0,0,0,0
NCT02220998_EG001,NCT02220998,22,16,2,2,16,16,0,0,8,12,14,16,0,0,0,0
NCT02222246_EG000,NCT02222246,1,0,2,2,0,0,0,0,0,0,0,0,0,0,0,0
NCT02222246_EG001,NCT02222246,1,0,2,2,0,0,0,0,0,0,0,0,0,0,0,0
NCT02223702_EG000,NCT02223702,1,0,2,2,0,0,0,0,0,0,0,0,0,0,0,0
NCT02224144_EG000,NCT02224144,5,4,2,2,4,4,0,0,3,0,0,1,1,4,4,3
NCT02224729_EG000,NCT02224729,95,44,3,3,44,44,0,0,10,21,29,38,6,13,12,6
NCT02226549_EG000,NCT02226549,5,3,2,2,3,3,0,0,3,3,3,3,0,0,0,0
NCT02226549_EG001,NCT02226549,5,5,3,3,5,5,0,0,5,5,5,5,0,0,0,0
NCT02227329_EG000,NCT02227329,1,1,2,2,1,1,0,0,1,0,0,0,0,1,1,1
NCT02227329_EG001,NCT02227329,1,1,2,2,1,1,0,0,1,0,0,0,0,1,1,1
NCT02227784_EG004,NCT02227784,30,0,2,2,0,0,0,0,0,0,0,0,0,0,0,0
NCT02228681_EG000,NCT02228681,217,97,2,2,97,99,0,0,17,48,75,94,5,8,8,3
NCT02228681_EG001,NCT02228681,217,72,2,2,72,73,0,0,14,43,59,70,1,3,3,2
NCT02230306_EG000,NCT02230306,87,83,2,2,83,87,0,0,18,46,61,72,3,13,13,10
NCT02231164_EG001,NCT02231164,93,66,2,2,66,66,0,0,17,34,51,66,3,3,3,0
NCT02234752_EG000,NCT02234752,5,5,2,2,5,5,0,0,1,1,2,3,3,3,3,1
NCT02235298_EG000,NCT02235298,6,2,2,2,2,2,0,0,1,1,1,1,0,1,1,1
NCT02238626_EG001,NCT02238626,31,11,2,2,11,11,0,0,7,8,10,11,0,0,0,0
NCT02238626_EG003,NCT02238626,31,15,2,2,15,15,0,0,7,11,14,14,0,1,1,1
NCT02242201_EG000,NCT02242201,6,0,2,2,0,0,0,0,0,0,0,0,0,0,0,0
NCT02242201_EG001,NCT02242201,6,2,3,3,2,2,0,0,0,0,0,0,2,2,2,2
NCT02243202_EG003,NCT02243202,44,9,2,2,9,9,0,0,3,6,8,9,0,0,0,0
NCT02243280_EG000,NCT02243280,29,11,2,2,11,11,0,0,6,10,11,11,0,0,0,0
NCT02243280_EG001,NCT02243280,29,9,2,2,9,9,0,0,4,8,9,9,0,0,0,0
NCT02243280_EG002,NCT02243280,29,5,2,2,5,5,0,0,5,5,5,5,0,0,0,0
NCT02243280_EG003,NCT02243280,29,10,2,2,10,10,0,0,6,9,10,10,0,0,0,0
NCT02243280_EG004,NCT02243280,29,13,2,2,13,13,0,0,9,11,13,13,0,0,0,0
NCT02243293_EG000,NCT02243293,80,6,2,2,6,6,0,0,4,5,6,6,0,0,0,0
NCT02243293_EG001,NCT02243293,80,3,2,2,3,3,0,0,3,3,3,3,0,0,0,0
NCT02243293_EG002,NCT02243293,80,22,3,3,22,22,0,0,9,15,19,22,0,0,0,0
NCT02243293_EG003,NCT02243293,80,7,2,2,7,7,0,0,6,7,7,7,0,0,0,0
NCT02243293_EG004,NCT02243293,80,11,2,2,11,11,0,0,6,9,10,11,0,0,0,0
NCT02243293_EG005,NCT02243293,80,23,3,3,23,23,0,0,9,13,20,23,0,0,0,0
NCT02243293_EG006,NCT02243293,80,10,2,2,10,10,0,0,6,9,10,10,0,0,0,0
NCT02243293_EG007,NCT02243293,80,15,2,2,15,15,0,0,5,9,14,15,0,0,0,0
NCT02243293_EG008,NCT02243293,80,22,2,2,22,22,0,0,9,14,20,22,0,0,0,0
NCT02243293_EG009,NCT02243293,80,12,2,2,12,12,0,0,8,10,11,12,0,0,0,0
NCT02243293_EG010,NCT02243293,80,20,3,3,20,20,0,0,9,14,18,20,0,0,0,0
NCT02246998_EG000,NCT02246998,85,30,2,2,30,30,0,0,11,22,29,30,0,0,0,0
NCT02246998_EG001,NCT02246998,85,32,4,4,32,32,0,0,14,24,30,32,0,0,0,0
NCT02246998_EG002,NCT02246998,85,26,2,2,26,26,0,0,10,18,25,26,0,0,0,0
NCT02246998_EG003,NCT02246998,85,28,4,4,28,28,0,0,12,17,23,28,0,0,0,0
NCT02248701_EG000,NCT02248701,70,51,2,2,51,51,0,0,7,12,15,22,20,30,30,29
NCT02249091_EG000,NCT02249091,85,62,3,3,62,63,0,0,18,40,53,62,3,2,2,0
NCT02249091_EG001,NCT02249091,85,59,3,3,59,64,0,0,18,37,50,58,2,2,2,1
NCT02250807_EG000,NCT02250807,6,6,2,2,6,6,0,0,5,5,6,6,0,0,0,0
NCT02251236_EG000,NCT02251236,11,7,2,2,7,7,0,0,4,0,0,0,0,7,7,7
NCT02251236_EG002,NCT02251236,11,0,2,2,0,0,11,0,0,0,0,0,0,0,0,0
NCT02252432_EG002,NCT02252432,1,0,2,2,0,0,0,0,0,0,0,0,0,0,0,0
NCT02255110_EG000,NCT02255110,40,37,2,2,37,40,0,0,12,26,32,37,1,0,0,0
NCT02255175_EG000,NCT02255175,12,10,2,2,10,10,0,0,5,5,5,6,1,4,5,4
NCT02255175_EG001,NCT02255175,12,9,2,2,9,9,0,0,5,5,5,5,1,3,4,4
NCT02256696_EG000,NCT02256696,9,0,4,4,0,0,0,0,0,0,0,0,0,0,0,0
NCT02256696_EG001,NCT02256696,9,2,4,4,2,2,0,0,2,0,0,0,0,2,2,2
NCT02256696_EG002,NCT02256696,9,0,4,4,0,0,0,0,0,0,0,0,0,0,0,0
NCT02257242_EG000,NCT02257242,47,27,3,3,27,27,0,0,13,20,24,27,1,1,1,0
NCT02257242_EG001,NCT02257242,47,17,3,3,17,17,0,0,8,13,14,17,2,2,2,0
NCT02257242_EG002,NCT02257242,47,14,3,3,14,14,0,0,6,9,11,14,0,0,0,0
NCT02257242_EG003,NCT02257242,47,24,3,3,24,27,0,0,9,17,20,24,1,1,1,0
NCT02257242_EG005,NCT02257242,47,8,3,3,8,8,0,0,6,7,7,8,0,0,0,0
NCT02257242_EG006,NCT02257242,47,13,3,3,13,13,0,0,8,10,11,13,0,0,0,0
NCT02257242_EG007,NCT02257242,47,9,3,3,9,9,0,0,5,8,8,9,0,0,0,0
NCT02257242_EG008,NCT02257242,47,14,3,3,14,14,0,0,9,13,14,14,0,0,0,0
NCT02257567_EG005,NCT02257567,418,55,2,2,55,55,0,0,14,31,43,55,2,2,2,0
NCT02257567_EG007,NCT02257567,418,64,2,2,64,68,0,0,13,37,51,64,3,3,3,0
NCT02258074_EG000,NCT02258074,25,13,2,2,13,13,0,0,8,1,1,2,0,12,12,11
NCT02258451_EG001,NCT02258451,167,63,2,2,63,66,0,0,12,35,47,63,2,2,2,0
NCT02259010_EG000,NCT02259010,81,60,2,2,60,61,0,0,16,36,50,60,3,3,3,0
NCT02259582_EG000,NCT02259582,100,53,2,2,53,55,0,0,13,32,40,53,1,1,1,0
NCT02260440_EG000,NCT02260440,55,37,2,2,37,37,0,0,12,17,24,31,1,6,6,6
NCT02260531_EG000,NCT02260531,136,100,2,2,100,108,0,0,19,52,73,88,3,12,12,10
NCT02260648_EG000,NCT02260648,39,2,2,2,2,2,0,0,2,2,2,2,0,0,0,0
NCT02260648_EG002,NCT02260648,39,1,2,2,1,1,0,0,1,1,1,1,0,0,0,0
NCT02261727_EG002,NCT02261727,3,3,2,2,3,3,0,0,1,1,1,1,0,2,2,2
NCT02263326_EG000,NCT02263326,3,0,2,2,0,0,0,0,0,0,0,0,0,0,0,0
NCT02264990_EG000,NCT02264990,184,39,4,4,39,42,0,0,12,28,34,39,1,1,1,0
NCT02264990_EG001,NCT02264990,184,37,4,4,37,41,0,0,13,27,32,37,1,1,1,0
NCT02265237_EG000,NCT02265237,57,26,2,2,26,27,0,0,12,17,21,26,1,1,1,0
NCT02265237_EG001,NCT02265237,57,33,2,2,33,33,0,0,13,24,29,33,1,1,1,0
NCT02265237_EG002,NCT02265237,57,25,2,2,25,25,0,0,11,15,20,24,1,1,1,0
NCT02265237_EG003,NCT02265237,57,13,2,2,13,13,0,0,7,9,11,12,0,0,0,0
NCT02268058_EG002,NCT02268058,1,0,2,2,0,0,0,0,0,0,0,0,0,0,0,0
NCT02268175_EG001,NCT02268175,123,26,2,2,26,26,0,0,12,21,22,22,1,4,4,4
NCT02270242_EG001,NCT02270242,4,2,2,2,2,2,0,0,2,1,1,1,0,1,1,1
NCT02272790_EG000,NCT02272790,90,39,2,2,39,43,0,0,11,27,34,39,0,0,0,0
NCT02272790_EG001,NCT02272790,90,50,2,2,50,50,0,0,11,31,43,49,1,2,2,1
NCT02272790_EG002,NCT02272790,90,36,2,2,36,42,0,0,12,24,33,36,0,0,0,0
NCT02272790_EG003,NCT02272790,90,43,2,2,43,47,0,0,12,29,37,43,2,3,3,0
NCT02273973_EG000,NCT02273973,50,26,2,2,26,27,0,0,11,20,24,26,0,0,0,0
NCT02278185_EG001,NCT02278185,106,74,5,5,74,74,0,0,19,37,41,59,6,23,22,14
NCT02278250_EG015,NCT02278250,215,51,2,2,51,56,0,0,19,38,48,51,0,0,0,0
NCT02278250_EG016,NCT02278250,215,32,2,2,32,33,0,0,12,21,24,32,4,4,4,0
NCT02278263_EG002,NCT02278263,2,1,2,2,1,1,0,0,1,1,1,1,0,0,0,0
NCT02278341_EG000,NCT02278341,440,18,2,2,18,20,0,0,9,14,17,18,0,0,0,0
NCT02279108_EG000,NCT02279108,2,2,2,2,2,2,0,0,2,2,2,2,0,0,0,0
NCT02279719_EG000,NCT02279719,75,17,2,2,17,17,0,0,8,11,14,15,1,3,3,2
NCT02279719_EG001,NCT02279719,75,28,2,2,28,28,0,0,10,18,23,25,2,4,4,3
NCT02279719_EG002,NCT02279719,75,14,2,2,14,15,0,0,9,12,13,13,0,1,1,1
NCT02279719_EG003,NCT02279719,75,26,2,2,26,26,0,0,8,14,19,22,1,4,4,3
NCT02279719_EG004,NCT02279719,75,33,2,2,33,35,0,0,15,21,26,27,0,5,5,5
NCT02281591_EG001,NCT02281591,25,7,2,2,7,7,0,0,4,5,5,6,0,0,0,0
NCT02283788_EG000,NCT02283788,17,7,2,2,7,7,0,0,5,6,7,7,0,0,0,0
NCT02283788_EG001,NCT02283788,17,9,2,2,9,9,0,0,3,5,7,9,0,0,0,0
NCT02283788_EG002,NCT02283788,17,12,2,2,12,12,0,0,6,7,11,12,0,0,0,0
NCT02283788_EG003,NCT02283788,17,6,2,2,6,6,0,0,3,3,6,6,0,0,0,0
NCT02283814_EG000,NCT02283814,82,60,2,2,60,60,0,0,13,29,41,56,3,6,6,3
NCT02283814_EG001,NCT02283814,82,49,2,2,49,49,0,0,14,28,37,43,1,7,7,6
NCT02285062_EG001,NCT02285062,201,42,5,5,42,45,0,0,12,25,33,42,1,1,1,0
NCT02286921_EG000,NCT02286921,14,5,2,2,5,5,0,0,4,3,4,4,0,1,1,1
NCT02287233_EG000,NCT02287233,321,125,2,2,125,131,0,0,17,59,93,125,9,8,8,0
NCT02287415_EG000,NCT02287415,14,14,2,2,14,14,0,0,9,11,12,13,0,0,0,0
NCT02287818_EG001,NCT02287818,17,5,2,2,5,5,0,0,5,0,0,0,0,5,5,5
NCT02289222_EG000,NCT02289222,113,86,3,3,86,90,0,0,17,44,60,77,5,11,11,9
NCT02289690_EG007,NCT02289690,317,65,3,3,65,71,0,0,14,36,51,65,3,3,3,0
NCT02289690_EG008,NCT02289690,317,71,3,3,71,80,0,0,14,34,50,71,5,5,5,0
NCT02289690_EG009,NCT02289690,317,61,2,2,61,64,0,0,14,31,44,61,3,3,3,0
NCT02290431_EG000,NCT02290431,75,58,3,3,58,61,0,0,16,35,47,58,3,2,2,0
NCT02294786_EG000,NCT02294786,41,24,3,3,24,24,0,0,9,14,18,24,1,1,1,0
NCT02294786_EG001,NCT02294786,41,23,2,2,23,23,0,0,12,18,21,23,0,0,0,0
NCT02295553_EG001,NCT02295553,5,2,2,2,2,2,0,0,1,1,1,1,0,1,1,1
NCT02295553_EG002,NCT02295553,5,4,2,2,4,4,0,0,2,2,2,2,0,2,2,2
NCT02295553_EG003,NCT02295553,5,3,2,2,3,3,0,0,2,1,1,1,0,2,2,2
NCT02296138_EG001,NCT02296138,634,4,2,2,4,5,0,0,2,4,4,4,0,0,0,0
NCT02297438_EG000,NCT02297438,105,55,2,2,55,55,0,0,12,36,43,55,1,1,1,0
NCT02300103_EG000,NCT02300103,14,13,2,2,13,13,0,0,8,10,12,13,0,0,0,0
NCT02300610_EG002,NCT02300610,121,61,3,3,61,66,0,0,17,37,48,59,1,3,3,2
NCT02301988_EG000,NCT02301988,73,58,2,2,58,58,0,0,15,32,46,58,1,1,1,0
NCT02302807_EG000,NCT02302807,259,46,3,3,46,50,0,0,13,28,38,46,1,1,1,0
NCT02303041_EG000,NCT02303041,58,31,2,2,31,31,0,0,13,20,25,26,0,5,5,5
NCT02303041_EG001,NCT02303041,58,41,2,2,41,42,0,0,15,23,30,32,0,9,9,9
NCT02303262_EG000,NCT02303262,105,97,2,2,97,105,0,0,16,41,63,80,6,19,19,14
NCT02304159_EG000,NCT02304159,19,15,3,3,15,15,0,0,8,9,11,13,1,3,3,2
NCT02304159_EG001,NCT02304159,19,19,3,3,19,19,0,0,11,12,15,17,1,3,3,2
NCT02310321_EG000,NCT02310321,166,37,3,3,37,39,0,0,12,23,31,37,2,2,2,0
NCT02310321_EG001,NCT02310321,166,62,3,3,62,63,0,0,13,33,49,62,1,1,1,0
NCT02310321_EG002,NCT02310321,166,87,3,3,87,91,0,0,17,43,69,87,2,2,2,0
NCT02313675_EG002,NCT02313675,1,0,2,2,0,0,0,0,0,0,0,0,0,0,0,0
NCT02314143_EG000,NCT02314143,319,165,2,2,165,167,0,0,21,76,124,162,5,5,5,0
NCT02314143_EG001,NCT02314143,319,175,2,2,175,180,0,0,20,75,122,173,5,5,5,0
NCT02314143_EG002,NCT02314143,319,132,2,2,132,132,0,0,18,63,99,129,5,5,5,0
NCT02314546_EG002,NCT02314546,1,0,2,2,0,0,0,0,0,0,0,0,0,0,0,0
NCT02318901_EG000,NCT02318901,1,0,2,2,0,0,0,0,0,0,0,0,0,0,0,0
NCT02318901_EG002,NCT02318901,1,0,2,2,0,0,0,0,0,0,0,0,0,0,0,0
NCT02319148_EG004,NCT02319148,27,11,2,2,11,11,0,0,5,7,9,11,0,0,0,0
NCT02319148_EG005,NCT02319148,27,5,2,2,5,5,0,0,4,4,5,5,0,0,0,0
NCT02322047_EG000,NCT02322047,16,8,2,2,8,8,0,0,4,3,3,5,4,5,5,2
NCT02322814_EG000,NCT02322814,210,115,2,2,115,117,0,0,17,55,84,115,5,5,5,0
NCT02322814_EG002,NCT02322814,210,83,2,2,83,87,0,0,15,38,60,83,4,4,4,0
NCT02324543_EG000,NCT02324543,81,37,5,5,37,37,0,0,11,24,30,35,2,5,5,2
NCT02324543_EG001,NCT02324543,81,49,5,5,49,50,0,0,13,25,37,46,2,6,6,3
NCT02324543_EG002,NCT02324543,81,35,5,5,35,36,0,0,10,21,30,34,1,3,3,1
NCT02324543_EG003,NCT02324543,81,24,5,5,24,25,0,0,9,16,20,23,0,1,1,0
NCT02324543_EG004,NCT02324543,81,27,5,5,27,28,0,0,10,16,22,25,2,4,4,2
NCT02324543_EG005,NCT02324543,81,40,5,5,40,40,0,0,11,24,35,39,1,3,3,1
NCT02324842_EG002,NCT02324842,20,15,2,2,15,15,0,0,8,7,8,9,0,7,7,6
NCT02325466_EG001,NCT02325466,2,0,2,2,0,0,0,0,0,0,0,0,0,0,0,0
NCT02327169_EG000,NCT02327169,335,49,2,2,49,52,0,0,15,34,44,49,2,2,2,0
NCT02327169_EG001,NCT02327169,335,52,2,2,52,52,0,0,15,35,47,52,2,1,1,0
NCT02327169_EG002,NCT02327169,335,67,2,2,67,68,0,0,15,40,56,67,2,2,2,0
NCT02327169_EG003,NCT02327169,335,51,2,2,51,53,0,0,14,29,38,51,3,3,3,0
NCT02327169_EG004,NCT02327169,335,57,2,2,57,58,0,0,16,34,46,57,2,2,2,0
NCT02327169_EG005,NCT02327169,335,55,2,2,55,56,0,0,17,29,40,55,0,0,0,0
NCT02327169_EG006,NCT02327169,335,42,2,2,42,42,0,0,13,28,36,42,2,1,1,0
NCT02327169_EG007,NCT02327169,335,27,2,2,27,28,0,0,11,20,22,27,0,0,0,0
NCT02327169_EG008,NCT02327169,335,67,2,2,67,67,0,0,18,43,56,67,3,3,3,0
NCT02327169_EG009,NCT02327169,335,78,2,2,78,81,0,0,21,54,69,78,4,3,3,0
NCT02327169_EG010,NCT02327169,335,21,2,2,21,22,0,0,9,14,18,21,0,0,0,0
NCT02327169_EG011,NCT02327169,335,50,2,2,50,51,0,0,16,33,45,50,1,1,1,0
NCT02327169_EG012,NCT02327169,335,10,2,2,10,10,0,0,8,8,9,10,1,1,1,0
NCT02327169_EG013,NCT02327169,335,49,2,2,49,56,0,0,12,27,41,49,2,2,2,0
NCT02327169_EG014,NCT02327169,335,115,2,2,115,121,0,0,21,56,83,114,7,4,4,0
NCT02328014_EG000,NCT02328014,236,73,2,2,73,77,0,0,18,43,59,73,3,3,3,0
NCT02328014_EG001,NCT02328014,236,66,2,2,66,69,0,0,17,40,58,66,2,2,2,0
NCT02328014_EG002,NCT02328014,236,91,2,2,91,93,0,0,20,45,65,91,2,2,2,0
NCT02328014_EG003,NCT02328014,236,117,2,2,117,123,0,0,19,57,87,117,7,6,6,0
NCT02328105_EG000,NCT02328105,96,87,2,2,87,96,0,0,16,42,66,84,6,8,8,2
NCT02332707_EG000,NCT02332707,143,6,3,3,6,6,0,0,4,4,6,6,0,0,0,0
NCT02332720_EG011,NCT02332720,237,35,2,2,35,35,0,0,12,21,32,35,0,0,0,0
NCT02332720_EG013,NCT02332720,237,30,2,2,30,30,0,0,12,21,27,30,0,0,0,0
NCT02332720_EG015,NCT02332720,237,42,2,2,42,42,0,0,14,26,36,42,1,1,1,0
NCT02332720_EG018,NCT02332720,237,48,2,2,48,48,0,0,14,31,40,48,1,1,1,0
NCT02332720_EG023,NCT02332720,237,19,2,2,19,19,0,0,11,14,17,19,1,1,1,0
NCT02335983_EG000,NCT02335983,291,98,3,3,98,98,0,0,18,50,77,98,6,6,6,0
NCT02335983_EG001,NCT02335983,291,149,3,3,149,155,0,0,19,69,106,149,9,7,7,0
NCT02335983_EG002,NCT02335983,291,93,3,3,93,94,0,0,16,45,67,93,6,6,6,0
NCT02335983_EG003,NCT02335983,291,92,3,3,92,92,0,0,17,48,69,92,5,5,5,0
NCT02335983_EG004,NCT02335983,291,80,3,3,80,81,0,0,17,42,64,80,3,3,3,0
NCT02335983_EG005,NCT02335983,291,85,3,3,85,85,0,0,16,40,63,85,4,4,4,0
NCT02336815_EG000,NCT02336815,182,56,2,2,56,63,0,0,15,33,45,56,2,2,2,0
NCT02336815_EG001,NCT02336815,182,57,2,2,57,62,0,0,13,31,45,57,3,3,3,0
NCT02340221_EG001,NCT02340221,164,48,2,2,48,49,0,0,12,30,41,48,1,1,1,0
NCT02340520_EG000,NCT02340520,1,0,2,2,0,0,0,0,0,0,0,0,0,0,0,0
NCT02340949_EG001,NCT02340949,48,25,3,3,25,29,0,0,7,14,16,21,2,5,5,4
NCT02341014_EG000,NCT02341014,25,3,3,3,3,3,0,0,2,2,3,3,0,0,0,0
NCT02341014_EG001,NCT02341014,25,15,3,3,15,16,0,0,7,11,13,15,1,1,1,0
NCT02341014_EG002,NCT02341014,25,0,3,3,0,0,25,0,0,0,0,0,0,0,0,0
NCT02341014_EG003,NCT02341014,25,0,3,3,0,0,25,0,0,0,0,0,0,0,0,0
NCT02341014_EG004,NCT02341014,25,14,3,3,14,14,0,0,9,11,12,14,1,1,1,0
NCT02341495_EG000,NCT02341495,1,0,3,3,0,0,0,0,0,0,0,0,0,0,0,0
NCT02343406_EG000,NCT02343406,180,58,2,2,58,59,0,0,15,34,45,58,2,2,2,0
NCT02343575_EG000,NCT02343575,1,0,2,2,0,0,0,0,0,0,0,0,0,0,0,0
NCT02343939_EG000,NCT02343939,361,25,3,3,25,25,0,0,12,16,21,25,1,1,1,0
NCT02343939_EG001,NCT02343939,361,131,3,3,131,134,0,0,18,58,94,130,6,6,6,0
NCT02346370_EG000,NCT02346370,42,32,2,2,32,33,0,0,11,19,25,32,1,1,1,0
NCT02346370_EG001,NCT02346370,42,20,2,2,20,23,0,0,9,15,19,20,0,0,0,0
NCT02346370_EG002,NCT02346370,42,21,2,2,21,21,0,0,11,14,19,21,1,1,1,0
NCT02349178_EG000,NCT02349178,2,2,3,3,2,2,0,0,2,2,2,2,0,0,0,0
NCT02353468_EG000,NCT02353468,1,0,3,3,0,0,0,0,0,0,0,0,0,0,0,0
NCT02354222_EG000,NCT02354222,5,2,2,2,2,2,0,0,1,1,1,2,0,0,0,0
NCT02354235_EG000,NCT02354235,4,1,2,2,1,1,0,0,1,1,1,1,0,0,0,0
NCT02356705_EG002,NCT02356705,1,0,2,2,0,0,0,0,0,0,0,0,0,0,0,0
NCT02357901_EG000,NCT02357901,27,11,2,2,11,11,0,0,6,8,8,11,2,1,1,0
NCT02357901_EG001,NCT02357901,27,11,2,2,11,11,0,0,6,8,8,11,2,1,1,0
NCT02360280_EG001,NCT02360280,25,15,2,2,15,15,0,0,7,8,7,8,0,6,7,7
NCT02362035_EG000,NCT02362035,543,114,2,2,114,118,0,0,17,49,79,114,5,5,5,0
NCT02365558_EG001,NCT02365558,2,1,2,2,1,1,0,0,1,1,1,1,0,0,0,0
NCT02365961_EG000,NCT02365961,1,0,3,3,0,0,0,0,0,0,0,0,0,0,0,0
NCT02367040_EG000,NCT02367040,192,62,2,2,62,65,0,0,12,34,49,62,1,1,1,0
NCT02367352_EG000,NCT02367352,57,54,2,2,54,57,0,0,15,30,41,53,2,3,3,1
NCT02367794_EG000,NCT02367794,308,54,2,2,54,55,0,0,12,31,43,54,2,2,2,0
NCT02367859_EG000,NCT02367859,8,8,2,2,8,8,0,0,6,6,7,7,0,1,1,1
NCT02369458_EG000,NCT02369458,129,59,2,2,59,61,0,0,15,31,43,51,3,9,9,8
NCT02370238_EG000,NCT02370238,80,40,2,2,40,41,0,0,12,24,33,40,2,2,2,0
NCT02370615_EG000,NCT02370615,13,9,2,2,9,9,0,0,6,8,8,9,0,0,0,0
NCT02370615_EG001,NCT02370615,13,8,3,3,8,8,0,0,3,6,7,8,0,0,0,0
NCT02370693_EG000,NCT02370693,51,33,2,2,33,33,0,0,9,10,12,15,3,19,19,18
NCT02374021_EG000,NCT02374021,12,0,3,3,0,0,0,0,0,0,0,0,0,0,0,0
NCT02374099_EG000,NCT02374099,58,28,2,2,28,31,0,0,12,20,23,28,0,0,0,0
NCT02379247_EG000,NCT02379247,38,14,2,2,14,14,0,0,8,10,13,13,0,1,1,1
NCT02379247_EG001,NCT02379247,38,22,2,2,22,22,0,0,11,15,17,19,1,4,4,3
NCT02379247_EG002,NCT02379247,38,30,2,2,30,30,0,0,12,19,22,24,1,7,7,6
NCT02379247_EG003,NCT02379247,38,34,2,2,34,34,0,0,13,21,27,30,1,5,5,4
NCT02379585_EG000,NCT02379585,1,0,3,3,0,0,0,0,0,0,0,0,0,0,0,0
NCT02380573_EG000,NCT02380573,11,9,2,2,9,9,0,0,5,3,3,3,0,6,6,6
NCT02380573_EG002,NCT02380573,11,7,2,2,7,7,0,0,3,2,2,2,0,5,5,5
NCT02380573_EG004,NCT02380573,11,0,2,2,0,0,11,0,0,0,0,0,0,0,0,0
NCT02382406_EG000,NCT02382406,187,97,3,3,97,106,0,0,17,44,66,85,6,16,16,10
NCT02382406_EG002,NCT02382406,187,93,3,3,93,94,0,0,18,44,63,84,3,12,12,9
NCT02383433_EG000,NCT02383433,52,51,2,2,51,52,0,0,11,22,27,30,1,20,20,20
NCT02383758_EG000,NCT02383758,1,0,3,3,0,0,0,0,0,0,0,0,0,0,0,0
NCT02383758_EG001,NCT02383758,1,0,3,3,0,0,0,0,0,0,0,0,0,0,0,0
NCT02384200_EG000,NCT02384200,1,0,5,5,0,0,0,0,0,0,0,0,0,0,0,0
NCT02384200_EG001,NCT02384200,1,0,4,4,0,0,0,0,0,0,0,0,0,0,0,0
NCT02384395_EG000,NCT02384395,22,8,3,3,8,8,0,0,4,4,4,5,1,3,3,3
NCT02384850_EG000,NCT02384850,40,17,4,4,17,18,0,0,9,13,15,17,0,0,0,0
NCT02384850_EG001,NCT02384850,40,31,4,4,31,31,0,0,12,17,22,26,1,4,4,4
NCT02388737_EG000,NCT02388737,42,7,2,2,7,7,0,0,3,5,6,7,0,0,0,0
NCT02388737_EG001,NCT02388737,42,7,2,2,7,7,0,0,3,5,6,7,0,0,0,0
NCT02389374_EG000,NCT02389374,1,0,2,2,0,0,0,0,0,0,0,0,0,0,0,0
NCT02389374_EG001,NCT02389374,1,0,2,2,0,0,0,0,0,0,0,0,0,0,0,0
NCT02389374_EG002,NCT02389374,1,0,2,2,0,0,0,0,0,0,0,0,0,0,0,0
NCT02389517_EG000,NCT02389517,131,110,3,3,110,112,0,0,20,49,74,95,7,19,19,12
NCT02389829_EG001,NCT02389829,3,2,2,2,2,2,0,0,0,0,0,1,2,2,2,1
NCT02389985_EG000,NCT02389985,72,16,2,2,16,16,0,0,12,11,13,14,0,2,2,2
NCT02389985_EG001,NCT02389985,72,59,2,2,59,59,0,0,15,36,48,57,4,6,6,2
NCT02390219_EG000,NCT02390219,122,42,2,2,42,43,0,0,11,23,32,42,1,1,1,0
NCT02390284_EG001,NCT02390284,1,0,8,8,0,0,0,0,0,0,0,0,0,0,0,0
NCT02391545_EG001,NCT02391545,101,41,2,2,41,43,0,0,12,22,30,40,1,1,1,0
NCT02392611_EG006,NCT02392611,103,10,2,2,10,10,0,0,5,7,9,10,0,0,0,0
NCT02392611_EG007,NCT02392611,103,21,2,2,21,21,0,0,11,16,19,21,0,0,0,0
NCT02392611_EG008,NCT02392611,103,13,2,2,13,13,0,0,10,13,13,13,1,0,0,0
NCT02393248_EG010,NCT02393248,497,19,3,3,19,19,0,0,4,13,18,19,0,0,0,0
NCT02393248_EG011,NCT02393248,497,81,3,3,81,84,0,0,15,41,61,81,6,6,6,0
NCT02393248_EG012,NCT02393248,497,57,2,2,57,57,0,0,15,39,47,57,1,1,1,0
NCT02393248_EG013,NCT02393248,497,88,2,2,88,91,0,0,18,49,74,88,2,2,2,0
NCT02393248_EG014,NCT02393248,497,26,2,2,26,26,0,0,11,22,25,26,0,0,0,0
NCT02393248_EG015,NCT02393248,497,132,2,2,132,138,0,0,18,61,100,132,5,5,5,0
NCT02393248_EG016,NCT02393248,497,74,2,2,74,75,0,0,16,38,56,74,2,2,2,0
NCT02393547_EG000,NCT02393547,7,7,2,2,7,7,0,0,3,6,5,5,0,1,2,2
NCT02394340_EG000,NCT02394340,5,5,2,2,5,5,0,0,3,4,4,5,0,0,0,0
NCT02396537_EG000,NCT02396537,1,0,2,2,0,0,0,0,0,0,0,0,0,0,0,0
NCT02397291_EG001,NCT02397291,1,0,2,2,0,0,0,0,0,0,0,0,0,0,0,0
NCT02397720_EG000,NCT02397720,177,66,2,2,66,72,0,0,20,42,51,56,2,13,13,11
NCT02397720_EG001,NCT02397720,177,35,2,2,35,42,0,0,13,17,28,31,1,5,5,4
NCT02400437_EG000,NCT02400437,95,36,3,3,36,36,0,0,13,22,29,36,4,5,5,0
NCT02400476_EG000,NCT02400476,91,42,2,2,42,42,0,0,13,25,34,42,0,0,0,0
NCT02400476_EG001,NCT02400476,91,43,3,3,43,43,0,0,14,27,37,43,0,0,0,0
NCT02400476_EG004,NCT02400476,91,39,2,2,39,39,0,0,11,25,33,39,0,0,0,0
NCT02400476_EG005,NCT02400476,91,36,2,2,36,36,0,0,11,21,29,36,0,0,0,0
NCT02401256_EG000,NCT02401256,1,1,4,4,1,1,0,0,0,0,0,0,1,1,1,1
NCT02401529_EG000,NCT02401529,3,0,3,3,0,0,0,0,0,0,0,0,0,0,0,0
NCT02401542_EG000,NCT02401542,333,87,2,2,87,89,0,0,16,39,59,73,2,2,2,0
NCT02401815_EG005,NCT02401815,247,44,2,2,44,45,0,0,14,27,34,44,1,1,1,0
NCT02401815_EG006,NCT02401815,247,87,2,2,87,87,0,0,19,48,70,87,2,2,2,0
NCT02401815_EG007,NCT02401815,247,58,2,2,58,59,1,0,13,33,46,57,1,2,2,1
NCT02401815_EG008,NCT02401815,247,72,2,2,72,72,0,0,17,41,54,72,3,3,3,0
NCT02401815_EG009,NCT02401815,247,102,2,2,102,103,0,0,16,45,76,101,3,4,4,1
NCT02403778_EG001,NCT02403778,43,32,2,2,32,33,0,0,9,13,17,20,4,11,11,9
NCT02406092_EG000,NCT02406092,35,11,6,6,11,11,0,0,6,9,10,11,1,1,1,0
NCT02406092_EG001,NCT02406092,35,9,6,6,9,9,0,0,5,7,7,9,1,1,1,0
NCT02406209_EG001,NCT02406209,27,13,2,2,13,13,0,0,6,8,10,12,0,1,1,1
NCT02406261_EG000,NCT02406261,6,2,3,3,2,2,0,0,2,2,2,2,0,0,0,0
NCT02406261_EG001,NCT02406261,6,5,2,2,5,5,0,0,4,4,4,5,0,0,0,0
NCT02406586_EG000,NCT02406586,1,0,2,2,0,0,0,0,0,0,0,0,0,0,0,0
NCT02406586_EG001,NCT02406586,1,0,2,2,0,0,0,0,0,0,0,0,0,0,0,0
NCT02407054_EG000,NCT02407054,157,106,2,2,106,111,0,0,18,52,79,106,8,8,8,0
NCT02407054_EG001,NCT02407054,157,63,2,2,63,64,0,0,14,34,50,63,2,2,2,0
NCT02409290_EG001,NCT02409290,46,8,8,8,8,13,0,0,8,0,0,0,0,13,13,13
NCT02409290_EG002,NCT02409290,46,9,7,7,9,10,0,0,9,0,0,0,0,10,10,10
NCT02409290_EG003,NCT02409290,46,8,6,6,8,11,0,0,8,0,0,0,0,11,11,11
NCT02409342_EG000,NCT02409342,176,36,4,4,36,39,0,0,11,24,29,36,2,2,2,0
NCT02409355_EG001,NCT02409355,62,19,3,3,19,20,0,0,9,16,19,19,0,0,0,0
NCT02410707_EG000,NCT02410707,1,0,3,3,0,0,0,0,0,0,0,0,0,0,0,0
NCT02412228_EG000,NCT02412228,83,83,3,3,83,83,0,0,19,45,63,77,3,8,8,5
NCT02412618_EG001,NCT02412618,1,0,2,2,0,0,0,0,0,0,0,0,0,0,0,0
NCT02412631_EG001,NCT02412631,8,7,2,2,7,7,0,0,3,4,4,4,1,3,3,3
NCT02412722_EG005,NCT02412722,229,53,2,2,53,54,0,0,13,26,39,53,3,2,2,0
NCT02412722_EG006,NCT02412722,229,95,2,2,95,108,0,0,18,57,77,95,2,2,2,0
NCT02412878_EG000,NCT02412878,195,37,2,2,37,40,0,0,15,25,30,37,1,1,1,0
NCT02412878_EG001,NCT02412878,195,40,2,2,40,41,0,0,14,25,31,40,2,2,2,0
NCT02413047_EG000,NCT02413047,1,0,3,3,0,0,0,0,0,0,0,0,0,0,0,0
NCT02413320_EG000,NCT02413320,14,8,4,4,8,8,0,0,4,6,7,8,0,0,0,0
NCT02413320_EG001,NCT02413320,14,5,2,2,5,5,0,0,3,5,5,5,0,0,0,0
NCT02413593_EG000,NCT02413593,23,17,2,2,17,17,0,0,8,12,15,17,0,0,0,0
NCT02417337_EG001,NCT02417337,2,0,2,2,0,0,0,0,0,0,0,0,0,0,0,0
NCT02417337_EG002,NCT02417337,2,0,2,2,0,0,0,0,0,0,0,0,0,0,0,0
NCT02417337_EG003,NCT02417337,2,0,2,2,0,0,0,0,0,0,0,0,0,0,0,0
NCT02419508_EG000,NCT02419508,3,2,2,2,2,2,0,0,2,2,2,2,0,0,0,0
NCT02419547_EG000,NCT02419547,1,1,4,4,1,1,0,0,1,0,0,0,0,1,1,1
NCT02419755_EG000,NCT02419755,88,51,6,6,51,53,0,0,11,33,42,49,0,1,1,1
NCT02420314_EG000,NCT02420314,179,71,3,3,71,72,0,0,14,39,53,66,4,5,5,2
NCT02421419_EG001,NCT02421419,1,0,2,2,0,0,0,0,0,0,0,0,0,0,0,0
NCT02421419_EG002,NCT02421419,1,0,2,2,0,0,0,0,0,0,0,0,0,0,0,0
NCT02424617_EG001,NCT02424617,222,64,2,2,64,68,0,0,14,34,50,64,4,4,4,0
NCT02424617_EG002,NCT02424617,222,67,2,2,67,70,0,0,13,32,51,67,1,1,1,0
NCT02424617_EG003,NCT02424617,222,142,2,2,142,151,0,0,19,66,101,142,2,2,2,0
NCT02424851_EG000,NCT02424851,107,47,3,3,47,57,0,0,16,27,37,43,2,4,4,2
NCT02424851_EG001,NCT02424851,107,63,3,3,63,75,0,0,16,34,47,56,2,6,6,5
NCT02429258_EG001,NCT02429258,1,1,2,2,1,1,0,0,1,1,1,1,0,0,0,0
NCT02429791_EG004,NCT02429791,96,0,2,2,0,0,0,0,0,0,0,0,0,0,0,0
NCT02430090_EG001,NCT02430090,4,4,2,2,4,4,0,0,3,2,2,3,0,1,1,1
NCT02430090_EG002,NCT02430090,4,3,2,2,3,3,0,0,3,2,2,2,0,1,1,1
NCT02430181_EG006,NCT02430181,6,5,2,2,5,5,0,0,3,4,4,5,0,0,0,0
NCT02430194_EG000,NCT02430194,13,5,2,2,5,5,0,0,3,4,4,5,0,1,1,0
NCT02430194_EG001,NCT02430194,13,6,2,2,6,6,0,0,3,4,4,6,0,1,1,0
NCT02430194_EG002,NCT02430194,13,6,2,2,6,8,0,0,3,4,4,6,0,1,1,0
NCT02430194_EG003,NCT02430194,13,6,2,2,6,6,0,0,3,4,4,6,0,1,1,0
NCT02430194_EG005,NCT02430194,13,6,2,2,6,6,0,0,3,4,4,6,0,1,1,0
NCT02436135_EG000,NCT02436135,85,48,2,2,48,51,0,0,13,29,38,48,3,3,3,0
NCT02436135_EG001,NCT02436135,85,43,2,2,43,43,0,0,16,27,37,43,0,0,0,0
NCT02436668_EG000,NCT02436668,251,64,2,2,64,72,0,0,14,33,50,64,2,2,2,0
NCT02437136_EG000,NCT02437136,485,38,2,2,38,38,0,0,18,28,33,37,2,3,3,1
NCT02437136_EG001,NCT02437136,485,42,2,2,42,44,0,0,14,30,38,42,1,2,2,0
NCT02437136_EG002,NCT02437136,485,41,2,2,41,41,0,0,12,27,34,41,2,3,3,0
NCT02437136_EG003,NCT02437136,485,119,2,2,119,126,0,0,19,64,92,118,4,5,5,1
NCT02437136_EG004,NCT02437136,485,74,2,2,74,78,0,0,16,38,55,73,5,7,7,1
NCT02437136_EG005,NCT02437136,485,113,2,2,113,118,0,0,20,53,80,112,7,10,10,1
NCT02437136_EG006,NCT02437136,485,77,2,2,77,77,0,0,15,40,60,76,2,4,4,1
NCT02438371_EG001,NCT02438371,19,13,2,2,13,13,0,0,6,1,1,1,3,12,12,12
NCT02439281_EG000,NCT02439281,1,0,2,2,0,0,0,0,0,0,0,0,0,0,0,0
NCT02440425_EG000,NCT02440425,212,113,2,2,113,122,0,0,18,54,81,104,5,13,13,8
NCT02440581_EG001,NCT02440581,202,8,2,2,8,9,0,0,6,3,3,3,0,5,5,5
NCT02441309_EG002,NCT02441309,32,10,2,2,10,13,0,0,8,9,9,10,1,1,1,0
NCT02446418_EG000,NCT02446418,9,0,4,4,0,0,0,0,0,0,0,0,0,0,0,0
NCT02446418_EG001,NCT02446418,9,0,2,2,0,0,0,0,0,0,0,0,0,0,0,0
NCT02448303_EG001,NCT02448303,136,73,2,2,73,78,0,0,17,42,58,73,3,4,4,0
NCT02448537_EG000,NCT02448537,137,90,2,2,90,96,0,0,20,44,57,69,3,23,23,21
NCT02448537_EG001,NCT02448537,137,58,2,2,58,63,0,0,17,29,34,39,8,20,20,19
NCT02448771_EG000,NCT02448771,106,41,2,2,41,42,0,0,13,25,31,40,1,2,2,1
NCT02452528_EG001,NCT02452528,1,1,3,3,1,1,0,0,1,1,1,1,0,0,0,0
NCT02452918_EG001,NCT02452918,4,2,2,2,2,2,0,0,1,2,2,2,1,0,0,0
NCT02454478_EG000,NCT02454478,90,88,2,2,88,90,0,0,17,49,72,88,1,1,1,0
NCT02455076_EG001,NCT02455076,13,4,2,2,4,4,0,0,2,2,2,3,1,1,1,1
NCT02457598_EG000,NCT02457598,447,62,2,2,62,63,0,0,16,32,46,62,5,5,5,0
NCT02457598_EG001,NCT02457598,447,95,2,2,95,101,0,0,18,45,74,95,2,2,2,0
NCT02457598_EG002,NCT02457598,447,86,2,2,86,90,0,0,16,44,64,86,3,3,3,0
NCT02457598_EG003,NCT02457598,447,50,2,2,50,51,0,0,15,28,37,50,2,2,2,0
NCT02457598_EG004,NCT02457598,447,61,2,2,61,61,0,0,15,32,48,61,1,1,1,0
NCT02457598_EG005,NCT02457598,447,65,2,2,65,68,0,0,17,36,54,65,4,3,3,0
NCT02457598_EG006,NCT02457598,447,29,2,2,29,30,0,0,14,19,23,29,1,1,1,0
NCT02457598_EG007,NCT02457598,447,87,2,2,87,92,0,0,18,46,70,87,2,2,2,0
NCT02457598_EG008,NCT02457598,447,26,2,2,26,26,0,0,9,17,23,26,0,0,0,0
NCT02457598_EG009,NCT02457598,447,21,2,2,21,21,0,0,12,17,18,21,1,1,1,0
NCT02457598_EG010,NCT02457598,447,64,2,2,64,67,0,0,14,33,50,64,0,0,0,0
NCT02457598_EG011,NCT02457598,447,23,2,2,23,23,0,0,8,14,19,23,1,1,1,0
NCT02457793_EG000,NCT02457793,154,9,2,2,9,9,0,0,4,6,8,9,0,0,0,0
NCT02457793_EG001,NCT02457793,154,61,2,2,61,61,0,0,16,35,50,61,4,4,4,0
NCT02457793_EG002,NCT02457793,154,59,2,2,59,61,0,0,16,37,49,59,4,4,4,0
NCT02457793_EG003,NCT02457793,154,41,2,2,41,42,0,0,12,25,31,41,5,5,5,0
NCT02457793_EG004,NCT02457793,154,36,2,2,36,40,0,0,12,25,30,36,4,4,4,0
NCT02457793_EG005,NCT02457793,154,52,2,2,52,54,0,0,11,32,42,52,1,1,1,0
NCT02462473_EG000,NCT02462473,7,7,5,5,7,7,0,0,5,7,7,7,0,0,0,0
NCT02463331_EG000,NCT02463331,4,2,2,2,2,2,0,0,2,0,0,0,0,2,2,2
NCT02463331_EG001,NCT02463331,4,0,2,2,0,0,0,0,0,0,0,0,0,0,0,0
NCT02463357_EG001,NCT02463357,4,0,2,2,0,0,4,0,0,0,0,0,0,0,0,0
NCT02467504_EG001,NCT02467504,7,2,3,3,2,2,0,0,2,1,1,0,0,1,1,2
NCT02468648_EG000,NCT02468648,17,15,2,2,15,15,0,0,8,9,10,11,1,5,5,4
NCT02469298_EG002,NCT02469298,4,2,2,2,2,2,0,0,2,2,2,2,0,0,0,0
NCT02470585_EG000,NCT02470585,318,78,2,2,78,79,0,0,17,45,64,78,1,1,1,0
NCT02470585_EG001,NCT02470585,318,74,3,3,74,80,0,0,17,43,60,74,1,1,1,0
NCT02470585_EG002,NCT02470585,318,75,3,3,75,82,0,0,16,43,61,75,1,1,1,0
NCT02472353_EG001,NCT02472353,44,43,2,2,43,44,0,0,14,25,33,36,1,8,8,6
NCT02472886_EG002,NCT02472886,6,6,2,2,6,6,0,0,5,5,6,6,0,0,0,0
NCT02473276_EG002,NCT02473276,1,1,2,2,1,1,0,0,1,0,0,0,0,1,1,1
NCT02484651_EG001,NCT02484651,7,1,2,2,1,1,0,0,1,0,0,0,0,1,1,1
NCT02484911_EG000,NCT02484911,8,3,4,4,3,4,0,0,2,2,3,3,0,0,0,0
NCT02485691_EG001,NCT02485691,123,24,3,3,24,25,0,0,11,17,20,24,1,1,1,0
NCT02486328_EG000,NCT02486328,1,0,2,2,0,0,0,0,0,0,0,0,0,0,0,0
NCT02486328_EG001,NCT02486328,1,0,2,2,0,0,0,0,0,0,0,0,0,0,0,0
NCT02486627_EG000,NCT02486627,12,0,2,2,0,0,0,0,0,0,0,0,0,0,0,0
NCT02486627_EG001,NCT02486627,12,0,2,2,0,0,0,0,0,0,0,0,0,0,0,0
NCT02489903_EG002,NCT02489903,83,8,6,6,8,9,0,0,6,7,7,8,0,1,1,0
NCT02491983_EG000,NCT02491983,179,59,2,2,59,59,0,0,13,32,48,58,1,2,2,1
NCT02491983_EG001,NCT02491983,179,58,2,2,58,61,0,0,13,32,48,57,2,3,3,1
NCT02493764_EG000,NCT02493764,118,11,4,4,11,11,0,0,8,8,10,11,0,0,0,0
NCT02493764_EG001,NCT02493764,118,10,3,3,10,10,0,0,8,9,9,10,0,0,0,0
NCT02494180_EG000,NCT02494180,1,0,2,2,0,0,0,0,0,0,0,0,0,0,0,0
NCT02494180_EG001,NCT02494180,1,0,2,2,0,0,0,0,0,0,0,0,0,0,0,0
NCT02494713_EG000,NCT02494713,47,47,5,5,47,47,0,0,14,22,31,37,4,12,12,10
NCT02495103_EG000,NCT02495103,68,24,2,2,24,25,0,0,11,19,21,24,1,1,1,0
NCT02495103_EG001,NCT02495103,68,61,2,2,61,62,0,0,17,38,53,60,0,2,2,1
NCT02495233_EG000,NCT02495233,68,31,2,2,31,33,0,0,11,23,29,31,0,0,0,0
NCT02495233_EG001,NCT02495233,68,48,2,2,48,51,0,0,15,31,42,48,0,0,0,0
NCT02496585_EG000,NCT02496585,104,70,2,2,70,85,0,0,17,43,56,66,2,5,5,3
NCT02497040_EG000,NCT02497040,1,0,2,2,0,0,0,0,0,0,0,0,0,0,0,0
NCT02499120_EG000,NCT02499120,80,42,2,2,42,43,0,0,11,26,36,42,0,0,0,0
NCT02499146_EG000,NCT02499146,62,57,2,2,57,57,0,0,13,35,46,57,0,0,0,0
NCT02499575_EG001,NCT02499575,1,0,2,2,0,0,0,0,0,0,0,0,0,0,0,0
NCT02499887_EG000,NCT02499887,1,0,2,2,0,0,0,0,0,0,0,0,0,0,0,0
NCT02499887_EG001,NCT02499887,1,0,3,3,0,0,0,0,0,0,0,0,0,0,0,0
NCT02500641_EG000,NCT02500641,91,6,4,4,6,6,0,0,3,5,5,6,0,0,0,0
NCT02500641_EG001,NCT02500641,91,12,4,4,12,12,0,0,6,10,10,12,1,1,1,0
NCT02500706_EG002,NCT02500706,42,4,2,2,4,4,0,0,2,3,4,4,0,0,0,0
NCT02500901_EG000,NCT02500901,27,27,2,2,27,27,0,0,12,21,24,26,1,2,2,1
NCT02501096_EG000,NCT02501096,369,29,2,2,29,29,0,0,12,21,27,29,0,0,0,0
NCT02501096_EG001,NCT02501096,369,14,2,2,14,14,0,0,10,14,14,14,0,0,0,0
NCT02501096_EG002,NCT02501096,369,99,2,2,99,102,0,0,18,52,76,99,4,4,4,0
NCT02501096_EG003,NCT02501096,369,112,2,2,112,118,0,0,17,49,82,112,3,3,3,0
NCT02501096_EG004,NCT02501096,369,102,2,2,102,110,0,0,18,52,78,102,3,3,3,0
NCT02501096_EG005,NCT02501096,369,121,2,2,121,131,0,0,17,60,94,121,5,5,5,0
NCT02501096_EG006,NCT02501096,369,108,2,2,108,118,0,0,18,55,88,108,1,1,1,0
NCT02501096_EG007,NCT02501096,369,128,2,2,128,138,0,0,18,66,100,128,3,3,3,0
NCT02501096_EG008,NCT02501096,369,5,2,2,5,5,0,0,3,4,5,5,0,0,0,0
NCT02501473_EG003,NCT02501473,173,88,2,2,88,89,0,0,18,51,68,88,8,4,4,0
NCT02501473_EG006,NCT02501473,173,3,2,2,3,3,0,0,3,3,3,3,0,0,0,0
NCT02501902_EG000,NCT02501902,229,45,2,2,45,47,0,0,11,25,39,44,1,1,1,0
NCT02501902_EG001,NCT02501902,229,69,2,2,69,69,0,0,15,32,52,68,3,4,4,1
NCT02501902_EG002,NCT02501902,229,29,2,2,29,31,0,0,12,22,26,29,0,0,0,0
NCT02501902_EG003,NCT02501902,229,54,2,2,54,54,0,0,15,36,47,54,2,1,1,0
NCT02501902_EG004,NCT02501902,229,93,2,2,93,94,0,0,15,40,67,92,1,2,2,1
NCT02501902_EG005,NCT02501902,229,76,2,2,76,85,0,0,15,42,60,75,2,2,2,0
NCT02501902_EG006,NCT02501902,229,43,2,2,43,43,0,0,11,28,38,43,1,1,1,0
NCT02501902_EG007,NCT02501902,229,84,2,2,84,93,0,0,14,44,66,83,2,2,2,0
NCT02504671_EG000,NCT02504671,13,3,2,2,3,3,0,0,2,2,2,3,0,0,0,0
NCT02504723_EG000,NCT02504723,12,6,2,2,6,6,0,0,3,3,4,5,3,3,2,1
NCT02505269_EG000,NCT02505269,65,58,3,3,58,58,0,0,17,33,44,54,3,6,6,4
NCT02509481_EG000,NCT02509481,44,0,2,2,0,0,0,0,0,0,0,0,0,0,0,0
NCT02509481_EG001,NCT02509481,44,0,2,2,0,0,0,0,0,0,0,0,0,0,0,0
NCT02510001_EG002,NCT02510001,291,42,2,2,42,43,0,0,13,25,34,41,0,0,0,0
NCT02511184_EG000,NCT02511184,97,36,2,2,36,38,0,0,13,27,33,36,1,1,1,0
NCT02511184_EG001,NCT02511184,97,72,2,2,72,74,0,0,15,37,55,72,4,4,4,0
NCT02512783_EG000,NCT02512783,1,0,2,2,0,0,0,0,0,0,0,0,0,0,0,0
NCT02512783_EG001,NCT02512783,1,0,2,2,0,0,0,0,0,0,0,0,0,0,0,0
NCT02513472_EG000,NCT02513472,188,90,2,2,90,95,0,0,16,46,67,90,2,2,2,0
NCT02513472_EG001,NCT02513472,188,85,2,2,85,92,0,0,17,46,64,85,3,3,3,0
NCT02513563_EG000,NCT02513563,180,77,3,3,77,91,0,0,16,38,54,69,5,13,13,8
NCT02514447_EG001,NCT02514447,246,55,2,2,55,59,0,0,16,34,45,53,3,5,5,1
NCT02514447_EG002,NCT02514447,246,37,2,2,37,39,0,0,12,25,32,37,1,2,2,0
NCT02514447_EG003,NCT02514447,246,57,2,2,57,58,0,0,15,35,47,57,3,3,3,0
NCT02514447_EG004,NCT02514447,246,57,2,2,57,57,0,0,17,32,43,57,4,3,3,0
NCT02514447_EG005,NCT02514447,246,40,2,2,40,40,0,0,14,28,35,38,1,1,1,1
NCT02514447_EG006,NCT02514447,246,63,2,2,63,63,0,0,14,33,50,63,4,3,3,0
NCT02514447_EG007,NCT02514447,246,54,2,2,54,55,0,0,17,34,44,54,5,4,4,0
NCT02514447_EG008,NCT02514447,246,68,2,2,68,68,0,0,17,42,58,67,2,1,1,0
NCT02515045_EG002,NCT02515045,5,1,3,3,1,1,0,0,1,0,0,0,0,1,1,1
NCT02516696_EG000,NCT02516696,75,49,3,3,49,51,0,0,15,29,39,47,7,9,8,2
NCT02516696_EG001,NCT02516696,75,38,2,2,38,41,0,0,15,20,24,31,9,14,14,7
NCT02517021_EG001,NCT02517021,81,15,2,2,15,16,0,0,8,12,13,15,0,0,0,0
NCT02517099_EG000,NCT02517099,1,0,3,3,0,0,0,0,0,0,0,0,0,0,0,0
NCT02517099_EG001,NCT02517099,1,0,3,3,0,0,0,0,0,0,0,0,0,0,0,0
NCT02518945_EG000,NCT02518945,1,0,2,2,0,0,0,0,0,0,0,0,0,0,0,0
NCT02518945_EG001,NCT02518945,1,1,3,3,1,1,0,0,1,0,0,0,0,1,1,1
NCT02519842_EG000,NCT02519842,57,20,3,3,20,20,0,0,7,13,18,20,0,0,0,0
NCT02519842_EG001,NCT02519842,57,11,2,2,11,12,0,0,5,8,9,11,0,0,0,0
NCT02527083_EG000,NCT02527083,1,0,2,2,0,0,0,0,0,0,0,0,0,0,0,0
NCT02527083_EG001,NCT02527083,1,0,2,2,0,0,0,0,0,0,0,0,0,0,0,0
NCT02527083_EG002,NCT02527083,1,0,2,2,0,0,0,0,0,0,0,0,0,0,0,0
NCT02527707_EG000,NCT02527707,20,20,2,2,20,20,0,0,9,9,13,17,1,4,4,3
NCT02530476_EG000,NCT02530476,39,17,2,2,17,17,0,0,11,11,11,13,0,5,5,4
NCT02530476_EG001,NCT02530476,39,14,2,2,14,15,0,0,9,9,9,9,1,5,5,5
NCT02530476_EG002,NCT02530476,39,23,2,2,23,25,0,0,11,14,16,19,0,6,6,4
NCT02530476_EG003,NCT02530476,39,13,2,2,13,14,0,0,7,10,10,11,0,3,3,2
NCT02532010_EG000,NCT02532010,196,159,2,2,159,168,0,0,17,46,72,102,14,61,61,51
NCT02532010_EG001,NCT02532010,196,76,2,2,76,80,0,0,16,29,40,49,12,27,27,21
NCT02532855_EG000,NCT02532855,30,1,3,3,1,1,0,0,1,1,1,1,0,0,0,0
NCT02532855_EG001,NCT02532855,30,1,3,3,1,1,0,0,1,1,1,1,0,0,0,0
NCT02533401_EG000,NCT02533401,18,8,3,3,8,8,0,0,3,6,7,8,0,1,1,0
NCT02535247_EG001,NCT02535247,120,0,2,2,0,0,120,0,0,0,0,0,0,0,0,0
NCT02535533_EG003,NCT02535533,221,129,2,2,129,142,0,0,20,58,93,117,0,13,13,13
NCT02536313_EG001,NCT02536313,7,4,2,2,4,4,0,0,4,4,4,4,0,0,0,0
NCT02536742_EG000,NCT02536742,2,1,2,2,1,1,0,0,1,0,0,0,0,1,1,1
NCT02537873_EG000,NCT02537873,2,2,2,2,2,2,0,0,1,1,1,1,0,1,1,1
NCT02540226_EG000,NCT02540226,1,0,2,2,0,0,0,0,0,0,0,0,0,0,0,0
NCT02540226_EG001,NCT02540226,1,0,2,2,0,0,0,0,0,0,0,0,0,0,0,0
NCT02540668_EG002,NCT02540668,3,1,2,2,1,1,0,0,1,1,1,1,0,0,0,0
NCT02541409_EG001,NCT02541409,1,0,2,2,0,0,0,0,0,0,0,0,0,0,0,0
NCT02543801_EG000,NCT02543801,1,0,4,4,0,0,0,0,0,0,0,0,0,0,0,0
NCT02543801_EG001,NCT02543801,1,0,4,4,0,0,0,0,0,0,0,0,0,0,0,0
NCT02543801_EG002,NCT02543801,1,0,4,4,0,0,0,0,0,0,0,0,0,0,0,0
NCT02543801_EG003,NCT02543801,1,0,4,4,0,0,0,0,0,0,0,0,0,0,0,0
NCT02543944_EG000,NCT02543944,90,24,4,4,24,24,0,0,7,4,5,6,9,19,19,18
NCT02543944_EG001,NCT02543944,90,31,3,3,31,31,0,0,8,6,8,9,15,23,22,22
NCT02545504_EG001,NCT02545504,224,60,3,3,60,64,0,0,12,33,48,60,2,2,2,0
NCT02545933_EG000,NCT02545933,5,1,4,4,1,1,0,0,1,0,0,0,0,1,1,1
NCT02545933_EG001,NCT02545933,5,2,3,3,2,2,0,0,1,1,1,2,1,1,1,0
NCT02545933_EG002,NCT02545933,5,1,3,3,1,1,0,0,1,1,1,1,0,0,0,0
NCT02546986_EG000,NCT02546986,131,63,2,2,63,68,0,0,16,33,51,63,0,0,0,0
NCT02548650_EG000,NCT02548650,2,0,3,3,0,0,0,0,0,0,0,0,0,0,0,0
NCT02548650_EG001,NCT02548650,2,1,3,3,1,1,0,0,1,1,1,1,0,0,0,0
NCT02549196_EG000,NCT02549196,43,11,2,2,11,11,0,0,5,8,10,11,0,0,0,0
NCT02549196_EG001,NCT02549196,43,1,2,2,1,1,0,0,1,1,1,1,0,0,0,0
NCT02549196_EG002,NCT02549196,43,14,2,2,14,14,0,0,7,11,12,14,1,1,1,0
NCT02549196_EG003,NCT02549196,43,31,2,2,31,31,0,0,12,22,26,31,1,1,1,0
NCT02549209_EG000,NCT02549209,191,110,3,3,110,114,0,0,19,47,73,95,5,20,20,15
NCT02551055_EG000,NCT02551055,193,28,2,2,28,28,0,0,10,19,24,28,2,2,2,0
NCT02551055_EG001,NCT02551055,193,64,2,2,64,67,0,0,15,37,53,64,3,3,3,0
NCT02551055_EG002,NCT02551055,193,52,2,2,52,52,0,0,15,35,44,52,2,2,2,0
NCT02551055_EG003,NCT02551055,193,32,2,2,32,33,0,0,14,24,29,32,0,0,0,0
NCT02551055_EG005,NCT02551055,193,25,2,2,25,25,0,0,12,20,23,25,0,0,0,0
NCT02554318_EG001,NCT02554318,1,0,4,4,0,0,0,0,0,0,0,0,0,0,0,0
NCT02559310_EG001,NCT02559310,42,5,2,2,5,5,0,0,4,5,5,5,0,0,0,0
NCT02560012_EG000,NCT02560012,42,42,6,6,42,42,0,0,14,24,32,38,3,7,7,4
NCT02560025_EG000,NCT02560025,100,84,4,4,84,96,0,0,16,46,67,83,4,5,5,1
NCT02560038_EG000,NCT02560038,76,73,3,3,73,76,0,0,16,36,51,59,2,16,16,15
NCT02560051_EG000,NCT02560051,160,53,5,5,53,56,0,0,15,29,35,44,6,12,12,9
NCT02560051_EG001,NCT02560051,160,100,5,5,100,112,0,0,18,41,57,73,7,27,27,23
NCT02560051_EG002,NCT02560051,160,75,5,5,75,75,0,0,17,38,52,65,5,13,13,9
NCT02563496_EG000,NCT02563496,30,0,2,2,0,0,30,0,0,0,0,0,0,0,0,0
NCT02563496_EG001,NCT02563496,30,16,2,2,16,16,0,0,5,11,13,16,0,0,0,0
NCT02563496_EG002,NCT02563496,30,6,2,2,6,6,0,0,2,3,4,6,0,0,0,0
NCT02563496_EG003,NCT02563496,30,8,2,2,8,8,0,0,5,7,8,8,0,0,0,0
NCT02563496_EG004,NCT02563496,30,16,2,2,16,16,0,0,8,9,11,16,0,0,0,0
NCT02564211_EG000,NCT02564211,11,7,2,2,7,7,0,0,4,6,6,7,1,1,1,0
NCT02564952_EG000,NCT02564952,47,46,2,2,46,47,0,0,11,23,35,46,2,2,2,0
NCT02565108_EG000,NCT02565108,39,38,2,2,38,38,0,0,12,23,31,38,0,0,0,0
NCT02566993_EG000,NCT02566993,172,39,2,2,39,45,0,0,12,23,32,39,2,2,2,0
NCT02567409_EG000,NCT02567409,328,92,3,3,92,104,0,0,17,44,70,90,9,8,8,1
NCT02567409_EG001,NCT02567409,328,82,2,2,82,93,0,0,16,42,64,81,6,5,5,1
NCT02569957_EG001,NCT02569957,39,39,2,2,39,39,0,0,10,18,25,33,6,12,11,6
NCT02570503_EG000,NCT02570503,1,0,5,5,0,0,0,0,0,0,0,0,0,0,0,0
NCT02573597_EG000,NCT02573597,1,0,2,2,0,0,0,0,0,0,0,0,0,0,0,0
NCT02573597_EG001,NCT02573597,1,0,2,2,0,0,0,0,0,0,0,0,0,0,0,0
NCT02573597_EG002,NCT02573597,1,0,2,2,0,0,0,0,0,0,0,0,0,0,0,0
NCT02573597_EG003,NCT02573597,1,0,2,2,0,0,0,0,0,0,0,0,0,0,0,0
NCT02574455_EG001,NCT02574455,145,57,4,4,57,59,0,0,13,34,45,57,2,2,2,0
NCT02574598_EG000,NCT02574598,39,24,2,2,24,25,0,0,11,15,18,21,0,5,5,3
NCT02576249_EG000,NCT02576249,1,0,2,2,0,0,0,0,0,0,0,0,0,0,0,0
NCT02576249_EG001,NCT02576249,1,0,2,2,0,0,0,0,0,0,0,0,0,0,0,0
NCT02576444_EG001,NCT02576444,113,24,2,2,24,26,0,0,12,19,22,23,0,1,1,1
NCT02576938_EG001,NCT02576938,18,5,2,2,5,5,0,0,4,5,5,5,0,0,0,0
NCT02577003_EG000,NCT02577003,9,1,2,2,1,1,0,0,1,1,1,1,0,0,0,0
NCT02577016_EG000,NCT02577016,5,2,2,2,2,2,0,0,2,2,2,2,0,0,0,0
NCT02579382_EG001,NCT02579382,41,19,2,2,19,19,0,0,7,13,15,19,1,1,1,0
NCT02579382_EG002,NCT02579382,41,14,2,2,14,14,0,0,6,10,11,14,1,1,1,0
NCT02579382_EG003,NCT02579382,41,16,2,2,16,16,0,0,7,12,13,16,1,1,1,0
NCT02579603_EG001,NCT02579603,34,23,2,2,23,23,0,0,9,13,18,23,0,0,0,0
NCT02580305_EG002,NCT02580305,45,3,2,2,3,3,0,0,3,3,3,3,0,0,0,0
NCT02582684_EG000,NCT02582684,12,10,2,2,10,10,0,0,2,7,8,10,0,0,0,0
NCT02583893_EG000,NCT02583893,266,117,4,4,117,117,0,0,14,0,0,0,10,117,117,117
NCT02584309_EG000,NCT02584309,211,119,2,2,119,122,0,0,18,54,88,113,4,8,8,4
NCT02584309_EG001,NCT02584309,211,64,2,2,64,64,0,0,15,38,50,62,1,4,4,2
NCT02586155_EG000,NCT02586155,389,21,3,3,21,24,0,0,8,10,12,17,1,4,4,3
NCT02586155_EG001,NCT02586155,389,23,2,2,23,27,0,0,8,11,13,19,1,4,4,3
NCT02587598_EG008,NCT02587598,307,121,2,2,121,134,0,0,17,63,91,121,4,2,2,0
NCT02587598_EG009,NCT02587598,307,8,2,2,8,8,0,0,6,7,8,8,0,0,0,0
NCT02587598_EG010,NCT02587598,307,96,2,2,96,103,0,0,17,48,77,96,3,3,3,0
NCT02587962_EG000,NCT02587962,166,25,2,2,25,26,0,0,10,18,22,24,0,0,0,0
NCT02587962_EG001,NCT02587962,166,9,2,2,9,9,0,0,6,7,9,9,0,0,0,0
NCT02587962_EG002,NCT02587962,166,60,2,2,60,62,0,0,16,37,50,59,2,3,3,1
NCT02587962_EG003,NCT02587962,166,48,2,2,48,49,0,0,15,32,42,47,2,4,4,1
NCT02588261_EG001,NCT02588261,163,33,2,2,33,33,0,0,13,23,29,33,0,0,0,0
NCT02590003_EG001,NCT02590003,34,0,2,2,0,0,0,0,0,0,0,0,0,0,0,0
NCT02592629_EG000,NCT02592629,1,0,2,2,0,0,0,0,0,0,0,0,0,0,0,0
NCT02592629_EG001,NCT02592629,1,0,2,2,0,0,0,0,0,0,0,0,0,0,0,0
NCT02592629_EG002,NCT02592629,1,0,3,3,0,0,0,0,0,0,0,0,0,0,0,0
NCT02592876_EG000,NCT02592876,104,46,4,4,46,46,0,0,14,31,39,46,2,2,2,0
NCT02592876_EG001,NCT02592876,104,50,5,5,50,52,0,0,13,30,42,50,2,2,2,0
NCT02594163_EG000,NCT02594163,115,37,2,2,37,38,0,0,12,21,33,37,1,1,1,0
NCT02596620_EG000,NCT02596620,6,4,4,4,4,4,0,0,2,2,2,3,1,2,2,1
NCT02596620_EG001,NCT02596620,6,1,3,3,1,1,0,0,1,0,0,0,0,1,1,1
NCT02597062_EG000,NCT02597062,39,10,3,3,10,12,0,0,6,7,9,10,0,0,0,0
NCT02597101_EG000,NCT02597101,1,0,2,2,0,0,0,0,0,0,0,0,0,0,0,0
NCT02597101_EG001,NCT02597101,1,0,3,3,0,0,0,0,0,0,0,0,0,0,0,0
NCT02597907_EG000,NCT02597907,1,0,2,2,0,0,0,0,0,0,0,0,0,0,0,0
NCT02597907_EG001,NCT02597907,1,0,2,2,0,0,0,0,0,0,0,0,0,0,0,0
NCT02598193_EG000,NCT02598193,31,17,2,2,17,17,0,0,7,11,15,17,1,1,1,0
NCT02599194_EG000,NCT02599194,1,1,2,2,1,1,0,0,1,0,0,0,0,1,1,1
NCT02600351_EG001,NCT02600351,52,38,2,2,38,38,0,0,12,23,32,37,1,1,1,0
NCT02600351_EG002,NCT02600351,52,12,2,2,12,12,0,0,8,11,12,12,0,0,0,0
NCT02600923_EG000,NCT02600923,77,41,2,2,41,41,0,0,11,21,32,41,1,1,1,0
NCT02601573_EG000,NCT02601573,115,12,4,4,12,12,0,0,8,10,12,12,0,0,0,0
NCT02604342_EG001,NCT02604342,70,26,2,2,26,27,0,0,10,18,20,26,1,1,1,0
NCT02605304_EG000,NCT02605304,12,6,2,2,6,6,0,0,2,4,4,6,0,0,0,0
NCT02606877_EG000,NCT02606877,27,14,2,2,14,14,0,0,6,9,13,14,0,0,0,0
NCT02606877_EG001,NCT02606877,27,23,2,2,23,23,0,0,8,15,20,23,0,0,0,0
NCT02607956_EG001,NCT02607956,219,38,2,2,38,38,0,0,11,23,30,38,0,0,0,0
NCT02608177_EG000,NCT02608177,1,0,2,2,0,0,0,0,0,0,0,0,0,0,0,0
NCT02608177_EG001,NCT02608177,1,0,2,2,0,0,0,0,0,0,0,0,0,0,0,0
NCT02608684_EG000,NCT02608684,116,111,3,3,111,116,0,0,21,60,82,102,5,12,12,8
NCT02610777_EG001,NCT02610777,201,79,2,2,79,85,0,0,17,43,63,79,5,3,3,0
NCT02613403_EG000,NCT02613403,75,21,2,2,21,21,0,0,10,16,20,21,0,0,0,0
NCT02614560_EG000,NCT02614560,129,92,3,3,92,96,0,0,19,56,75,92,4,4,4,0
NCT02614794_EG001,NCT02614794,223,64,2,2,64,67,0,0,15,36,53,64,1,1,1,0
NCT02616250_EG000,NCT02616250,10,2,2,2,2,2,0,0,2,2,2,2,0,0,0,0
NCT02616523_EG000,NCT02616523,1,0,2,2,0,0,0,0,0,0,0,0,0,0,0,0
NCT02616523_EG001,NCT02616523,1,0,2,2,0,0,0,0,0,0,0,0,0,0,0,0
NCT02619994_EG001,NCT02619994,263,44,4,4,44,45,0,0,12,29,36,44,1,1,1,0
NCT02624986_EG003,NCT02624986,75,20,2,2,20,20,0,0,10,16,19,20,0,0,0,0
NCT02624986_EG004,NCT02624986,75,23,2,2,23,23,0,0,11,18,19,23,3,3,3,0
NCT02630706_EG000,NCT02630706,25,4,3,3,4,4,0,0,2,3,3,4,0,0,0,0
NCT02630706_EG001,NCT02630706,25,4,3,3,4,4,0,0,2,3,3,4,0,0,0,0
NCT02630706_EG002,NCT02630706,25,3,2,2,3,3,0,0,2,2,2,3,0,0,0,0
NCT02631135_EG000,NCT02631135,1,0,3,3,0,0,0,0,0,0,0,0,0,0,0,0
NCT02631135_EG001,NCT02631135,1,0,4,4,0,0,0,0,0,0,0,0,0,0,0,0
NCT02631590_EG000,NCT02631590,149,65,3,3,65,69,0,0,15,35,49,61,5,7,7,3
NCT02632045_EG001,NCT02632045,17,14,2,2,14,14,0,0,9,12,12,13,0,1,1,1
NCT02633800_EG001,NCT02633800,117,50,3,3,50,50,0,0,14,28,38,50,2,2,2,0
NCT02633956_EG000,NCT02633956,25,17,2,2,17,17,0,0,11,14,16,17,0,0,0,0
NCT02633956_EG001,NCT02633956,25,9,2,2,9,9,0,0,6,7,8,8,0,0,0,0
NCT02633956_EG002,NCT02633956,25,17,2,2,17,17,0,0,7,9,14,16,0,0,0,0
NCT02635828_EG000,NCT02635828,1,0,3,3,0,0,0,0,0,0,0,0,0,0,0,0
NCT02636725_EG000,NCT02636725,206,66,2,2,66,69,0,0,18,35,49,60,2,10,10,8
NCT02640157_EG001,NCT02640157,22,9,2,2,9,9,0,0,5,6,6,9,0,0,0,0
NCT02641561_EG001,NCT02641561,3,0,2,2,0,0,0,0,0,0,0,0,0,0,0,0
NCT02641561_EG003,NCT02641561,3,0,2,2,0,0,0,0,0,0,0,0,0,0,0,0
NCT02646124_EG000,NCT02646124,4,2,2,2,2,2,0,0,1,0,0,0,1,2,2,2
NCT02651415_EG000,NCT02651415,48,48,2,2,48,48,0,0,13,28,39,45,3,6,6,3
NCT02653144_EG000,NCT02653144,1,0,2,2,0,0,0,0,0,0,0,0,0,0,0,0
NCT02653144_EG001,NCT02653144,1,0,2,2,0,0,0,0,0,0,0,0,0,0,0,0
NCT02654054_EG002,NCT02654054,24,10,2,2,10,10,0,0,8,9,9,10,0,0,0,0
NCT02654132_EG001,NCT02654132,120,53,2,2,53,56,0,0,14,32,43,53,1,1,1,0
NCT02656173_EG001,NCT02656173,9,1,2,2,1,1,0,0,1,1,1,1,0,0,0,0
NCT02657343_EG004,NCT02657343,79,26,2,2,26,27,0,0,8,15,20,25,0,1,1,1
NCT02657343_EG005,NCT02657343,79,0,3,3,0,0,79,0,0,0,0,0,0,0,0,0
NCT02657434_EG000,NCT02657434,236,47,3,3,47,49,0,0,13,27,38,47,2,2,2,0
NCT02658149_EG001,NCT02658149,1,0,4,4,0,0,0,0,0,0,0,0,0,0,0,0
NCT02658240_EG000,NCT02658240,1,0,2,2,0,0,0,0,0,0,0,0,0,0,0,0
NCT02658240_EG001,NCT02658240,1,0,2,2,0,0,0,0,0,0,0,0,0,0,0,0
NCT02659501_EG000,NCT02659501,1,0,4,4,0,0,0,0,0,0,0,0,0,0,0,0
NCT02659501_EG001,NCT02659501,1,0,4,4,0,0,0,0,0,0,0,0,0,0,0,0
NCT02661815_EG000,NCT02661815,12,0,2,2,0,0,12,0,0,0,0,0,0,0,0,0
NCT02661815_EG001,NCT02661815,12,0,2,2,0,0,12,0,0,0,0,0,0,0,0,0
NCT02661815_EG003,NCT02661815,12,12,2,2,12,12,0,0,8,8,9,11,1,2,2,1
NCT02663622_EG000,NCT02663622,145,64,2,2,64,66,0,0,15,40,53,64,3,2,2,0
NCT02664922_EG001,NCT02664922,10,5,2,2,5,5,0,0,3,3,3,3,0,2,2,2
NCT02664922_EG002,NCT02664922,10,0,2,2,0,0,0,0,0,0,0,0,0,0,0,0
NCT02665117_EG000,NCT02665117,2,0,2,2,0,0,0,0,0,0,0,0,0,0,0,0
NCT02665117_EG001,NCT02665117,2,0,2,2,0,0,0,0,0,0,0,0,0,0,0,0
NCT02665286_EG001,NCT02665286,4,2,2,2,2,2,0,0,1,0,0,0,0,2,2,2
NCT02665286_EG002,NCT02665286,4,4,2,2,4,4,0,0,2,1,1,1,0,3,3,3
NCT02666352_EG000,NCT02666352,5,1,2,2,1,1,0,0,1,1,1,1,0,0,0,0
NCT02666352_EG001,NCT02666352,5,4,2,2,4,4,0,0,2,4,4,4,0,0,0,0
NCT02666352_EG002,NCT02666352,5,0,2,2,0,0,0,0,0,0,0,0,0,0,0,0
NCT02668666_EG000,NCT02668666,187,103,2,2,103,105,0,0,18,47,74,92,0,11,11,11
NCT02670915_EG002,NCT02670915,33,11,2,2,11,11,0,0,5,7,9,11,0,0,0,0
NCT02675231_EG000,NCT02675231,470,76,3,3,76,76,0,0,16,42,61,76,4,3,3,0
NCT02675231_EG001,NCT02675231,470,62,2,2,62,62,0,0,14,37,51,62,1,1,1,0
NCT02675452_EG022,NCT02675452,536,79,2,2,79,87,0,0,17,46,64,79,4,4,4,0
NCT02679573_EG001,NCT02679573,39,2,2,2,2,2,0,0,2,2,2,2,0,0,0,0
NCT02679755_EG000,NCT02679755,115,28,2,2,28,30,0,0,9,18,23,28,0,0,0,0
NCT02679755_EG001,NCT02679755,115,57,2,2,57,58,0,0,14,28,42,56,2,3,3,1
NCT02683109_EG000,NCT02683109,4,1,2,2,1,1,0,0,1,1,1,1,0,0,0,0
NCT02683109_EG001,NCT02683109,4,1,2,2,1,1,0,0,1,1,1,1,0,0,0,0
NCT02685267_EG000,NCT02685267,44,33,2,2,33,36,0,0,12,21,25,30,1,4,4,2
NCT02685267_EG001,NCT02685267,44,19,3,3,19,19,0,0,8,12,14,19,0,0,0,0
NCT02685748_EG000,NCT02685748,1,0,2,2,0,0,0,0,0,0,0,0,0,0,0,0
NCT02686164_EG000,NCT02686164,34,23,2,2,23,24,0,0,9,16,19,23,2,2,2,0
NCT02691494_EG002,NCT02691494,24,11,2,2,11,11,0,0,9,10,11,11,0,0,0,0
NCT02692248_EG000,NCT02692248,57,14,5,5,14,14,0,0,6,7,8,9,1,5,5,5
NCT02694536_EG000,NCT02694536,39,14,2,2,14,15,0,0,6,10,13,14,0,0,0,0
NCT02694718_EG000,NCT02694718,31,23,2,2,23,24,0,0,8,12,18,20,1,2,2,2
NCT02696434_EG000,NCT02696434,19,16,2,2,16,16,0,0,6,12,16,16,0,0,0,0
NCT02700815_EG003,NCT02700815,3,2,2,2,2,2,0,0,1,1,1,2,1,1,1,0
NCT02703259_EG000,NCT02703259,1,0,3,3,0,0,0,0,0,0,0,0,0,0,0,0
NCT02703259_EG001,NCT02703259,1,0,2,2,0,0,0,0,0,0,0,0,0,0,0,0
NCT02703714_EG000,NCT02703714,79,60,2,2,60,61,0,0,17,34,46,57,5,6,6,2
NCT02706899_EG000,NCT02706899,139,99,2,2,99,106,0,0,17,51,73,98,8,8,8,1
NCT02706899_EG001,NCT02706899,139,68,2,2,68,68,0,0,16,42,55,68,2,2,2,0
NCT02707601_EG000,NCT02707601,39,14,2,2,14,14,0,0,7,9,12,14,0,0,0,0
NCT02707601_EG001,NCT02707601,39,10,2,2,10,10,0,0,7,8,10,10,0,0,0,0
NCT02707640_EG000,NCT02707640,24,14,2,2,14,14,0,0,5,7,12,14,0,0,0,0
NCT02709083_EG000,NCT02709083,1,0,3,3,0,0,0,0,0,0,0,0,0,0,0,0
NCT02710396_EG001,NCT02710396,122,63,3,3,63,66,0,0,16,33,46,57,1,7,7,6
NCT02710396_EG002,NCT02710396,122,0,3,3,0,0,122,0,0,0,0,0,0,0,0,0
NCT02710981_EG001,NCT02710981,1,0,2,2,0,0,0,0,0,0,0,0,0,0,0,0
NCT02711137_EG008,NCT02711137,257,1,2,2,1,1,0,0,1,1,1,1,0,0,0,0
NCT02717195_EG004,NCT02717195,26,2,2,2,2,2,0,0,2,2,2,2,0,0,0,0
NCT02717949_EG001,NCT02717949,1,0,2,2,0,0,0,0,0,0,0,0,0,0,0,0
NCT02718417_EG002,NCT02718417,249,59,2,2,59,59,0,0,13,31,43,59,1,1,1,0
NCT02718820_EG000,NCT02718820,21,18,2,2,18,21,0,0,6,12,15,16,1,1,1,1
NCT02719691_EG003,NCT02719691,42,7,2,2,7,8,0,0,5,6,6,6,0,1,1,1
NCT02720510_EG000,NCT02720510,40,30,4,4,30,32,0,0,12,19,25,30,1,1,1,0
NCT02720510_EG001,NCT02720510,40,13,3,3,13,13,0,0,7,12,12,13,1,1,1,0
NCT02722746_EG001,NCT02722746,3,3,2,2,3,3,0,0,3,2,2,2,0,1,1,1
NCT02722746_EG002,NCT02722746,3,3,2,2,3,3,0,0,3,2,2,2,0,1,1,1
NCT02723084_EG001,NCT02723084,12,7,2,2,7,7,0,0,6,7,7,7,0,0,0,0
NCT02723162_EG000,NCT02723162,33,9,2,2,9,9,0,0,5,8,9,9,0,0,0,0
NCT02724020_EG002,NCT02724020,125,44,2,2,44,45,0,0,12,27,36,44,0,0,0,0
NCT02725268_EG001,NCT02725268,172,80,2,2,80,82,0,0,16,43,63,80,3,3,3,0
NCT02725268_EG003,NCT02725268,172,61,2,2,61,65,0,0,15,34,49,61,3,3,3,0
NCT02730195_EG000,NCT02730195,27,27,2,2,27,27,0,0,12,20,24,27,3,3,3,0
NCT02730871_EG000,NCT02730871,1,0,2,2,0,0,0,0,0,0,0,0,0,0,0,0
NCT02732119_EG000,NCT02732119,213,66,3,3,66,71,0,0,16,44,59,66,1,1,1,0
NCT02732119_EG001,NCT02732119,213,73,3,3,73,74,0,0,16,42,63,73,3,3,3,0
NCT02732119_EG003,NCT02732119,213,82,3,3,82,85,0,0,15,43,63,82,3,3,3,0
NCT02732119_EG004,NCT02732119,213,74,3,3,74,76,0,0,15,40,56,74,3,3,3,0
NCT02732327_EG001,NCT02732327,3,3,5,5,3,3,0,0,3,3,3,3,0,0,0,0
NCT02734862_EG002,NCT02734862,98,10,2,2,10,10,0,0,7,8,9,10,0,0,0,0
NCT02736474_EG000,NCT02736474,3,2,2,2,2,2,0,0,1,1,1,1,0,1,1,1
NCT02738333_EG001,NCT02738333,8,3,2,2,3,3,0,0,3,3,3,3,0,0,0,0
NCT02739035_EG001,NCT02739035,1,0,2,2,0,0,0,0,0,0,0,0,0,0,0,0
NCT02741245_EG003,NCT02741245,2,1,2,2,1,1,0,0,1,1,1,1,0,0,0,0
NCT02741245_EG004,NCT02741245,2,1,2,2,1,1,0,0,1,1,1,1,0,0,0,0
NCT02743949_EG001,NCT02743949,4,0,2,2,0,0,0,0,0,0,0,0,0,0,0,0
NCT02744092_EG000,NCT02744092,151,6,4,4,6,6,0,0,5,5,5,5,0,1,1,1
NCT02744092_EG002,NCT02744092,151,12,4,4,12,12,0,0,9,9,9,9,0,3,3,3
NCT02744612_EG000,NCT02744612,170,24,2,2,24,24,0,0,11,16,21,22,0,2,2,2
NCT02744612_EG001,NCT02744612,170,91,2,2,91,92,0,0,17,41,61,82,7,16,16,10
NCT02746263_EG000,NCT02746263,9,0,2,2,0,0,9,0,0,0,0,0,0,0,0,0
NCT02746263_EG001,NCT02746263,9,9,2,2,9,9,0,0,4,2,2,3,1,7,7,6
NCT02748057_EG000,NCT02748057,10,5,2,2,5,5,0,0,4,4,5,5,0,0,0,0
NCT02748057_EG001,NCT02748057,10,8,2,2,8,8,0,0,5,6,7,8,0,0,0,0
NCT02748213_EG000,NCT02748213,136,78,3,3,78,83,0,0,14,37,57,77,4,4,4,0
NCT02748213_EG001,NCT02748213,136,71,2,2,71,75,0,0,14,35,52,70,4,4,4,0
NCT02752035_EG000,NCT02752035,366,161,2,2,161,171,0,0,19,66,117,161,11,10,10,0
NCT02754882_EG001,NCT02754882,145,31,3,3,31,31,0,0,12,24,27,31,0,0,0,0
NCT02755597_EG000,NCT02755597,235,82,3,3,82,84,0,0,16,40,61,82,2,1,1,0
NCT02755597_EG001,NCT02755597,235,72,2,2,72,76,0,0,16,40,56,72,2,1,1,0
NCT02756013_EG000,NCT02756013,1,1,2,2,1,1,0,0,1,1,1,1,0,0,0,0
NCT02757768_EG000,NCT02757768,24,0,2,2,0,0,0,0,0,0,0,0,0,0,0,0
NCT02759315_EG000,NCT02759315,25,6,2,2,6,6,0,0,5,6,6,6,0,0,0,0
NCT02759315_EG001,NCT02759315,25,2,2,2,2,2,0,0,2,2,2,2,0,0,0,0
NCT02759315_EG002,NCT02759315,25,4,2,2,4,4,0,0,2,3,4,4,0,0,0,0
NCT02759315_EG003,NCT02759315,25,12,2,2,12,13,0,0,6,9,12,12,0,0,0,0
NCT02759315_EG004,NCT02759315,25,5,2,2,5,5,0,0,4,4,5,5,0,0,0,0
NCT02760069_EG000,NCT02760069,1,0,2,2,0,0,0,0,0,0,0,0,0,0,0,0
NCT02760485_EG000,NCT02760485,112,45,2,2,45,45,0,0,16,34,41,45,1,1,1,0
NCT02761252_EG000,NCT02761252,19,0,2,2,0,0,0,0,0,0,0,0,0,0,0,0
NCT02761694_EG008,NCT02761694,208,37,2,2,37,39,0,0,11,25,31,37,0,0,0,0
NCT02761694_EG009,NCT02761694,208,49,2,2,49,49,0,0,12,30,38,49,2,2,2,0
NCT02761694_EG010,NCT02761694,208,8,2,2,8,8,0,0,2,5,7,8,0,0,0,0
NCT02761694_EG011,NCT02761694,208,28,2,2,28,29,0,0,13,21,26,28,0,0,0,0
NCT02763059_EG000,NCT02763059,1,0,2,2,0,0,0,0,0,0,0,0,0,0,0,0
NCT02763059_EG001,NCT02763059,1,0,2,2,0,0,0,0,0,0,0,0,0,0,0,0
NCT02763579_EG000,NCT02763579,205,49,2,2,49,50,0,0,14,28,37,49,3,3,3,0
NCT02763579_EG002,NCT02763579,205,57,2,2,57,59,0,0,16,33,44,57,2,2,2,0
NCT02765256_EG000,NCT02765256,11,7,6,6,7,7,0,0,3,3,3,5,0,3,3,2
NCT02765256_EG001,NCT02765256,11,6,5,5,6,6,0,0,2,4,5,5,0,1,1,1
NCT02765854_EG000,NCT02765854,70,21,2,2,21,24,0,0,13,15,17,17,1,4,4,4
NCT02765854_EG001,NCT02765854,70,12,2,2,12,15,0,0,9,10,10,9,0,2,2,2
NCT02765854_EG002,NCT02765854,70,22,3,3,22,30,0,0,10,16,19,21,3,4,4,1
NCT02766582_EG000,NCT02766582,17,9,3,3,9,9,0,0,7,7,8,8,0,1,1,1
NCT02768701_EG000,NCT02768701,199,111,2,2,111,114,0,0,20,53,72,95,6,19,19,14
NCT02769065_EG012,NCT02769065,53,4,2,2,4,4,0,0,4,4,4,4,0,0,0,0
NCT02769065_EG013,NCT02769065,53,6,2,2,6,6,0,0,3,4,5,6,1,1,1,0
NCT02769065_EG014,NCT02769065,53,7,2,2,7,7,0,0,5,6,7,7,0,0,0,0
NCT02769065_EG027,NCT02769065,53,3,2,2,3,3,0,0,2,3,3,3,0,0,0,0
NCT02769065_EG028,NCT02769065,53,3,2,2,3,3,0,0,2,2,2,3,0,0,0,0
NCT02769247_EG003,NCT02769247,1,0,2,2,0,0,0,0,0,0,0,0,0,0,0,0
NCT02769832_EG000,NCT02769832,141,55,2,2,55,57,0,0,14,33,43,49,3,9,9,6
NCT02771197_EG000,NCT02771197,26,21,3,3,21,26,0,0,7,9,11,16,0,8,8,5
NCT02775617_EG000,NCT02775617,1,0,3,3,0,0,0,0,0,0,0,0,0,0,0,0
NCT02775617_EG001,NCT02775617,1,0,3,3,0,0,0,0,0,0,0,0,0,0,0,0
NCT02780700_EG000,NCT02780700,2,2,2,2,2,2,0,0,2,2,2,2,0,0,0,0
NCT02781558_EG001,NCT02781558,13,6,2,2,6,6,0,0,6,6,6,6,0,0,0,0
NCT02781584_EG003,NCT02781584,110,5,2,2,5,6,0,0,3,4,5,5,0,0,0,0
NCT02781584_EG004,NCT02781584,110,19,2,2,19,19,0,0,10,15,18,19,1,1,1,0
NCT02781584_EG005,NCT02781584,110,23,2,2,23,24,0,0,12,18,23,23,0,0,0,0
NCT02781584_EG008,NCT02781584,110,24,3,3,24,24,0,0,11,16,19,24,1,1,1,0
NCT02781584_EG009,NCT02781584,110,29,2,2,29,29,0,0,13,21,27,29,0,0,0,0
NCT02781584_EG010,NCT02781584,110,42,2,2,42,42,0,0,13,23,36,42,0,0,0,0
NCT02781584_EG011,NCT02781584,110,1,3,3,1,1,0,0,1,1,1,1,0,0,0,0
NCT02781584_EG012,NCT02781584,110,4,3,3,4,4,0,0,3,4,4,4,0,0,0,0
NCT02781649_EG001,NCT02781649,3,0,2,2,0,0,3,0,0,0,0,0,0,0,0,0
NCT02781649_EG002,NCT02781649,3,1,2,2,1,1,0,0,1,0,0,0,0,1,1,1
NCT02783300_EG026,NCT02783300,200,61,2,2,61,66,0,0,19,41,52,61,1,1,1,0
NCT02784171_EG000,NCT02784171,370,80,2,2,80,84,0,0,16,39,62,78,4,6,6,2
NCT02784171_EG003,NCT02784171,370,61,2,2,61,63,0,0,15,32,47,57,3,7,7,4
NCT02784795_EG002,NCT02784795,261,29,2,2,29,31,0,0,11,18,23,29,2,2,2,0
NCT02784795_EG003,NCT02784795,261,55,2,2,55,55,0,0,13,35,48,55,0,0,0,0
NCT02784795_EG005,NCT02784795,261,44,2,2,44,44,0,0,12,25,34,44,1,1,1,0
NCT02784795_EG006,NCT02784795,261,56,2,2,56,65,0,0,14,32,44,56,0,0,0,0
NCT02784795_EG007,NCT02784795,261,65,2,2,65,68,0,0,15,35,52,64,1,1,1,0
NCT02785900_EG000,NCT02785900,255,76,3,3,76,85,0,0,16,43,63,75,4,4,4,0
NCT02785900_EG001,NCT02785900,255,61,2,2,61,66,0,0,14,36,52,61,3,3,3,0
NCT02786537_EG001,NCT02786537,76,21,2,2,21,21,0,0,8,12,18,21,0,1,1,0
NCT02786537_EG002,NCT02786537,76,21,2,2,21,21,0,0,11,15,18,21,0,2,2,0
NCT02787057_EG000,NCT02787057,2,0,2,2,0,0,0,0,0,0,0,0,0,0,0,0
NCT02787057_EG001,NCT02787057,2,0,2,2,0,0,0,0,0,0,0,0,0,0,0,0
NCT02793947_EG000,NCT02793947,1,0,4,4,0,0,0,0,0,0,0,0,0,0,0,0
NCT02795156_EG000,NCT02795156,263,59,3,3,59,60,0,0,15,32,50,59,2,2,2,0
NCT02795156_EG001,NCT02795156,263,57,3,3,57,60,0,0,15,35,49,57,1,1,1,0
NCT02795156_EG002,NCT02795156,263,67,3,3,67,68,0,0,16,39,56,67,1,1,1,0
NCT02795156_EG003,NCT02795156,263,42,3,3,42,42,0,0,12,25,38,42,1,1,1,0
NCT02795819_EG000,NCT02795819,141,128,2,2,128,141,0,0,18,53,84,112,5,14,14,11
NCT02796144_EG000,NCT02796144,18,14,2,2,14,14,0,0,7,6,6,10,3,7,7,4
NCT02799472_EG000,NCT02799472,20,6,2,2,6,6,0,0,5,6,6,6,0,0,0,0
NCT02802345_EG001,NCT02802345,111,30,2,2,30,31,0,0,8,17,23,30,1,1,1,0
NCT02802865_EG001,NCT02802865,18,9,2,2,9,9,0,0,6,6,6,6,1,3,3,3
NCT02807558_EG003,NCT02807558,612,119,2,2,119,123,0,0,16,61,92,118,5,4,4,0
NCT02807558_EG004,NCT02807558,612,76,2,2,76,78,0,0,16,40,59,76,4,3,3,0
NCT02807636_EG000,NCT02807636,355,53,3,3,53,59,0,0,14,32,44,53,1,1,1,0
NCT02814916_EG002,NCT02814916,8,0,5,5,0,0,0,0,0,0,0,0,0,0,0,0
NCT02825212_EG000,NCT02825212,4,4,2,2,4,4,0,0,3,1,1,1,1,3,3,3
NCT02829320_EG000,NCT02829320,5,4,2,2,4,4,0,0,2,2,3,4,0,0,0,0
NCT02829944_EG001,NCT02829944,2,2,2,2,2,2,0,0,2,2,2,2,0,0,0,0
NCT02831569_EG000,NCT02831569,1,0,2,2,0,0,0,0,0,0,0,0,0,0,0,0
NCT02831673_EG002,NCT02831673,122,8,2,2,8,8,0,0,3,5,5,8,0,0,0,0
NCT02831764_EG002,NCT02831764,158,6,2,2,6,6,0,0,1,3,5,6,0,0,0,0
NCT02831855_EG000,NCT02831855,49,9,2,2,9,9,0,0,5,7,8,9,0,0,0,0
NCT02831855_EG002,NCT02831855,49,5,2,2,5,5,0,0,2,2,3,5,0,0,0,0
NCT02832115_EG000,NCT02832115,2,2,2,2,2,2,0,0,2,1,1,1,0,1,1,1
NCT02833350_EG000,NCT02833350,16,6,3,3,6,6,0,0,4,4,4,5,0,1,1,1
NCT02833350_EG001,NCT02833350,16,5,3,3,5,5,0,0,4,4,4,4,0,1,1,1
NCT02833350_EG002,NCT02833350,16,5,3,3,5,5,0,0,4,4,4,4,0,1,1,1
NCT02833350_EG003,NCT02833350,16,2,2,2,2,2,0,0,2,2,2,2,0,0,0,0
NCT02833350_EG004,NCT02833350,16,2,3,3,2,2,0,0,1,1,2,2,0,0,0,0
NCT02833350_EG005,NCT02833350,16,1,3,3,1,1,1,0,1,1,1,1,0,0,0,0
NCT02833350_EG006,NCT02833350,16,2,2,2,2,2,1,0,2,2,2,2,0,0,0,0
NCT02833948_EG001,NCT02833948,3,3,2,2,3,3,0,0,2,1,1,1,0,2,2,2
NCT02834390_EG000,NCT02834390,67,41,4,4,41,41,0,0,10,21,33,41,1,1,1,0
NCT02834390_EG001,NCT02834390,67,49,4,4,49,49,0,0,16,32,41,48,1,1,1,0
NCT02834975_EG000,NCT02834975,91,41,3,3,41,41,0,0,13,25,32,41,2,3,3,0
NCT02842073_EG000,NCT02842073,9,9,2,2,9,9,0,0,2,6,6,7,2,3,3,2
NCT02842827_EG005,NCT02842827,375,134,2,2,134,139,0,0,21,61,96,134,7,6,6,0
NCT02842827_EG006,NCT02842827,375,43,2,2,43,45,0,0,14,27,35,43,3,3,3,0
NCT02842827_EG007,NCT02842827,375,119,2,2,119,127,0,0,17,56,95,119,7,5,5,0
NCT02844582_EG000,NCT02844582,10,10,2,2,10,10,0,0,7,6,7,9,1,2,2,1
NCT02847494_EG000,NCT02847494,2,0,2,2,0,0,0,0,0,0,0,0,0,0,0,0
NCT02847494_EG001,NCT02847494,2,2,2,2,2,2,0,0,2,2,2,2,0,0,0,0
NCT02850016_EG000,NCT02850016,17,17,2,2,17,17,0,0,9,9,11,14,1,4,4,3
NCT02854631_EG000,NCT02854631,96,33,2,2,33,37,0,0,13,21,28,33,3,3,3,0
NCT02855125_EG000,NCT02855125,110,47,2,2,47,52,0,0,13,27,36,47,2,2,2,0
NCT02855359_EG000,NCT02855359,165,99,5,5,99,103,0,0,18,54,79,99,3,3,3,0
NCT02855359_EG001,NCT02855359,165,115,6,6,115,120,0,0,18,55,91,115,4,4,4,0
NCT02860507_EG000,NCT02860507,1,0,2,2,0,0,0,0,0,0,0,0,0,0,0,0
NCT02861300_EG000,NCT02861300,229,0,2,2,0,0,229,0,0,0,0,0,0,0,0,0
NCT02861300_EG001,NCT02861300,229,42,2,2,42,43,0,0,14,23,28,34,3,9,9,8
NCT02861300_EG002,NCT02861300,229,30,2,2,30,30,33,0,13,22,25,29,1,1,1,1
NCT02861300_EG003,NCT02861300,229,32,2,2,32,32,33,0,13,22,26,31,0,1,1,1
NCT02861300_EG004,NCT02861300,229,0,2,2,0,0,229,0,0,0,0,0,0,0,0,0
NCT02861300_EG005,NCT02861300,229,67,2,2,67,71,0,0,16,35,52,61,2,8,8,6
NCT02861300_EG006,NCT02861300,229,71,2,2,71,81,0,0,14,40,56,69,3,4,4,1
NCT02862912_EG000,NCT02862912,1,0,2,2,0,0,0,0,0,0,0,0,0,0,0,0
NCT02866175_EG000,NCT02866175,266,24,4,4,24,27,0,0,11,15,19,24,2,2,2,0
NCT02867618_EG000,NCT02867618,1,1,2,2,1,1,0,0,1,1,1,1,0,0,0,0
NCT02871791_EG000,NCT02871791,94,42,3,3,42,46,0,0,12,26,38,41,1,2,2,1
NCT02873338_EG000,NCT02873338,165,79,2,2,79,79,0,0,17,45,66,79,4,4,4,0
NCT02873338_EG001,NCT02873338,165,96,3,3,96,97,0,0,17,48,76,96,4,4,4,0
NCT02873338_EG002,NCT02873338,165,79,3,3,79,80,0,0,14,43,63,78,4,5,5,1
NCT02874430_EG000,NCT02874430,13,2,2,2,2,2,0,0,1,1,1,1,0,1,1,1
NCT02874742_EG000,NCT02874742,407,141,3,3,141,147,0,0,19,58,98,141,9,8,8,0
NCT02879318_EG000,NCT02879318,179,75,2,2,75,79,0,0,15,40,61,73,2,2,2,0
NCT02880540_EG000,NCT02880540,1,0,2,2,0,0,0,0,0,0,0,0,0,0,0,0
NCT02881996_EG000,NCT02881996,1,0,2,2,0,0,0,0,0,0,0,0,0,0,0,0
NCT02885181_EG000,NCT02885181,25,15,2,2,15,15,0,0,11,14,14,15,1,1,1,0
NCT02885181_EG001,NCT02885181,25,9,2,2,9,9,0,0,7,7,9,9,0,0,0,0
NCT02885181_EG002,NCT02885181,25,3,2,2,3,3,0,0,3,3,3,3,0,0,0,0
NCT02886728_EG000,NCT02886728,98,10,2,2,10,10,0,0,6,7,9,10,0,0,0,0
NCT02886728_EG001,NCT02886728,98,10,2,2,10,10,0,0,6,7,9,10,0,0,0,0
NCT02887248_EG000,NCT02887248,47,44,2,2,44,47,0,0,14,28,35,44,2,2,2,0
NCT02888106_EG005,NCT02888106,137,42,2,2,42,42,2,0,12,25,29,40,4,5,5,2
NCT02889796_EG000,NCT02889796,132,6,2,2,6,6,0,0,3,3,4,6,0,0,0,0
NCT02889796_EG001,NCT02889796,132,6,2,2,6,6,0,0,3,3,4,6,0,0,0,0
NCT02891850_EG001,NCT02891850,187,20,2,2,20,20,0,0,9,13,15,20,2,2,2,0
NCT02896855_EG000,NCT02896855,81,56,2,2,56,57,0,0,14,29,42,56,1,1,1,0
NCT02898259_EG000,NCT02898259,83,27,3,3,27,28,0,0,13,18,22,26,0,2,2,1
NCT02898259_EG001,NCT02898259,83,14,3,3,14,14,0,0,8,11,13,14,0,1,1,0
NCT02898259_EG002,NCT02898259,83,32,3,3,32,34,0,0,11,22,29,30,1,3,3,2
NCT02898259_EG004,NCT02898259,83,0,3,3,0,0,83,0,0,0,0,0,0,0,0,0
NCT02899000_EG000,NCT02899000,4,4,2,2,4,4,0,0,3,3,4,4,0,0,0,0
NCT02899078_EG000,NCT02899078,34,8,2,2,8,8,0,0,5,6,6,6,0,2,2,2
NCT02899728_EG000,NCT02899728,1,0,5,5,0,0,0,0,0,0,0,0,0,0,0,0
NCT02899728_EG001,NCT02899728,1,0,5,5,0,0,0,0,0,0,0,0,0,0,0,0
NCT02901249_EG000,NCT02901249,1,0,3,3,0,0,0,0,0,0,0,0,0,0,0,0
NCT02902770_EG002,NCT02902770,1,0,2,2,0,0,0,0,0,0,0,0,0,0,0,0
NCT02902965_EG000,NCT02902965,141,77,3,3,77,79,0,0,18,40,59,76,2,3,3,1
NCT02903368_EG000,NCT02903368,143,42,4,4,42,43,0,0,15,27,33,38,2,5,5,4
NCT02903368_EG001,NCT02903368,143,46,3,3,46,48,0,0,16,29,36,43,1,4,4,3
NCT02903368_EG002,NCT02903368,143,25,4,4,25,25,0,0,11,19,22,24,1,2,2,1
NCT02903407_EG001,NCT02903407,1,0,2,2,0,0,0,0,0,0,0,0,0,0,0,0
NCT02905578_EG000,NCT02905578,46,31,2,2,31,31,0,0,7,13,14,15,1,15,15,14
NCT02905578_EG001,NCT02905578,46,27,3,3,27,27,0,0,6,10,14,15,1,12,12,12
NCT02906332_EG000,NCT02906332,8,8,3,3,8,8,0,0,5,5,6,6,0,2,2,2
NCT02906644_EG000,NCT02906644,11,10,2,2,10,10,0,0,4,5,6,7,3,5,4,3
NCT02906644_EG001,NCT02906644,11,4,2,2,4,4,0,0,3,2,2,3,1,2,2,1
NCT02908672_EG000,NCT02908672,296,40,2,2,40,40,0,0,11,23,32,40,2,2,2,0
NCT02908672_EG001,NCT02908672,296,40,2,2,40,41,0,0,12,24,31,40,2,2,2,0
NCT02911792_EG001,NCT02911792,2,1,2,2,1,1,0,0,1,0,0,0,0,1,1,1
NCT02911792_EG003,NCT02911792,2,1,2,2,1,1,0,0,1,0,0,0,0,1,1,1
NCT02913430_EG000,NCT02913430,35,31,2,2,31,33,0,0,15,16,22,24,0,7,7,7
NCT02913430_EG001,NCT02913430,35,6,2,2,6,6,0,0,5,3,3,4,0,2,2,2
NCT02915744_EG001,NCT02915744,130,41,7,7,41,42,0,0,11,25,32,40,0,2,2,1
NCT02915783_EG000,NCT02915783,238,103,2,2,103,108,0,0,18,52,80,103,4,4,4,0
NCT02916771_EG000,NCT02916771,118,97,3,3,97,100,0,0,18,44,65,87,5,15,15,10
NCT02917941_EG000,NCT02917941,85,61,3,3,61,64,0,0,13,34,48,61,2,2,2,0
NCT02918097_EG000,NCT02918097,1,0,4,4,0,0,0,0,0,0,0,0,0,0,0,0
NCT02918266_EG000,NCT02918266,10,5,2,2,5,5,0,0,2,3,5,5,0,0,0,0
NCT02921555_EG000,NCT02921555,24,8,2,2,8,8,0,0,6,6,6,6,0,2,2,2
NCT02922985_EG001,NCT02922985,5,0,3,3,0,0,0,0,0,0,0,0,0,0,0,0
NCT02924064_EG000,NCT02924064,15,4,2,2,4,4,0,0,3,4,4,4,0,0,0,0
NCT02924727_EG002,NCT02924727,862,41,2,2,41,46,0,0,14,22,28,41,3,3,3,0
NCT02926950_EG001,NCT02926950,67,7,2,2,7,7,0,0,5,5,6,7,0,0,0,0
NCT02928224_EG002,NCT02928224,331,85,2,2,85,89,0,0,16,43,60,81,2,5,5,3
NCT02928224_EG003,NCT02928224,331,57,4,4,57,61,0,0,13,31,42,54,1,5,5,3
NCT02930343_EG000,NCT02930343,6,3,5,5,3,3,0,0,3,0,0,0,0,3,3,3
NCT02930343_EG001,NCT02930343,6,3,5,5,3,3,0,0,3,0,0,0,0,3,3,3
NCT02934191_EG000,NCT02934191,11,8,3,3,8,8,0,0,6,6,6,7,0,2,2,1
NCT02934191_EG001,NCT02934191,11,6,2,2,6,6,0,0,4,4,4,5,0,2,2,1
NCT02937571_EG000,NCT02937571,60,6,3,3,6,6,0,0,3,5,6,6,0,0,0,0
NCT02937571_EG001,NCT02937571,60,10,3,3,10,11,0,0,6,7,9,10,0,0,0,0
NCT02937571_EG002,NCT02937571,60,22,3,3,22,22,0,0,9,13,17,20,0,0,0,0
NCT02945800_EG000,NCT02945800,139,44,2,2,44,68,0,0,13,27,35,42,4,7,7,3
NCT02947022_EG000,NCT02947022,1,0,2,2,0,0,0,0,0,0,0,0,0,0,0,0
NCT02951182_EG001,NCT02951182,106,16,3,3,16,16,0,0,7,13,15,16,0,0,0,0
NCT02951182_EG002,NCT02951182,106,29,3,3,29,29,0,0,11,21,25,29,0,0,0,0
NCT02951182_EG003,NCT02951182,106,26,3,3,26,27,0,0,9,15,19,26,0,0,0,0
NCT02951182_EG004,NCT02951182,106,10,2,2,10,10,0,0,5,9,10,10,0,0,0,0
NCT02951182_EG005,NCT02951182,106,38,3,3,38,39,0,0,10,20,27,38,0,0,0,0
NCT02951195_EG004,NCT02951195,81,15,2,2,15,15,0,0,8,11,13,15,0,0,0,0
NCT02951195_EG006,NCT02951195,81,8,2,2,8,8,0,0,3,5,7,8,1,1,1,0
NCT02951429_EG000,NCT02951429,89,22,2,2,22,24,0,0,10,14,18,22,1,1,1,0
NCT02952222_EG001,NCT02952222,1,1,2,2,1,1,0,0,1,0,0,0,0,1,1,1
NCT02953314_EG000,NCT02953314,36,20,2,2,20,20,0,0,11,13,15,20,0,0,0,0
NCT02953873_EG000,NCT02953873,13,3,4,4,3,3,0,0,3,3,3,3,0,0,0,0
NCT02954055_EG001,NCT02954055,77,18,3,3,18,22,0,0,11,13,14,16,0,2,2,2
NCT02954198_EG000,NCT02954198,11,7,3,3,7,7,0,0,4,2,2,2,0,5,5,5
NCT02954198_EG001,NCT02954198,11,9,3,3,9,9,0,0,5,4,4,5,0,5,5,4
NCT02954406_EG000,NCT02954406,86,27,2,2,27,27,0,0,12,19,22,27,1,1,1,0
NCT02954406_EG001,NCT02954406,86,34,2,2,34,34,0,0,12,25,28,34,1,1,1,0
NCT02954406_EG002,NCT02954406,86,44,2,2,44,48,0,0,13,29,36,44,3,3,3,0
NCT02954406_EG003,NCT02954406,86,32,3,3,32,33,0,0,12,22,27,32,2,2,2,0
NCT02954406_EG004,NCT02954406,86,52,3,3,52,56,0,0,12,26,39,52,3,3,3,0
NCT02954406_EG005,NCT02954406,86,14,3,3,14,15,0,0,9,10,11,14,3,3,3,0
NCT02954406_EG006,NCT02954406,86,17,2,2,17,17,0,0,7,12,13,17,0,0,0,0
NCT02954406_EG007,NCT02954406,86,7,2,2,7,7,0,0,5,7,7,7,0,0,0,0
NCT02954406_EG008,NCT02954406,86,32,2,2,32,32,0,0,13,21,28,32,1,1,1,0
NCT02954406_EG009,NCT02954406,86,22,2,2,22,23,0,0,12,17,19,22,2,2,2,0
NCT02956044_EG002,NCT02956044,26,12,2,2,12,12,0,0,6,9,12,12,0,0,0,0
NCT02956044_EG005,NCT02956044,26,5,2,2,5,5,0,0,2,2,4,5,0,0,0,0
NCT02956044_EG008,NCT02956044,26,3,2,2,3,3,0,0,3,3,3,3,0,0,0,0
NCT02956382_EG000,NCT02956382,136,29,2,2,29,29,0,0,14,18,23,27,1,3,3,2
NCT02956382_EG001,NCT02956382,136,41,2,2,41,42,0,0,15,29,34,38,2,4,4,3
NCT02956382_EG002,NCT02956382,136,67,2,2,67,76,0,0,18,31,44,53,2,24,24,22
NCT02956382_EG003,NCT02956382,136,10,2,2,10,10,0,0,4,7,8,10,0,0,0,0
NCT02959437_EG000,NCT02959437,118,49,3,3,49,52,0,0,12,26,35,46,5,3,3,0
NCT02959437_EG001,NCT02959437,118,69,3,3,69,71,0,0,16,34,52,67,3,4,4,1
NCT02959944_EG000,NCT02959944,198,65,2,2,65,66,0,0,19,43,55,65,1,1,1,0
NCT02960659_EG001,NCT02960659,12,10,2,2,10,10,0,0,6,7,9,10,0,0,0,0
NCT02963493_EG000,NCT02963493,136,53,2,2,53,56,0,0,14,28,41,53,1,1,1,0
NCT02963610_EG000,NCT02963610,21,21,2,2,21,21,0,0,10,14,17,20,2,3,3,1
NCT02964078_EG000,NCT02964078,124,43,2,2,43,65,0,0,13,22,29,36,1,12,12,11
NCT02968563_EG000,NCT02968563,113,36,2,2,36,37,0,0,14,24,32,36,1,1,1,0
NCT02974803_EG000,NCT02974803,1,0,2,2,0,0,0,0,0,0,0,0,0,0,0,0
NCT02978716_EG000,NCT02978716,126,43,2,2,43,43,0,0,12,30,37,43,1,1,1,0
NCT02978716_EG001,NCT02978716,126,66,3,3,66,68,0,0,15,36,53,66,2,2,2,0
NCT02978716_EG002,NCT02978716,126,58,3,3,58,58,0,0,16,34,47,58,5,4,4,0
NCT02979977_EG000,NCT02979977,70,48,2,2,48,52,0,0,13,30,42,47,2,3,3,1
NCT02980523_EG003,NCT02980523,19,0,2,2,0,0,0,0,0,0,0,0,0,0,0,0
NCT02980523_EG004,NCT02980523,19,1,2,2,1,1,0,0,1,0,0,0,0,1,1,1
NCT02981069_EG002,NCT02981069,2,2,2,2,2,2,0,0,2,1,1,1,0,1,1,1
NCT02981342_EG002,NCT02981342,166,39,2,2,39,43,0,0,12,25,35,39,2,2,2,0
NCT02981342_EG003,NCT02981342,166,28,2,2,28,29,0,0,9,17,22,28,1,1,1,0
NCT02983604_EG000,NCT02983604,69,34,2,2,34,35,0,0,11,22,28,34,0,0,0,0
NCT02983617_EG000,NCT02983617,115,46,2,2,46,46,0,0,15,31,39,46,1,1,1,0
NCT02985021_EG000,NCT02985021,1,0,2,2,0,0,0,0,0,0,0,0,0,0,0,0
NCT02985840_EG001,NCT02985840,1,0,2,2,0,0,0,0,0,0,0,0,0,0,0,0
NCT02986334_EG001,NCT02986334,33,2,2,2,2,2,0,0,1,1,1,1,1,1,1,1
NCT02988050_EG000,NCT02988050,1,0,5,5,0,0,0,0,0,0,0,0,0,0,0,0
NCT02988050_EG001,NCT02988050,1,0,5,5,0,0,0,0,0,0,0,0,0,0,0,0
NCT02990338_EG000,NCT02990338,226,46,2,2,46,48,0,0,14,28,38,46,1,1,1,0
NCT02993250_EG000,NCT02993250,21,9,3,3,9,9,0,0,7,8,8,9,0,0,0,0
NCT02993250_EG001,NCT02993250,21,17,3,3,17,18,0,0,8,13,15,17,0,0,0,0
NCT02994056_EG000,NCT02994056,39,20,2,2,20,21,0,0,10,13,17,20,1,1,1,0
NCT02996474_EG000,NCT02996474,160,152,2,2,152,160,0,0,21,73,111,142,8,12,12,3
NCT02996682_EG001,NCT02996682,23,12,2,2,12,12,0,0,7,11,11,12,1,1,1,0
NCT02998645_EG000,NCT02998645,93,57,2,2,57,59,0,0,15,37,49,57,1,1,1,0
NCT03001076_EG001,NCT03001076,24,7,2,2,7,7,0,0,5,5,6,6,0,1,1,1
NCT03001453_EG000,NCT03001453,3,3,2,2,3,3,0,0,1,2,2,3,0,0,0,0
NCT03002012_EG000,NCT03002012,9,5,2,2,5,5,0,0,5,2,2,2,0,3,3,3
NCT03003000_EG002,NCT03003000,1,0,2,2,0,0,0,0,0,0,0,0,0,0,0,0
NCT03003949_EG001,NCT03003949,12,11,2,2,11,11,0,0,7,5,5,6,1,6,6,5
NCT03006887_EG000,NCT03006887,67,66,2,2,66,67,0,0,18,41,53,66,2,2,2,0
NCT03006926_EG000,NCT03006926,208,64,2,2,64,70,0,0,20,41,52,64,1,1,1,0
NCT03006926_EG001,NCT03006926,208,86,2,2,86,93,0,0,17,45,64,86,1,1,1,0
NCT03011775_EG000,NCT03011775,1,0,6,6,0,0,0,0,0,0,0,0,0,0,0,0
NCT03011775_EG001,NCT03011775,1,0,5,5,0,0,0,0,0,0,0,0,0,0,0,0
NCT03012477_EG000,NCT03012477,89,41,2,2,41,45,0,0,13,25,34,39,1,3,3,2
NCT03012815_EG000,NCT03012815,1,0,2,2,0,0,0,0,0,0,0,0,0,0,0,0
NCT03013985_EG000,NCT03013985,32,4,2,2,4,4,0,0,4,3,3,3,0,1,1,1
NCT03013985_EG001,NCT03013985,32,3,2,2,3,4,0,0,2,3,3,3,0,0,0,0
NCT03018080_EG000,NCT03018080,153,100,2,2,100,105,0,0,19,46,73,94,5,13,13,8
NCT03018080_EG001,NCT03018080,153,101,2,2,101,109,0,0,18,48,73,97,7,13,13,6
NCT03020095_EG000,NCT03020095,2,2,4,4,2,2,0,0,2,2,2,2,0,0,0,0
NCT03025035_EG000,NCT03025035,48,46,2,2,46,48,0,0,15,27,33,39,4,11,11,7
NCT03025880_EG000,NCT03025880,55,39,2,2,39,41,0,0,13,22,30,38,0,2,2,1
NCT03025880_EG001,NCT03025880,55,43,2,2,43,43,0,0,15,25,34,43,1,1,1,0
NCT03026803_EG000,NCT03026803,49,48,2,2,48,49,0,0,12,26,35,47,2,3,3,2
NCT03029234_EG000,NCT03029234,106,63,2,2,63,66,0,0,15,31,41,63,2,2,2,0
NCT03029702_EG000,NCT03029702,1,0,3,3,0,0,0,0,0,0,0,0,0,0,0,0
NCT03029702_EG001,NCT03029702,1,0,3,3,0,0,0,0,0,0,0,0,0,0,0,0
NCT03029715_EG000,NCT03029715,1,0,3,3,0,0,0,0,0,0,0,0,0,0,0,0
NCT03029715_EG001,NCT03029715,1,0,2,2,0,0,0,0,0,0,0,0,0,0,0,0
NCT03032380_EG000,NCT03032380,148,33,2,2,33,34,0,0,11,21,28,33,0,0,0,0
NCT03032380_EG001,NCT03032380,148,28,2,2,28,29,0,0,12,18,23,28,0,0,0,0
NCT03032965_EG000,NCT03032965,4,1,2,2,1,1,0,0,1,0,0,0,0,1,1,1
NCT03033069_EG000,NCT03033069,26,16,2,2,16,16,0,0,8,13,14,15,0,1,1,1
NCT03033511_EG001,NCT03033511,227,44,2,2,44,47,0,0,13,27,36,44,2,2,2,0
NCT03039543_EG000,NCT03039543,1,0,2,2,0,0,0,0,0,0,0,0,0,0,0,0
NCT03039543_EG001,NCT03039543,1,0,2,2,0,0,0,0,0,0,0,0,0,0,0,0
NCT03041181_EG001,NCT03041181,20,12,3,3,12,12,0,0,6,9,10,11,1,2,2,1
NCT03041636_EG000,NCT03041636,2,2,2,2,2,2,0,0,1,1,2,2,0,0,0,0
NCT03042780_EG000,NCT03042780,18,18,2,2,18,18,0,0,9,14,15,18,0,0,0,0
NCT03043664_EG000,NCT03043664,64,58,2,2,58,64,0,0,16,40,49,55,1,3,3,3
NCT03045328_EG000,NCT03045328,99,94,2,2,94,99,0,0,17,42,57,68,1,27,27,25
NCT03047993_EG000,NCT03047993,37,10,2,2,10,10,0,0,7,6,8,8,0,2,2,2
NCT03048422_EG001,NCT03048422,278,6,2,2,6,6,0,0,2,5,5,6,0,0,0,0
NCT03049735_EG001,NCT03049735,20,4,2,2,4,4,0,0,4,4,4,4,0,0,0,0
NCT03050398_EG000,NCT03050398,1,0,2,2,0,0,0,0,0,0,0,0,0,0,0,0
NCT03051100_EG001,NCT03051100,37,7,3,3,7,7,0,0,6,7,7,7,0,0,0,0
NCT03051659_EG000,NCT03051659,182,77,2,2,77,90,0,0,15,45,61,70,4,9,9,6
NCT03054844_EG000,NCT03054844,2,1,2,2,1,1,0,0,1,1,1,1,0,0,0,0
NCT03054870_EG000,NCT03054870,8,0,2,2,0,0,0,0,0,0,0,0,0,0,0,0
NCT03055507_EG000,NCT03055507,1,0,2,2,0,0,0,0,0,0,0,0,0,0,0,0
NCT03055507_EG001,NCT03055507,1,0,3,3,0,0,0,0,0,0,0,0,0,0,0,0
NCT03056001_EG000,NCT03056001,194,84,2,2,84,86,0,0,17,48,68,84,5,5,5,0
NCT03056352_EG000,NCT03056352,1,1,2,2,1,1,0,0,1,1,1,1,0,0,0,0
NCT03057600_EG000,NCT03057600,192,61,2,2,61,62,0,0,17,40,53,61,2,2,2,0
NCT03057600_EG001,NCT03057600,192,65,2,2,65,65,0,0,18,36,53,65,1,1,1,0
NCT03057600_EG002,NCT03057600,192,100,2,2,100,103,0,0,17,55,80,100,6,6,6,0
NCT03057600_EG003,NCT03057600,192,91,2,2,91,96,0,0,19,46,63,90,4,4,4,0
NCT03060447_EG000,NCT03060447,61,54,2,2,54,54,0,0,16,36,44,54,2,2,2,0
NCT03060473_EG000,NCT03060473,1,0,3,3,0,0,0,0,0,0,0,0,0,0,0,0
NCT03060473_EG001,NCT03060473,1,0,3,3,0,0,0,0,0,0,0,0,0,0,0,0
NCT03061812_EG001,NCT03061812,212,39,2,2,39,42,0,0,14,27,34,39,2,2,2,0
NCT03062488_EG001,NCT03062488,18,2,2,2,2,2,0,0,2,1,1,1,0,1,1,1
NCT03062488_EG002,NCT03062488,18,3,2,2,3,3,0,0,3,2,2,2,0,1,1,1
NCT03066804_EG001,NCT03066804,280,28,2,2,28,29,0,0,12,18,21,28,1,1,1,0
NCT03066830_EG000,NCT03066830,81,5,2,2,5,5,0,0,3,3,4,5,0,0,0,0
NCT03069352_EG001,NCT03069352,177,57,2,2,57,62,0,0,15,33,45,56,1,1,1,0
NCT03069937_EG000,NCT03069937,42,38,2,2,38,38,0,0,13,24,34,37,2,2,2,1
NCT03070301_EG000,NCT03070301,51,46,2,2,46,51,0,0,12,25,37,41,2,5,5,3
NCT03076164_EG000,NCT03076164,41,27,2,2,27,30,0,0,9,14,19,24,2,4,4,3
NCT03080493_EG000,NCT03080493,12,11,2,2,11,11,0,0,1,0,0,0,6,11,11,11
NCT03084536_EG000,NCT03084536,3,2,6,6,2,2,0,0,2,2,2,2,0,0,0,0
NCT03084536_EG001,NCT03084536,3,0,5,5,0,0,0,0,0,0,0,0,0,0,0,0
NCT03085914_EG000,NCT03085914,317,95,5,5,95,97,0,0,18,47,71,95,2,2,2,0
NCT03086213_EG000,NCT03086213,1,1,5,5,1,1,0,0,1,0,0,0,0,1,1,1
NCT03086213_EG001,NCT03086213,1,0,5,5,0,0,0,0,0,0,0,0,0,0,0,0
NCT03086369_EG004,NCT03086369,257,78,2,2,78,80,0,0,13,41,62,78,3,3,3,0
NCT03086486_EG000,NCT03086486,31,16,3,3,16,16,0,0,6,11,13,16,0,0,0,0
NCT03086486_EG001,NCT03086486,31,16,3,3,16,16,0,0,6,11,13,16,0,0,0,0
NCT03086486_EG002,NCT03086486,31,10,3,3,10,10,0,0,6,8,8,10,0,0,0,0
NCT03086486_EG003,NCT03086486,31,15,3,3,15,15,0,0,7,12,13,15,0,0,0,0
NCT03088800_EG002,NCT03088800,1,0,2,2,0,0,0,0,0,0,0,0,0,0,0,0
NCT03088826_EG000,NCT03088826,1,0,2,2,0,0,0,0,0,0,0,0,0,0,0,0
NCT03088826_EG001,NCT03088826,1,0,2,2,0,0,0,0,0,0,0,0,0,0,0,0
NCT03093428_EG000,NCT03093428,150,70,2,2,70,73,0,0,17,42,56,67,2,5,5,3
NCT03093870_EG000,NCT03093870,140,72,2,2,72,74,0,0,14,37,54,69,3,5,5,2
NCT03093870_EG001,NCT03093870,140,58,2,2,58,64,0,0,14,32,44,55,2,3,3,1
NCT03096730_EG000,NCT03096730,1,0,2,2,0,0,0,0,0,0,0,0,0,0,0,0
NCT03096730_EG002,NCT03096730,1,0,2,2,0,0,0,0,0,0,0,0,0,0,0,0
NCT03096730_EG003,NCT03096730,1,0,2,2,0,0,0,0,0,0,0,0,0,0,0,0
NCT03096730_EG004,NCT03096730,1,0,3,3,0,0,0,0,0,0,0,0,0,0,0,0
NCT03096847_EG002,NCT03096847,237,58,3,3,58,58,0,0,17,34,46,58,1,1,1,0
NCT03096847_EG003,NCT03096847,237,56,3,3,56,57,0,0,14,32,45,56,1,1,1,0
NCT03098420_EG000,NCT03098420,1,0,4,4,0,0,0,0,0,0,0,0,0,0,0,0
NCT03098420_EG002,NCT03098420,1,0,4,4,0,0,0,0,0,0,0,0,0,0,0,0
NCT03098485_EG003,NCT03098485,1,0,2,2,0,0,0,0,0,0,0,0,0,0,0,0
NCT03099486_EG000,NCT03099486,45,45,3,3,45,45,0,0,16,26,38,43,2,4,4,2
NCT03102736_EG001,NCT03102736,11,5,2,2,5,5,0,0,4,4,4,4,0,1,1,1
NCT03103087_EG001,NCT03103087,17,6,2,2,6,6,0,0,5,6,6,6,0,0,0,0
NCT03104816_EG001,NCT03104816,1,0,2,2,0,0,0,0,0,0,0,0,0,0,0,0
NCT03106753_EG000,NCT03106753,6,5,2,2,5,5,0,0,2,3,3,3,0,2,2,2
NCT03106870_EG000,NCT03106870,1,0,2,2,0,0,0,0,0,0,0,0,0,0,0,0
NCT03110562_EG000,NCT03110562,252,53,3,3,53,59,0,0,14,32,43,53,1,1,1,0
NCT03110562_EG001,NCT03110562,252,44,2,2,44,46,0,0,13,28,35,44,1,1,1,0
NCT03110562_EG002,NCT03110562,252,41,3,3,41,49,0,0,14,25,33,41,1,1,1,0
NCT03112174_EG002,NCT03112174,473,120,2,2,120,125,0,0,18,57,88,120,4,4,4,0
NCT03112174_EG004,NCT03112174,473,105,2,2,105,108,0,0,18,55,81,105,3,3,3,0
NCT03113071_EG000,NCT03113071,1,0,2,2,0,0,0,0,0,0,0,0,0,0,0,0
NCT03113071_EG001,NCT03113071,1,0,2,2,0,0,0,0,0,0,0,0,0,0,0,0
NCT03113409_EG000,NCT03113409,1,0,3,3,0,0,0,0,0,0,0,0,0,0,0,0
NCT03115151_EG000,NCT03115151,1,0,2,2,0,0,0,0,0,0,0,0,0,0,0,0
NCT03115177_EG001,NCT03115177,1,0,2,2,0,0,0,0,0,0,0,0,0,0,0,0
NCT03115827_EG000,NCT03115827,11,11,2,2,11,11,0,0,6,5,5,5,0,6,6,6
NCT03118466_EG000,NCT03118466,110,90,4,4,90,90,0,0,16,46,69,87,4,5,5,1
NCT03119064_EG000,NCT03119064,48,44,2,2,44,45,0,0,14,27,38,43,1,2,2,1
NCT03119064_EG001,NCT03119064,48,20,2,2,20,21,0,0,12,17,18,19,0,1,1,1
NCT03121352_EG000,NCT03121352,169,80,3,3,80,82,0,0,18,44,62,78,3,4,4,1
NCT03123055_EG000,NCT03123055,165,25,2,2,25,25,0,0,12,18,21,24,0,0,0,0
NCT03126435_EG000,NCT03126435,110,23,2,2,23,23,0,0,8,14,16,23,2,2,2,0
NCT03132571_EG000,NCT03132571,1,1,2,2,1,1,0,0,1,1,1,1,0,0,0,0
NCT03136055_EG001,NCT03136055,109,73,3,3,73,90,0,0,16,39,55,69,4,7,7,3
NCT03136705_EG000,NCT03136705,1,0,2,2,0,0,0,0,0,0,0,0,0,0,0,0
NCT03138967_EG000,NCT03138967,9,0,2,2,0,0,0,0,0,0,0,0,0,0,0,0
NCT03139279_EG000,NCT03139279,1,0,2,2,0,0,0,0,0,0,0,0,0,0,0,0
NCT03139604_EG001,NCT03139604,320,74,2,2,74,82,0,0,16,44,60,74,2,2,2,0
NCT03144687_EG000,NCT03144687,170,89,2,2,89,93,0,0,18,50,71,89,4,4,4,0
NCT03149822_EG000,NCT03149822,198,70,2,2,70,70,0,0,19,37,45,55,7,21,21,15
NCT03149822_EG001,NCT03149822,198,67,2,2,67,68,0,0,21,36,46,57,8,16,16,9
NCT03149822_EG002,NCT03149822,198,132,2,2,132,137,0,0,20,56,88,112,13,24,24,16
NCT03150056_EG000,NCT03150056,67,35,3,3,35,36,0,0,12,27,32,35,0,0,0,0
NCT03150056_EG001,NCT03150056,67,22,3,3,22,25,0,0,10,18,20,22,0,0,0,0
NCT03150056_EG002,NCT03150056,67,16,3,3,16,16,0,0,9,13,16,16,0,0,0,0
NCT03150056_EG003,NCT03150056,67,35,2,2,35,35,0,0,13,25,31,35,0,0,0,0
NCT03150056_EG004,NCT03150056,67,36,2,2,36,41,0,0,12,26,34,36,0,0,0,0
NCT03150056_EG005,NCT03150056,67,43,2,2,43,45,0,0,13,32,39,43,0,0,0,0
NCT03150160_EG000,NCT03150160,1,0,2,2,0,0,1,0,0,0,0,0,0,0,0,0
NCT03150810_EG001,NCT03150810,289,81,2,2,81,83,0,0,17,46,62,81,5,5,5,0
NCT03150810_EG002,NCT03150810,289,44,2,2,44,44,0,0,14,28,37,44,1,1,1,0
NCT03150810_EG003,NCT03150810,289,31,2,2,31,32,0,0,12,21,27,31,2,2,2,0
NCT03150810_EG004,NCT03150810,289,37,2,2,37,39,0,0,15,27,32,37,0,0,0,0
NCT03150810_EG005,NCT03150810,289,85,2,2,85,86,0,0,19,49,67,85,4,4,4,0
NCT03150810_EG006,NCT03150810,289,56,2,2,56,59,0,0,16,33,47,56,2,2,2,0
NCT03150810_EG007,NCT03150810,289,34,2,2,34,34,0,0,12,23,28,34,1,1,1,0
NCT03150810_EG008,NCT03150810,289,74,2,2,74,84,0,0,15,37,54,74,0,0,0,0
NCT03150810_EG009,NCT03150810,289,36,2,2,36,39,0,0,13,27,32,36,1,1,1,0
NCT03150810_EG010,NCT03150810,289,89,2,2,89,94,0,0,17,42,65,89,3,3,3,0
NCT03150810_EG011,NCT03150810,289,15,2,2,15,15,0,0,8,14,15,15,0,0,0,0
NCT03150810_EG012,NCT03150810,289,30,2,2,30,30,0,0,10,16,22,30,0,0,0,0
NCT03151304_EG000,NCT03151304,158,88,2,2,88,100,0,0,17,46,70,87,4,3,3,0
NCT03151408_EG000,NCT03151408,83,63,2,2,63,78,0,0,15,33,44,51,1,15,15,14
NCT03151811_EG000,NCT03151811,210,28,2,2,28,34,0,0,9,16,23,27,1,2,2,1
NCT03151811_EG001,NCT03151811,210,32,2,2,32,36,0,0,11,18,26,31,1,2,2,1
NCT03154281_EG000,NCT03154281,42,23,2,2,23,27,0,0,9,17,21,23,0,0,0,0
NCT03154281_EG001,NCT03154281,42,28,2,2,28,32,0,0,14,25,27,28,0,0,0,0
NCT03154281_EG002,NCT03154281,42,0,2,2,0,0,42,0,0,0,0,0,0,0,0,0
NCT03154281_EG003,NCT03154281,42,0,2,2,0,0,42,0,0,0,0,0,0,0,0,0
NCT03154294_EG000,NCT03154294,141,51,3,3,51,58,0,0,13,30,40,49,2,5,5,3
NCT03154294_EG001,NCT03154294,141,40,3,3,40,45,0,0,13,27,34,40,2,2,2,0
NCT03154294_EG002,NCT03154294,141,36,3,3,36,39,0,0,14,26,33,36,0,0,0,0
NCT03154294_EG003,NCT03154294,141,87,3,3,87,109,0,0,16,50,69,85,5,6,6,2
NCT03154294_EG004,NCT03154294,141,49,3,3,49,56,0,0,15,31,43,49,1,1,1,0
NCT03157089_EG000,NCT03157089,108,69,2,2,69,72,0,0,15,40,55,69,4,3,3,0
NCT03157089_EG001,NCT03157089,108,67,2,2,67,72,0,0,16,37,53,67,3,3,3,0
NCT03158688_EG000,NCT03158688,290,57,2,2,57,60,0,0,17,33,43,57,3,3,3,0
NCT03159143_EG000,NCT03159143,55,49,2,2,49,55,0,0,12,13,16,18,6,35,34,33
NCT03163667_EG001,NCT03163667,120,66,2,2,66,71,0,0,15,37,54,66,2,2,2,0
NCT03170882_EG000,NCT03170882,117,40,2,2,40,42,0,0,13,25,34,40,1,1,1,0
NCT03170882_EG001,NCT03170882,117,34,2,2,34,38,0,0,13,22,28,34,1,1,1,0
NCT03172325_EG000,NCT03172325,30,4,4,4,4,4,0,0,3,4,4,4,1,0,0,0
NCT03172325_EG001,NCT03172325,30,7,4,4,7,7,0,0,5,6,7,7,1,0,0,0
NCT03176238_EG000,NCT03176238,259,75,2,2,75,79,0,0,12,38,55,75,4,4,4,0
NCT03176238_EG001,NCT03176238,259,63,2,2,63,73,0,0,15,36,52,63,2,2,2,0
NCT03176784_EG000,NCT03176784,8,6,2,2,6,6,0,0,4,4,4,4,0,2,2,2
NCT03176784_EG002,NCT03176784,8,6,2,2,6,6,0,0,4,4,4,4,0,2,2,2
NCT03180736_EG000,NCT03180736,55,25,2,2,25,28,0,0,9,15,19,25,1,1,1,0
NCT03180736_EG001,NCT03180736,55,27,3,3,27,31,0,0,9,17,21,27,1,1,1,0
NCT03185130_EG000,NCT03185130,1,0,3,3,0,0,0,0,0,0,0,0,0,0,0,0
NCT03185130_EG001,NCT03185130,1,0,3,3,0,0,0,0,0,0,0,0,0,0,0,0
NCT03187223_EG001,NCT03187223,26,5,2,2,5,5,0,0,3,0,0,1,2,5,5,4
NCT03191786_EG001,NCT03191786,168,32,2,2,32,33,0,0,12,20,25,32,1,1,1,0
NCT03193190_EG000,NCT03193190,408,77,2,2,77,78,0,0,15,42,61,77,1,1,1,0
NCT03193190_EG007,NCT03193190,408,49,2,2,49,50,0,0,13,29,41,49,1,1,1,0
NCT03193307_EG004,NCT03193307,31,31,2,2,31,31,0,0,11,22,26,31,2,1,1,0
NCT03194373_EG000,NCT03194373,66,56,2,2,56,66,0,0,16,29,42,48,1,8,8,8
NCT03196180_EG000,NCT03196180,30,30,2,2,30,30,0,0,10,15,15,17,1,13,13,13
NCT03196232_EG000,NCT03196232,32,31,2,2,31,32,0,0,11,20,24,26,0,3,3,3
NCT03199976_EG000,NCT03199976,16,7,2,2,7,8,0,0,2,2,5,6,0,1,1,1
NCT03199976_EG001,NCT03199976,16,7,2,2,7,7,0,0,3,3,6,6,0,1,1,1
NCT03201965_EG001,NCT03201965,277,76,3,3,76,78,0,0,17,40,58,76,3,3,3,0
NCT03204188_EG000,NCT03204188,313,286,3,3,286,313,0,0,22,94,162,220,6,71,71,64
NCT03204279_EG000,NCT03204279,20,11,2,2,11,11,0,0,4,8,9,11,0,0,0,0
NCT03204279_EG001,NCT03204279,20,11,2,2,11,12,0,0,5,8,9,11,0,0,0,0
NCT03206177_EG000,NCT03206177,47,29,3,3,29,29,0,0,12,19,21,24,3,4,4,2
NCT03207815_EG000,NCT03207815,53,38,2,2,38,38,0,0,10,25,35,38,0,0,0,0
NCT03214367_EG001,NCT03214367,108,4,3,3,4,4,0,0,2,3,3,4,0,0,0,0
NCT03214367_EG002,NCT03214367,108,4,3,3,4,4,0,0,2,3,3,4,0,0,0,0
NCT03215264_EG000,NCT03215264,52,26,3,3,26,26,0,0,9,15,19,24,0,2,2,2
NCT03215264_EG001,NCT03215264,52,25,3,3,25,25,0,0,10,15,19,22,1,4,4,3
NCT03215264_EG002,NCT03215264,52,27,3,3,27,28,0,0,11,17,21,24,0,3,3,3
NCT03220958_EG000,NCT03220958,6,4,3,3,4,4,0,0,1,2,3,3,0,1,1,1
NCT03221257_EG001,NCT03221257,57,36,2,2,36,39,0,0,11,17,24,26,2,13,12,11
NCT03222609_EG000,NCT03222609,253,107,2,2,107,110,0,0,18,52,74,107,5,5,5,0
NCT03222609_EG001,NCT03222609,253,73,2,2,73,74,0,0,14,37,53,73,3,3,3,0
NCT03222609_EG003,NCT03222609,253,71,2,2,71,71,0,0,19,38,55,71,1,1,1,0
NCT03222856_EG000,NCT03222856,39,39,2,2,39,39,0,0,12,24,32,38,0,1,1,1
NCT03224351_EG001,NCT03224351,129,21,3,3,21,22,0,0,8,14,16,21,0,0,0,0
NCT03224351_EG002,NCT03224351,129,32,3,3,32,33,0,0,12,20,25,32,0,0,0,0
NCT03224351_EG003,NCT03224351,129,25,3,3,25,26,0,0,7,14,18,25,0,0,0,0
NCT03224351_EG004,NCT03224351,129,26,2,2,26,27,0,0,7,18,23,26,0,0,0,0
NCT03224351_EG005,NCT03224351,129,48,3,3,48,49,0,0,10,24,34,48,0,0,0,0
NCT03224351_EG007,NCT03224351,129,49,3,3,49,51,0,0,14,28,36,49,1,1,1,0
NCT03227471_EG006,NCT03227471,85,12,3,3,12,12,0,0,7,10,12,12,1,0,0,0
NCT03227471_EG008,NCT03227471,85,22,3,3,22,23,0,0,8,15,20,22,0,0,0,0
NCT03227471_EG009,NCT03227471,85,27,3,3,27,28,0,0,7,13,18,27,0,0,0,0
NCT03227471_EG010,NCT03227471,85,27,3,3,27,27,0,0,9,17,22,27,0,0,0,0
NCT03227471_EG012,NCT03227471,85,31,3,3,31,31,0,0,7,14,20,31,2,2,2,0
NCT03227471_EG014,NCT03227471,85,24,3,3,24,24,0,0,7,12,15,24,1,1,1,0
NCT03228186_EG000,NCT03228186,101,46,2,2,46,47,0,0,13,28,35,45,3,4,4,1
NCT03236935_EG000,NCT03236935,25,0,2,2,0,0,25,0,0,0,0,0,0,0,0,0
NCT03236935_EG001,NCT03236935,25,11,2,2,11,11,0,0,7,9,9,10,0,1,1,1
NCT03236935_EG002,NCT03236935,25,15,2,2,15,16,0,0,9,13,14,15,1,1,1,0
NCT03238196_EG001,NCT03238196,87,53,3,3,53,56,0,0,14,30,41,47,0,5,5,5
NCT03239145_EG000,NCT03239145,191,28,2,2,28,28,0,0,12,20,22,26,0,2,2,2
NCT03240016_EG000,NCT03240016,75,57,2,2,57,59,0,0,14,33,43,54,4,7,7,2
NCT03241030_EG000,NCT03241030,1,0,3,3,0,0,0,0,0,0,0,0,0,0,0,0
NCT03241030_EG001,NCT03241030,1,0,2,2,0,0,0,0,0,0,0,0,0,0,0,0
NCT03242915_EG000,NCT03242915,161,68,3,3,68,68,0,0,17,43,55,68,4,6,6,0
NCT03242915_EG001,NCT03242915,161,62,3,3,62,67,0,0,14,35,44,57,4,11,11,7
NCT03245151_EG002,NCT03245151,250,97,2,2,97,104,0,0,17,47,73,94,4,4,4,3
NCT03245151_EG003,NCT03245151,250,100,2,2,100,109,0,0,18,54,80,99,4,4,4,1
NCT03245450_EG000,NCT03245450,147,21,2,2,21,22,0,0,9,14,19,21,2,1,1,0
NCT03245450_EG001,NCT03245450,147,21,2,2,21,21,0,0,11,17,18,21,0,0,0,0
NCT03245450_EG002,NCT03245450,147,23,2,2,23,23,0,0,10,18,20,23,1,1,1,0
NCT03245450_EG003,NCT03245450,147,19,2,2,19,19,0,0,9,14,16,19,0,0,0,0
NCT03245450_EG004,NCT03245450,147,78,2,2,78,82,0,0,14,41,57,78,1,1,1,0
NCT03245450_EG005,NCT03245450,147,52,2,2,52,52,0,0,14,35,43,52,1,1,1,0
NCT03245450_EG006,NCT03245450,147,56,2,2,56,57,0,0,14,34,44,56,3,3,3,0
NCT03246724_EG003,NCT03246724,6,2,4,4,2,2,0,0,1,0,0,0,0,2,2,2
NCT03249558_EG000,NCT03249558,1,0,2,2,0,0,0,0,0,0,0,0,0,0,0,0
NCT03254394_EG001,NCT03254394,9,9,2,2,9,9,0,0,5,6,8,8,0,0,0,0
NCT03260894_EG000,NCT03260894,93,43,2,2,43,44,0,0,14,26,33,43,2,2,2,0
NCT03260894_EG001,NCT03260894,93,47,2,2,47,48,0,0,13,30,37,47,1,1,1,0
NCT03261830_EG000,NCT03261830,2,0,2,2,0,0,0,0,0,0,0,0,0,0,0,0
NCT03264404_EG000,NCT03264404,103,43,2,2,43,44,0,0,12,23,30,38,4,8,8,4
NCT03265145_EG001,NCT03265145,114,3,3,3,3,3,0,0,2,3,3,3,0,0,0,0
NCT03267940_EG005,NCT03267940,290,75,2,2,75,77,0,0,16,44,58,74,4,4,4,1
NCT03268005_EG001,NCT03268005,85,1,3,3,1,1,0,0,1,1,1,1,0,0,0,0
NCT03268954_EG001,NCT03268954,294,56,2,2,56,63,0,0,14,33,44,56,3,2,2,0
NCT03272464_EG000,NCT03272464,9,9,3,3,9,9,0,0,5,7,8,9,1,1,1,0
NCT03274895_EG001,NCT03274895,14,7,2,2,7,7,0,0,1,3,5,7,0,0,0,0
NCT03275285_EG000,NCT03275285,255,55,2,2,55,59,0,0,15,29,42,55,2,2,2,0
NCT03284957_EG007,NCT03284957,244,64,2,2,64,64,0,0,14,34,52,64,1,1,1,0
NCT03284957_EG008,NCT03284957,244,34,2,2,34,34,0,0,12,23,29,34,1,1,1,0
NCT03284957_EG009,NCT03284957,244,55,2,2,55,55,0,0,14,31,42,55,3,3,3,0
NCT03284957_EG010,NCT03284957,244,67,2,2,67,69,0,0,17,40,52,67,1,1,1,0
NCT03284957_EG011,NCT03284957,244,34,2,2,34,34,0,0,12,21,24,34,3,3,3,0
NCT03284957_EG012,NCT03284957,244,31,2,2,31,31,0,0,11,24,28,31,1,1,1,0
NCT03284957_EG013,NCT03284957,244,6,2,2,6,6,0,0,5,5,6,6,0,0,0,0
NCT03284957_EG014,NCT03284957,244,12,2,2,12,12,0,0,7,10,12,12,0,0,0,0
NCT03284957_EG015,NCT03284957,244,7,2,2,7,7,0,0,4,6,7,7,0,0,0,0
NCT03289039_EG001,NCT03289039,98,43,2,2,43,45,0,0,15,27,33,41,2,3,3,2
NCT03290079_EG000,NCT03290079,136,117,2,2,117,136,0,0,19,50,79,103,5,18,18,15
NCT03291054_EG000,NCT03291054,1,0,2,2,0,0,0,0,0,0,0,0,0,0,0,0
NCT03291288_EG000,NCT03291288,44,18,3,3,18,18,0,0,9,12,13,18,1,1,1,0
NCT03292133_EG000,NCT03292133,106,105,2,2,105,106,0,0,18,49,66,82,4,25,25,22
NCT03301636_EG000,NCT03301636,93,45,2,2,45,45,0,0,15,33,39,45,3,3,3,0
NCT03301636_EG001,NCT03301636,93,36,2,2,36,38,0,0,13,24,30,36,2,2,2,0
NCT03301636_EG002,NCT03301636,93,38,2,2,38,41,0,0,12,24,30,38,1,1,1,0
NCT03302299_EG000,NCT03302299,26,3,2,2,3,3,0,0,1,0,0,0,0,3,3,3
NCT03303339_EG000,NCT03303339,216,22,2,2,22,29,0,0,9,18,19,22,0,0,0,0
NCT03303339_EG001,NCT03303339,216,57,2,2,57,65,0,0,19,38,50,57,5,4,4,0
NCT03303339_EG002,NCT03303339,216,17,2,2,17,18,0,0,9,14,15,17,0,0,0,0
NCT03303339_EG003,NCT03303339,216,23,2,2,23,25,0,0,9,20,23,23,0,0,0,0
NCT03303339_EG004,NCT03303339,216,29,2,2,29,33,0,0,11,19,25,29,2,2,2,0
NCT03303794_EG001,NCT03303794,1,0,2,2,0,0,0,0,0,0,0,0,0,0,0,0
NCT03305055_EG000,NCT03305055,1,1,2,2,1,1,0,0,1,0,0,0,0,1,1,1
NCT03307174_EG000,NCT03307174,1,1,2,2,1,1,0,0,1,1,1,1,0,0,0,0
NCT03311945_EG000,NCT03311945,8,5,2,2,5,5,0,0,4,0,0,0,1,5,5,5
NCT03312530_EG000,NCT03312530,216,56,2,2,56,57,0,0,13,29,45,56,1,1,1,0
NCT03312530_EG003,NCT03312530,216,85,2,2,85,93,0,0,19,45,68,85,1,1,1,0
NCT03313076_EG000,NCT03313076,18,4,2,2,4,4,0,0,2,3,3,3,0,1,1,1
NCT03314740_EG001,NCT03314740,23,8,2,2,8,8,0,0,5,7,7,8,0,0,0,0
NCT03314740_EG002,NCT03314740,23,8,2,2,8,8,0,0,5,7,7,8,0,0,0,0
NCT03320018_EG000,NCT03320018,25,12,2,2,12,12,0,0,5,7,7,8,0,5,5,4
NCT03321630_EG000,NCT03321630,196,65,2,2,65,65,0,0,14,35,48,61,1,3,3,2
NCT03322540_EG000,NCT03322540,114,44,2,2,44,45,0,0,13,23,33,44,3,3,3,0
NCT03322566_EG002,NCT03322566,189,48,2,2,48,49,0,0,13,30,39,48,2,2,2,0
NCT03322657_EG000,NCT03322657,1,0,2,2,0,0,0,0,0,0,0,0,0,0,0,0
NCT03323034_EG000,NCT03323034,224,89,3,3,89,97,0,0,18,43,66,81,2,10,10,8
NCT03323034_EG001,NCT03323034,224,68,3,3,68,71,0,0,16,34,44,55,3,16,16,13
NCT03323034_EG002,NCT03323034,224,95,3,3,95,106,0,0,21,53,71,83,1,13,13,12
NCT03323034_EG003,NCT03323034,224,70,3,3,70,76,0,0,17,39,52,63,2,8,8,6
NCT03323034_EG004,NCT03323034,224,68,3,3,68,76,0,0,15,33,48,62,2,8,8,6
NCT03323151_EG003,NCT03323151,66,40,2,2,40,40,0,0,14,24,32,39,2,2,2,0
NCT03328832_EG001,NCT03328832,1,1,2,2,1,1,0,0,1,0,0,1,0,1,1,0
NCT03331562_EG000,NCT03331562,104,80,2,2,80,82,0,0,18,41,55,66,5,17,17,13
NCT03332498_EG000,NCT03332498,170,49,2,2,49,50,0,0,14,31,42,43,3,6,6,5
NCT03332498_EG001,NCT03332498,170,56,2,2,56,58,0,0,16,34,40,48,1,7,7,7
NCT03332498_EG002,NCT03332498,170,63,2,2,63,66,0,0,14,32,48,60,2,5,5,3
NCT03334409_EG000,NCT03334409,44,9,2,2,9,9,0,0,7,9,9,9,0,0,0,0
NCT03336528_EG000,NCT03336528,12,0,2,2,0,0,0,0,0,0,0,0,0,0,0,0
NCT03336528_EG001,NCT03336528,12,0,2,2,0,0,0,0,0,0,0,0,0,0,0,0
NCT03337724_EG001,NCT03337724,171,63,2,2,63,64,0,0,16,35,48,63,2,2,2,0
NCT03337724_EG003,NCT03337724,171,63,2,2,63,64,0,0,15,35,49,63,2,2,2,0
NCT03338023_EG000,NCT03338023,67,9,2,2,9,9,0,0,5,6,8,9,1,0,0,0
NCT03338023_EG001,NCT03338023,67,7,2,2,7,7,0,0,3,4,5,7,1,0,0,0
NCT03338621_EG001,NCT03338621,55,24,2,2,24,24,0,0,10,18,20,24,0,0,0,0
NCT03342196_EG000,NCT03342196,136,50,3,3,50,55,0,0,15,32,43,47,2,5,5,3
NCT03344536_EG000,NCT03344536,1,0,2,2,0,0,0,0,0,0,0,0,0,0,0,0
NCT03348904_EG001,NCT03348904,16,16,5,5,16,16,0,0,10,14,14,16,0,0,0,0
NCT03352427_EG000,NCT03352427,29,29,2,2,29,29,0,0,11,18,23,25,1,4,4,3
NCT03357393_EG002,NCT03357393,5,0,2,2,0,0,0,0,0,0,0,0,0,0,0,0
NCT03357614_EG001,NCT03357614,16,0,3,3,0,0,0,0,0,0,0,0,0,0,0,0
NCT03358472_EG000,NCT03358472,164,52,2,2,52,52,0,0,14,28,41,52,2,2,2,0
NCT03358472_EG002,NCT03358472,164,58,4,4,58,58,0,0,13,31,46,58,1,1,1,0
NCT03358576_EG001,NCT03358576,32,0,4,4,0,0,0,0,0,0,0,0,0,0,0,0
NCT03359811_EG001,NCT03359811,8,4,2,2,4,4,0,0,3,4,4,4,0,0,0,0
NCT03361865_EG000,NCT03361865,90,40,2,2,40,42,0,0,14,26,33,40,1,1,1,0
NCT03372382_EG000,NCT03372382,5,2,2,2,2,2,0,0,1,1,1,2,1,1,1,0
NCT03374956_EG001,NCT03374956,1,1,4,4,1,1,0,0,1,0,0,0,0,1,1,1
NCT03388008_EG000,NCT03388008,84,48,5,5,48,49,0,0,13,27,33,36,1,15,15,12
NCT03398421_EG001,NCT03398421,4,3,2,2,3,3,0,0,3,3,3,3,0,0,0,0
NCT03399318_EG000,NCT03399318,24,8,2,2,8,8,0,0,7,2,2,2,0,6,6,6
NCT03403712_EG001,NCT03403712,20,10,2,2,10,10,0,0,6,8,9,10,0,0,0,0
NCT03406897_EG000,NCT03406897,23,13,2,2,13,13,0,0,6,9,9,9,0,4,4,4
NCT03412890_EG000,NCT03412890,22,3,2,2,3,3,0,0,3,3,3,3,0,0,0,0
NCT03412890_EG001,NCT03412890,22,1,2,2,1,1,0,0,1,1,1,1,0,0,0,0
NCT03412890_EG002,NCT03412890,22,4,2,2,4,4,0,0,3,4,4,4,0,0,0,0
NCT03414034_EG000,NCT03414034,170,60,3,3,60,65,0,0,17,35,50,60,3,3,3,0
NCT03414034_EG002,NCT03414034,170,87,3,3,87,90,0,0,19,49,70,87,3,3,3,0
NCT03414034_EG003,NCT03414034,170,36,3,3,36,36,0,0,13,23,29,36,1,1,1,0
NCT03420742_EG000,NCT03420742,48,33,2,2,33,35,0,0,11,21,27,33,1,1,1,0
NCT03422159_EG000,NCT03422159,1,0,3,3,0,0,0,0,0,0,0,0,0,0,0,0
NCT03428217_EG001,NCT03428217,219,71,2,2,71,72,0,0,16,39,59,71,2,2,2,0
NCT03430843_EG001,NCT03430843,204,58,3,3,58,63,0,0,12,30,41,58,1,1,1,0
NCT03433183_EG000,NCT03433183,135,121,2,2,121,135,0,0,18,54,80,113,24,28,27,7
NCT03434353_EG000,NCT03434353,22,2,2,2,2,2,0,0,2,2,2,2,0,0,0,0
NCT03434353_EG002,NCT03434353,22,5,2,2,5,5,0,0,4,5,5,5,0,0,0,0
NCT03434353_EG004,NCT03434353,22,4,2,2,4,4,0,0,3,4,4,4,0,0,0,0
NCT03437941_EG001,NCT03437941,147,26,2,2,26,28,0,0,11,15,17,26,2,2,2,0
NCT03437941_EG002,NCT03437941,147,16,2,2,16,16,0,0,7,12,14,16,1,1,1,0
NCT03437941_EG003,NCT03437941,147,52,2,2,52,52,0,0,13,30,43,52,1,1,1,0
NCT03437941_EG004,NCT03437941,147,40,2,2,40,41,0,0,13,26,28,40,1,1,1,0
NCT03437941_EG005,NCT03437941,147,9,2,2,9,9,0,0,5,6,8,9,0,0,0,0
NCT03437941_EG006,NCT03437941,147,56,2,2,56,56,0,0,19,37,46,56,2,2,2,0
NCT03437941_EG007,NCT03437941,147,50,2,2,50,50,0,0,16,33,41,50,3,3,3,0
NCT03439046_EG000,NCT03439046,132,43,2,2,43,44,0,0,11,26,33,43,2,2,2,0
NCT03439046_EG001,NCT03439046,132,43,2,2,43,46,0,0,13,29,37,43,2,2,2,0
NCT03439670_EG002,NCT03439670,128,49,2,2,49,49,0,0,14,33,39,44,0,6,6,5
NCT03439670_EG003,NCT03439670,128,66,2,2,66,66,0,0,16,40,51,63,1,7,7,3
NCT03440411_EG000,NCT03440411,44,12,2,2,12,12,0,0,7,1,1,1,0,11,11,11
NCT03440411_EG001,NCT03440411,44,4,2,2,4,4,0,0,2,0,0,0,2,4,4,4
NCT03440411_EG002,NCT03440411,44,22,3,3,22,22,0,0,8,0,0,0,4,22,22,22
NCT03440411_EG003,NCT03440411,44,16,3,3,16,16,0,0,9,0,0,0,4,16,16,16
NCT03441789_EG000,NCT03441789,31,16,2,2,16,17,0,0,8,11,12,11,2,5,5,5
NCT03447314_EG007,NCT03447314,186,45,2,2,45,50,0,0,13,26,35,45,3,3,3,0
NCT03447314_EG008,NCT03447314,186,37,2,2,37,38,0,0,15,24,32,37,2,2,2,0
NCT03460990_EG000,NCT03460990,11,4,2,2,4,4,0,0,4,4,4,4,0,0,0,0
NCT03463993_EG000,NCT03463993,4,0,2,2,0,0,0,0,0,0,0,0,0,0,0,0
NCT03468075_EG000,NCT03468075,35,32,2,2,32,35,0,0,12,18,23,29,2,5,5,3
NCT03474107_EG001,NCT03474107,247,53,3,3,53,58,0,0,15,30,43,53,1,1,1,0
NCT03476174_EG000,NCT03476174,16,16,2,2,16,16,0,0,7,0,0,0,2,16,16,16
NCT03476317_EG000,NCT03476317,1,0,5,5,0,0,0,0,0,0,0,0,0,0,0,0
NCT03476317_EG001,NCT03476317,1,0,4,4,0,0,0,0,0,0,0,0,0,0,0,0
NCT03476369_EG000,NCT03476369,4,2,2,2,2,2,0,0,1,1,1,2,0,1,1,0
NCT03476369_EG001,NCT03476369,4,1,2,2,1,1,0,0,1,1,1,1,0,0,0,0
NCT03478163_EG001,NCT03478163,1,0,2,2,0,0,0,0,0,0,0,0,0,0,0,0
NCT03480646_EG000,NCT03480646,65,18,3,3,18,18,0,0,8,13,15,18,1,1,1,0
NCT03480646_EG001,NCT03480646,65,20,4,4,20,20,0,0,11,15,17,20,1,1,1,0
NCT03480646_EG002,NCT03480646,65,24,2,2,24,24,0,0,10,18,21,24,1,1,1,0
NCT03480646_EG003,NCT03480646,65,19,3,3,19,19,0,0,7,12,15,19,2,2,2,0
NCT03480932_EG001,NCT03480932,1,0,2,2,0,0,0,0,0,0,0,0,0,0,0,0
NCT03480932_EG002,NCT03480932,1,0,2,2,0,0,0,0,0,0,0,0,0,0,0,0
NCT03486314_EG000,NCT03486314,95,18,2,2,18,18,0,0,11,14,16,18,1,1,1,0
NCT03487848_EG000,NCT03487848,10,10,2,2,10,10,0,0,7,8,8,10,0,0,0,0
NCT03492437_EG001,NCT03492437,16,14,2,2,14,14,0,0,3,7,12,14,0,0,0,0
NCT03496545_EG001,NCT03496545,6,5,2,2,5,5,0,0,3,2,2,2,0,3,3,3
NCT03501979_EG000,NCT03501979,6,5,3,3,5,6,0,0,3,2,2,2,0,4,4,4
NCT03503578_EG000,NCT03503578,1,0,2,2,0,0,0,0,0,0,0,0,0,0,0,0
NCT03504410_EG001,NCT03504410,467,88,3,3,88,89,0,0,20,48,71,88,1,1,1,0
NCT03509350_EG000,NCT03509350,2,0,3,3,0,0,0,0,0,0,0,0,0,0,0,0
NCT03510910_EG000,NCT03510910,1,0,2,2,0,0,0,0,0,0,0,0,0,0,0,0
NCT03511521_EG001,NCT03511521,1,0,2,2,0,0,0,0,0,0,0,0,0,0,0,0
NCT03512353_EG000,NCT03512353,58,58,2,2,58,58,0,0,15,30,46,58,4,4,4,0
NCT03512964_EG000,NCT03512964,2,0,2,2,0,0,0,0,0,0,0,0,0,0,0,0
NCT03514017_EG000,NCT03514017,108,107,2,2,107,108,0,0,18,49,74,94,2,13,13,11
NCT03517449_EG001,NCT03517449,394,69,2,2,69,71,0,0,14,40,54,69,1,1,1,0
NCT03519854_EG001,NCT03519854,27,8,2,2,8,8,0,0,7,7,8,8,0,0,0,0
NCT03519854_EG002,NCT03519854,27,1,2,2,1,1,0,0,1,1,1,1,0,0,0,0
NCT03519854_EG003,NCT03519854,27,8,2,2,8,8,0,0,6,7,8,8,0,0,0,0
NCT03519854_EG004,NCT03519854,27,11,2,2,11,11,0,0,7,7,9,11,1,1,1,0
NCT03519854_EG005,NCT03519854,27,5,2,2,5,5,0,0,5,5,5,5,0,0,0,0
NCT03519854_EG007,NCT03519854,27,4,2,2,4,4,0,0,4,4,4,4,0,0,0,0
NCT03519854_EG008,NCT03519854,27,1,2,2,1,1,0,0,1,1,1,1,0,0,0,0
NCT03519854_EG009,NCT03519854,27,3,2,2,3,3,0,0,3,3,3,3,0,0,0,0
NCT03519854_EG010,NCT03519854,27,2,2,2,2,2,0,0,1,1,1,2,1,1,1,0
NCT03519854_EG011,NCT03519854,27,5,2,2,5,5,0,0,3,3,4,5,1,1,1,0
NCT03519854_EG013,NCT03519854,27,8,2,2,8,8,0,0,5,5,7,8,0,0,0,0
NCT03519854_EG014,NCT03519854,27,7,2,2,7,7,0,0,5,5,6,7,1,1,1,0
NCT03519854_EG015,NCT03519854,27,1,2,2,1,1,0,0,0,0,0,1,1,1,1,0
NCT03519854_EG016,NCT03519854,27,1,2,2,1,1,0,0,1,1,1,1,0,0,0,0
NCT03519854_EG017,NCT03519854,27,5,2,2,5,5,0,0,2,2,3,5,1,1,1,0
NCT03519867_EG000,NCT03519867,51,6,2,2,6,6,0,0,4,5,5,6,0,0,0,0
NCT03519867_EG009,NCT03519867,51,5,2,2,5,5,0,0,5,5,5,5,0,0,0,0
NCT03523585_EG001,NCT03523585,187,46,2,2,46,48,0,0,12,27,38,46,1,1,1,0
NCT03523585_EG002,NCT03523585,187,52,2,2,52,52,0,0,12,29,42,52,1,1,1,0
NCT03523988_EG002,NCT03523988,1,0,2,2,0,0,0,0,0,0,0,0,0,0,0,0
NCT03525548_EG000,NCT03525548,16,10,2,2,10,10,0,0,5,6,7,10,0,0,0,0
NCT03526679_EG000,NCT03526679,4,3,2,2,3,4,0,0,3,1,1,1,0,3,3,3
NCT03531827_EG000,NCT03531827,30,30,2,2,30,30,0,0,13,20,25,28,1,3,3,2
NCT03534804_EG000,NCT03534804,175,79,2,2,79,81,0,0,17,39,60,73,2,7,7,5
NCT03535727_EG000,NCT03535727,261,32,5,5,32,32,0,0,12,21,25,27,2,7,7,5
NCT03535727_EG001,NCT03535727,261,90,5,5,90,90,0,0,18,44,66,85,3,9,9,5
NCT03535727_EG002,NCT03535727,261,84,5,5,84,87,0,0,17,43,65,80,3,7,7,4
NCT03535727_EG003,NCT03535727,261,53,5,5,53,55,0,0,14,30,42,50,3,6,6,3
NCT03535727_EG004,NCT03535727,261,113,5,5,113,118,0,0,20,55,79,100,4,15,15,12
NCT03535727_EG005,NCT03535727,261,83,5,5,83,84,0,0,18,47,62,79,4,8,8,4
NCT03535727_EG006,NCT03535727,261,77,5,5,77,85,0,0,16,43,60,73,4,7,7,4
NCT03535727_EG007,NCT03535727,261,97,5,5,97,97,0,0,17,50,73,90,4,10,10,7
NCT03542149_EG000,NCT03542149,28,9,2,2,9,9,0,0,5,7,8,9,1,1,1,0
NCT03542149_EG001,NCT03542149,28,2,2,2,2,2,0,0,1,1,1,1,1,1,1,1
NCT03542149_EG002,NCT03542149,28,9,2,2,9,9,0,0,5,5,6,6,1,3,3,3
NCT03545893_EG001,NCT03545893,8,8,2,2,8,8,0,0,4,5,6,6,0,2,2,2
NCT03547700_EG000,NCT03547700,68,9,2,2,9,9,0,0,3,6,6,8,0,1,1,1
NCT03547700_EG001,NCT03547700,68,58,2,2,58,63,0,0,16,32,40,50,4,14,14,10
NCT03547700_EG002,NCT03547700,68,5,2,2,5,5,0,0,4,2,2,3,0,2,2,2
NCT03547908_EG001,NCT03547908,64,20,2,2,20,21,0,0,11,15,16,20,0,0,0,0
NCT03553498_EG000,NCT03553498,5,3,2,2,3,3,0,0,1,1,1,1,2,2,2,2
NCT03558555_EG000,NCT03558555,1,0,2,2,0,0,0,0,0,0,0,0,0,0,0,0
NCT03559049_EG000,NCT03559049,40,38,4,4,38,40,0,0,16,23,29,34,2,7,7,4
NCT03560531_EG008,NCT03560531,267,78,2,2,78,82,0,0,18,46,65,78,0,0,0,0
NCT03560531_EG009,NCT03560531,267,42,2,2,42,43,0,0,12,27,33,42,1,1,1,0
NCT03560531_EG010,NCT03560531,267,100,2,2,100,100,0,0,18,52,81,100,3,3,3,0
NCT03560531_EG011,NCT03560531,267,14,2,2,14,14,0,0,8,11,11,14,0,0,0,0
NCT03560531_EG012,NCT03560531,267,70,2,2,70,73,0,0,16,43,55,70,3,3,3,0
NCT03560531_EG013,NCT03560531,267,31,2,2,31,31,0,0,12,20,28,31,1,1,1,0
NCT03565835_EG000,NCT03565835,9,5,2,2,5,5,0,0,3,4,4,5,1,1,1,0
NCT03571737_EG001,NCT03571737,1,0,2,2,0,0,0,0,0,0,0,0,0,0,0,0
NCT03573024_EG000,NCT03573024,293,86,2,2,86,94,0,0,16,45,66,81,6,13,13,10
NCT03577171_EG000,NCT03577171,20,12,2,2,12,12,0,0,8,11,12,12,0,0,0,0
NCT03579771_EG000,NCT03579771,104,48,3,3,48,50,0,0,14,25,33,45,2,10,10,3
NCT03583333_EG000,NCT03583333,58,12,2,2,12,12,0,0,8,9,11,12,0,0,0,0
NCT03584009_EG000,NCT03584009,43,34,2,2,34,34,0,0,13,21,27,34,3,2,2,0
NCT03584373_EG000,NCT03584373,11,0,2,2,0,0,0,0,0,0,0,0,0,0,0,0
NCT03586726_EG000,NCT03586726,36,36,2,2,36,36,0,0,10,22,31,35,1,1,1,1
NCT03588884_EG003,NCT03588884,70,14,2,2,14,17,0,0,8,11,13,14,0,0,0,0
NCT03588910_EG000,NCT03588910,1,0,3,3,0,0,0,0,0,0,0,0,0,0,0,0
NCT03588910_EG001,NCT03588910,1,0,3,3,0,0,0,0,0,0,0,0,0,0,0,0
NCT03592277_EG000,NCT03592277,2,2,2,2,2,2,0,0,1,0,0,0,0,2,2,2
NCT03594747_EG002,NCT03594747,221,80,2,2,80,82,0,0,16,38,57,80,1,1,1,0
NCT03599089_EG003,NCT03599089,86,13,4,4,13,13,0,0,5,9,12,13,1,0,0,0
NCT03601637_EG000,NCT03601637,25,13,2,2,13,13,0,0,8,12,12,13,1,1,1,0
NCT03601637_EG001,NCT03601637,25,16,2,2,16,17,0,0,6,11,15,16,0,0,0,0
NCT03601897_EG000,NCT03601897,381,49,2,2,49,49,0,0,16,30,41,49,1,1,1,0
NCT03601897_EG001,NCT03601897,381,105,2,2,105,108,0,0,19,59,87,105,2,2,2,0
NCT03601897_EG002,NCT03601897,381,64,2,2,64,66,0,0,18,41,49,64,2,2,2,0
NCT03601897_EG003,NCT03601897,381,66,2,2,66,67,0,0,17,40,54,66,2,1,1,0
NCT03601897_EG004,NCT03601897,381,118,2,2,118,119,0,0,20,59,85,118,6,6,6,0
NCT03601897_EG005,NCT03601897,381,80,2,2,80,82,0,0,16,44,59,80,5,5,5,0
NCT03601897_EG006,NCT03601897,381,67,2,2,67,67,0,0,17,41,54,67,2,2,2,0
NCT03601897_EG007,NCT03601897,381,105,2,2,105,113,0,0,20,52,78,105,2,2,2,0
NCT03601897_EG008,NCT03601897,381,113,2,2,113,118,0,0,19,58,89,113,2,2,2,0
NCT03601897_EG009,NCT03601897,381,125,2,2,125,132,0,0,20,64,100,125,4,4,4,0
NCT03601897_EG010,NCT03601897,381,108,2,2,108,114,0,0,18,63,90,108,4,4,4,0
NCT03609359_EG000,NCT03609359,47,43,2,2,43,43,0,0,16,27,33,35,1,9,9,8
NCT03611556_EG004,NCT03611556,464,83,2,2,83,89,0,0,17,48,70,83,3,3,3,0
NCT03614494_EG000,NCT03614494,7,7,2,2,7,7,0,0,3,4,5,6,1,1,1,1
NCT03615066_EG000,NCT03615066,56,19,2,2,19,19,0,0,8,11,15,19,2,2,2,0
NCT03615066_EG001,NCT03615066,56,11,2,2,11,11,0,0,6,7,10,11,0,0,0,0
NCT03618420_EG000,NCT03618420,2,0,2,2,0,0,0,0,0,0,0,0,0,0,0,0
NCT03618823_EG000,NCT03618823,7,5,3,3,5,5,0,0,2,0,0,0,3,5,5,5
NCT03618823_EG001,NCT03618823,7,4,2,2,4,4,0,0,2,0,0,0,2,4,4,4
NCT03625323_EG000,NCT03625323,169,70,2,2,70,72,0,0,15,33,45,66,8,5,5,1
NCT03625323_EG001,NCT03625323,169,48,2,2,48,48,0,0,11,23,29,48,8,5,5,0
NCT03628339_EG001,NCT03628339,9,8,2,2,8,8,0,0,2,4,6,8,0,0,0,0
NCT03629925_EG001,NCT03629925,145,53,3,3,53,59,0,0,15,31,41,53,1,1,1,0
NCT03630042_EG000,NCT03630042,103,91,2,2,91,103,0,0,19,49,66,80,3,12,12,9
NCT03630120_EG000,NCT03630120,1,1,2,2,1,1,0,0,1,1,1,1,0,0,0,0
NCT03630120_EG001,NCT03630120,1,0,2,2,0,0,0,0,0,0,0,0,0,0,0,0
NCT03630120_EG002,NCT03630120,1,0,2,2,0,0,0,0,0,0,0,0,0,0,0,0
NCT03630120_EG003,NCT03630120,1,0,2,2,0,0,0,0,0,0,0,0,0,0,0,0
NCT03634228_EG000,NCT03634228,16,9,2,2,9,9,0,0,5,8,8,9,1,1,1,0
NCT03634228_EG001,NCT03634228,16,5,2,2,5,5,0,0,4,4,5,5,0,0,0,0
NCT03634228_EG002,NCT03634228,16,8,2,2,8,8,0,0,6,5,7,7,0,1,1,1
NCT03635489_EG000,NCT03635489,105,70,2,2,70,74,0,0,15,35,48,70,2,2,2,0
NCT03637491_EG002,NCT03637491,153,38,2,2,38,41,0,0,14,27,34,38,3,3,3,0
NCT03637491_EG003,NCT03637491,153,47,2,2,47,49,0,0,15,31,42,47,1,1,1,0
NCT03643796_EG000,NCT03643796,1,0,2,2,0,0,0,0,0,0,0,0,0,0,0,0
NCT03645863_EG002,NCT03645863,2,0,2,2,0,0,0,0,0,0,0,0,0,0,0,0
NCT03646461_EG000,NCT03646461,8,8,2,2,8,8,0,0,5,6,6,6,0,2,2,2
NCT03648892_EG000,NCT03648892,3,0,2,2,0,0,0,0,0,0,0,0,0,0,0,0
NCT03649321_EG000,NCT03649321,58,49,4,4,49,58,0,0,15,34,43,47,0,4,4,2
NCT03649321_EG001,NCT03649321,58,0,3,3,0,0,58,0,0,0,0,0,0,0,0,0
NCT03649711_EG001,NCT03649711,5,2,2,2,2,2,0,0,2,2,2,2,0,0,0,0
NCT03652064_EG000,NCT03652064,388,103,3,3,103,108,0,0,18,49,74,103,3,3,3,0
NCT03654274_EG000,NCT03654274,56,8,2,2,8,8,0,0,4,6,8,8,0,0,0,0
NCT03654274_EG001,NCT03654274,56,8,2,2,8,8,0,0,4,6,8,8,0,0,0,0
NCT03654274_EG002,NCT03654274,56,8,2,2,8,8,0,0,4,6,8,8,0,0,0,0
NCT03654326_EG000,NCT03654326,6,6,2,2,6,6,0,0,2,4,4,6,0,0,0,0
NCT03655301_EG000,NCT03655301,19,19,2,2,19,19,0,0,11,15,18,19,0,0,0,0
NCT03659136_EG001,NCT03659136,154,90,2,2,90,91,0,0,17,47,71,90,2,2,2,0
NCT03660553_EG000,NCT03660553,1,0,3,3,0,0,0,0,0,0,0,0,0,0,0,0
NCT03660683_EG001,NCT03660683,1,0,2,2,0,0,0,0,0,0,0,0,0,0,0,0
NCT03660839_EG002,NCT03660839,14,5,2,2,5,5,0,0,3,4,4,5,0,0,0,0
NCT03660839_EG003,NCT03660839,14,9,2,2,9,9,0,0,4,7,8,9,0,0,0,0
NCT03660930_EG000,NCT03660930,132,48,2,2,48,49,0,0,15,30,34,43,3,7,7,4
NCT03660930_EG001,NCT03660930,132,52,2,2,52,52,0,0,17,33,45,51,1,2,2,1
NCT03660930_EG002,NCT03660930,132,27,2,2,27,27,0,0,11,20,22,26,2,3,3,1
NCT03660930_EG003,NCT03660930,132,35,2,2,35,38,0,0,14,24,31,34,0,1,1,1
NCT03660930_EG004,NCT03660930,132,37,2,2,37,37,0,0,14,25,34,36,1,2,2,1
NCT03660930_EG005,NCT03660930,132,60,2,2,60,62,0,0,16,36,50,59,1,2,2,1
NCT03660930_EG006,NCT03660930,132,42,2,2,42,42,0,0,14,27,36,42,1,1,1,0
NCT03660930_EG007,NCT03660930,132,46,2,2,46,46,0,0,16,31,39,43,1,4,4,3
NCT03663205_EG001,NCT03663205,196,71,3,3,71,74,0,0,12,35,49,71,3,3,3,0
NCT03664024_EG000,NCT03664024,112,50,4,4,50,53,0,0,13,31,43,50,2,2,2,0
NCT03667690_EG001,NCT03667690,125,17,2,2,17,18,0,0,8,11,16,17,0,0,0,0
NCT03669081_EG000,NCT03669081,1,0,2,2,0,0,0,0,0,0,0,0,0,0,0,0
NCT03672292_EG000,NCT03672292,150,81,2,2,81,93,0,0,20,46,63,79,0,0,0,0
NCT03680092_EG001,NCT03680092,39,34,2,2,34,35,0,0,13,19,22,25,0,9,9,7
NCT03682705_EG001,NCT03682705,28,1,2,2,1,1,0,0,1,1,1,1,0,0,0,0
NCT03693612_EG006,NCT03693612,131,0,3,3,0,0,131,0,0,0,0,0,0,0,0,0
NCT03701295_EG000,NCT03701295,1,0,2,2,0,0,0,0,0,0,0,0,0,0,0,0
NCT03703492_EG000,NCT03703492,1,1,2,2,1,1,0,0,1,0,0,0,0,1,1,1
NCT03704688_EG000,NCT03704688,78,0,2,2,0,0,78,0,0,0,0,0,0,0,0,0
NCT03704688_EG001,NCT03704688,78,0,2,2,0,0,78,0,0,0,0,0,0,0,0,0
NCT03704688_EG002,NCT03704688,78,0,2,2,0,0,78,0,0,0,0,0,0,0,0,0
NCT03704688_EG003,NCT03704688,78,58,2,2,58,58,2,0,16,39,51,58,2,2,2,0
NCT03704688_EG004,NCT03704688,78,37,2,2,37,38,0,0,13,24,31,36,1,2,2,1
NCT03704688_EG005,NCT03704688,78,0,2,2,0,0,78,0,0,0,0,0,0,0,0,0
NCT03706261_EG000,NCT03706261,1,1,2,2,1,1,0,0,1,1,1,1,0,0,0,0
NCT03714919_EG000,NCT03714919,1,0,4,4,0,0,0,0,0,0,0,0,0,0,0,0
NCT03717415_EG000,NCT03717415,200,16,2,2,16,16,0,0,11,15,16,16,0,0,0,0
NCT03717415_EG001,NCT03717415,200,63,2,2,63,64,0,0,16,40,53,63,3,3,3,0
NCT03717415_EG002,NCT03717415,200,36,2,2,36,36,0,0,14,26,31,36,1,1,1,0
NCT03717415_EG003,NCT03717415,200,39,2,2,39,42,0,0,16,30,35,39,1,1,1,0
NCT03717415_EG004,NCT03717415,200,8,2,2,8,8,0,0,5,8,8,8,0,0,0,0
NCT03717415_EG005,NCT03717415,200,87,2,2,87,90,0,0,18,54,77,87,2,1,1,0
NCT03717415_EG006,NCT03717415,200,43,2,2,43,43,0,0,17,31,35,43,4,4,4,0
NCT03717415_EG007,NCT03717415,200,45,2,2,45,45,0,0,12,30,38,45,2,2,2,0
NCT03717415_EG008,NCT03717415,200,65,2,2,65,68,0,0,17,42,54,65,3,3,3,0
NCT03725202_EG001,NCT03725202,178,33,2,2,33,33,0,0,12,20,28,33,1,1,1,0
NCT03725202_EG002,NCT03725202,178,33,2,2,33,33,0,0,11,20,27,33,2,2,2,0
NCT03726268_EG001,NCT03726268,89,0,4,4,0,0,0,0,0,0,0,0,0,0,0,0
NCT03726268_EG003,NCT03726268,89,0,4,4,0,0,0,0,0,0,0,0,0,0,0,0
NCT03730181_EG000,NCT03730181,33,12,2,2,12,12,0,0,8,9,10,12,2,2,2,0
NCT03735875_EG001,NCT03735875,53,0,2,2,0,0,53,0,0,0,0,0,0,0,0,0
NCT03739853_EG001,NCT03739853,9,5,3,3,5,5,0,0,4,4,4,4,0,1,1,1
NCT03739853_EG002,NCT03739853,9,5,2,2,5,5,0,0,4,4,4,4,0,1,1,1
NCT03739866_EG000,NCT03739866,119,25,2,2,25,25,0,0,10,18,23,25,1,1,1,0
NCT03739866_EG001,NCT03739866,119,29,2,2,29,29,0,0,10,18,21,29,5,3,3,0
NCT03739866_EG002,NCT03739866,119,10,2,2,10,10,0,0,3,6,6,10,5,3,3,0
NCT03739866_EG003,NCT03739866,119,45,2,2,45,46,0,0,13,28,34,45,9,6,6,0
NCT03739866_EG004,NCT03739866,119,11,2,2,11,11,0,0,3,5,6,11,6,2,2,0
NCT03743636_EG000,NCT03743636,25,5,2,2,5,5,0,0,1,2,2,4,3,3,3,1
NCT03744312_EG000,NCT03744312,1,0,2,2,0,0,0,0,0,0,0,0,0,0,0,0
NCT03744312_EG001,NCT03744312,1,0,2,2,0,0,0,0,0,0,0,0,0,0,0,0
NCT03745989_EG000,NCT03745989,114,13,2,2,13,13,0,0,7,12,13,13,0,0,0,0
NCT03745989_EG001,NCT03745989,114,46,2,2,46,47,0,0,12,29,41,46,1,1,1,0
NCT03745989_EG002,NCT03745989,114,85,2,2,85,89,0,0,17,48,72,85,3,3,3,0
NCT03753113_EG000,NCT03753113,6,1,2,2,1,1,0,0,1,0,0,0,0,1,1,1
NCT03757715_EG000,NCT03757715,1,0,2,2,0,0,0,0,0,0,0,0,0,0,0,0
NCT03765229_EG000,NCT03765229,120,111,2,2,111,120,0,0,20,58,78,99,1,14,14,12
NCT03766581_EG000,NCT03766581,207,6,2,2,6,6,0,0,4,6,6,6,0,0,0,0
NCT03767335_EG000,NCT03767335,133,25,3,3,25,26,0,0,10,19,23,25,1,1,1,0
NCT03767335_EG001,NCT03767335,133,54,3,3,54,54,0,0,16,31,43,54,2,3,3,0
NCT03767335_EG002,NCT03767335,133,73,3,3,73,75,0,0,15,40,60,73,1,2,2,0
NCT03768414_EG001,NCT03768414,131,88,2,2,88,89,0,0,17,43,63,80,7,13,13,7
NCT03770000_EG000,NCT03770000,38,15,2,2,15,15,0,0,8,14,14,14,0,1,1,1
NCT03770000_EG001,NCT03770000,38,11,2,2,11,12,0,0,6,10,10,11,0,0,0,0
NCT03770000_EG002,NCT03770000,38,10,2,2,10,10,0,0,5,8,9,10,0,0,0,0
NCT03770000_EG003,NCT03770000,38,24,2,2,24,24,0,0,10,20,20,24,1,1,1,0
NCT03770000_EG004,NCT03770000,38,27,2,2,27,28,0,0,8,19,22,26,0,1,1,1
NCT03770260_EG000,NCT03770260,42,17,2,2,17,17,0,0,9,12,13,16,1,2,2,1
NCT03770260_EG001,NCT03770260,42,21,2,2,21,21,0,0,8,11,16,18,0,3,3,3
NCT03770260_EG002,NCT03770260,42,24,2,2,24,24,0,0,10,15,23,24,0,0,0,0
NCT03772925_EG000,NCT03772925,124,55,2,2,55,56,0,0,14,28,40,51,6,9,9,3
NCT03772925_EG001,NCT03772925,124,22,2,2,22,22,0,0,9,16,19,21,0,0,0,0
NCT03772925_EG002,NCT03772925,124,42,2,2,42,43,0,0,12,24,29,36,5,7,7,5
NCT03772925_EG003,NCT03772925,124,53,2,2,53,54,0,0,16,32,42,48,2,4,4,3
NCT03772925_EG004,NCT03772925,124,55,2,2,55,56,0,0,15,35,41,52,2,5,5,2
NCT03773302_EG001,NCT03773302,164,113,2,2,113,113,0,0,18,58,87,113,4,4,4,0
NCT03774472_EG000,NCT03774472,29,14,3,3,14,14,0,0,9,12,12,13,0,1,1,1
NCT03774472_EG001,NCT03774472,29,15,3,3,15,15,0,0,8,12,13,15,0,0,0,0
NCT03774472_EG002,NCT03774472,29,12,3,3,12,12,0,0,8,11,11,12,0,0,0,0
NCT03774745_EG000,NCT03774745,5,3,2,2,3,3,0,0,1,1,1,1,0,2,2,2
NCT03776812_EG000,NCT03776812,168,93,2,2,93,96,0,0,18,46,70,92,2,3,3,1
NCT03776812_EG001,NCT03776812,168,74,2,2,74,74,0,0,16,37,55,74,2,2,2,0
NCT03776812_EG002,NCT03776812,168,79,2,2,79,81,0,0,15,38,57,79,2,2,2,0
NCT03777982_EG001,NCT03777982,50,45,4,4,45,45,0,0,16,27,34,39,1,7,7,6
NCT03783949_EG000,NCT03783949,93,26,4,4,26,28,0,0,9,14,17,22,4,6,6,4
NCT03786094_EG000,NCT03786094,118,26,2,2,26,27,0,0,9,16,20,26,0,0,0,0
NCT03788291_EG000,NCT03788291,34,24,2,2,24,25,0,0,9,15,17,18,2,7,7,6
NCT03789318_EG000,NCT03789318,44,12,6,6,12,14,0,0,9,11,12,12,0,0,0,0
NCT03789318_EG001,NCT03789318,44,8,5,5,8,8,0,0,6,7,7,8,0,0,0,0
NCT03789318_EG004,NCT03789318,44,13,5,5,13,13,0,0,7,11,12,13,0,0,0,0
NCT03790618_EG003,NCT03790618,1,0,2,2,0,0,0,0,0,0,0,0,0,0,0,0
NCT03801252_EG000,NCT03801252,3,0,2,2,0,0,0,0,0,0,0,0,0,0,0,0
NCT03801707_EG000,NCT03801707,1,1,2,2,1,1,0,0,1,0,0,0,0,1,1,1
NCT03809182_EG000,NCT03809182,3,3,3,3,3,3,0,0,1,0,0,0,0,3,3,3
NCT03813199_EG000,NCT03813199,12,9,2,2,9,9,0,0,4,5,7,9,0,0,0,0
NCT03813199_EG001,NCT03813199,12,11,2,2,11,11,0,0,5,6,9,11,0,0,0,0
NCT03818919_EG000,NCT03818919,1,1,5,5,1,1,0,0,1,0,0,0,0,1,1,1
NCT03818932_EG000,NCT03818932,6,6,5,5,6,6,0,0,2,2,4,4,0,2,2,2
NCT03820388_EG002,NCT03820388,1,0,2,2,0,0,0,0,0,0,0,0,0,0,0,0
NCT03823378_EG000,NCT03823378,39,2,2,2,2,2,0,0,2,2,2,2,0,0,0,0
NCT03823378_EG005,NCT03823378,39,7,2,2,7,7,0,0,6,6,6,7,1,1,1,0
NCT03824587_EG000,NCT03824587,8,1,2,2,1,1,0,0,1,1,1,1,0,0,0,0
NCT03829683_EG000,NCT03829683,14,11,2,2,11,11,0,0,5,7,8,9,1,2,2,2
NCT03834688_EG000,NCT03834688,14,8,3,3,8,9,0,0,5,7,7,8,0,0,0,0
NCT03836209_EG000,NCT03836209,123,55,3,3,55,58,0,0,12,30,43,55,2,2,2,0
NCT03836209_EG001,NCT03836209,123,49,3,3,49,51,0,0,14,28,39,49,1,1,1,0
NCT03840200_EG000,NCT03840200,143,41,2,2,41,42,0,0,14,28,34,41,2,2,2,0
NCT03840200_EG001,NCT03840200,143,64,2,2,64,65,0,0,17,43,52,64,0,0,0,0
NCT03840200_EG002,NCT03840200,143,58,2,2,58,59,0,0,14,31,44,58,1,1,1,0
NCT03840200_EG003,NCT03840200,143,39,2,2,39,40,0,0,14,24,30,39,2,2,2,0
NCT03843775_EG000,NCT03843775,37,9,2,2,9,10,0,0,5,7,8,8,0,1,1,1
NCT03843775_EG001,NCT03843775,37,29,2,2,29,31,0,0,10,18,22,24,0,5,5,5
NCT03858049_EG001,NCT03858049,7,3,2,2,3,3,0,0,1,2,2,3,0,1,1,0
NCT03859024_EG000,NCT03859024,1,0,3,3,0,0,0,0,0,0,0,0,0,0,0,0
NCT03859024_EG001,NCT03859024,1,0,7,7,0,0,0,0,0,0,0,0,0,0,0,0
NCT03861702_EG000,NCT03861702,165,82,2,2,82,84,0,0,18,46,62,73,2,12,12,10
NCT03864406_EG000,NCT03864406,12,12,3,3,12,12,0,0,6,10,11,12,0,0,0,0
NCT03865706_EG001,NCT03865706,4,3,2,2,3,3,0,0,2,2,2,2,0,1,1,1
NCT03865706_EG002,NCT03865706,4,2,2,2,2,2,0,0,2,1,1,1,0,1,1,1
NCT03866434_EG000,NCT03866434,4,4,2,2,4,4,0,0,3,3,3,4,0,0,0,0
NCT03873493_EG000,NCT03873493,105,100,2,2,100,105,0,0,22,59,83,100,2,1,1,0
NCT03874715_EG001,NCT03874715,9,2,2,2,2,2,0,0,1,1,1,2,0,0,0,0
NCT03875313_EG000,NCT03875313,101,7,2,2,7,7,0,0,5,6,7,7,0,0,0,0
NCT03875313_EG001,NCT03875313,101,75,2,2,75,77,0,0,16,40,60,74,4,4,4,0
NCT03875313_EG002,NCT03875313,101,26,2,2,26,26,0,0,10,19,25,26,0,0,0,0
NCT03875313_EG003,NCT03875313,101,11,2,2,11,11,0,0,7,9,11,11,0,0,0,0
NCT03875313_EG004,NCT03875313,101,26,2,2,26,27,0,0,10,21,24,26,0,0,0,0
NCT03877055_EG000,NCT03877055,71,55,2,2,55,55,0,0,16,35,45,52,2,4,4,3
NCT03877055_EG001,NCT03877055,71,25,2,2,25,25,0,0,10,17,23,24,0,1,1,1
NCT03879772_EG000,NCT03879772,15,9,2,2,9,9,0,0,4,7,8,9,0,0,0,0
NCT03879772_EG001,NCT03879772,15,9,2,2,9,9,0,0,4,7,8,9,0,0,0,0
NCT03879772_EG002,NCT03879772,15,6,2,2,6,6,0,0,3,6,6,6,0,0,0,0
NCT03879772_EG003,NCT03879772,15,8,2,2,8,8,0,0,4,7,8,8,0,0,0,0
NCT03887130_EG000,NCT03887130,103,49,2,2,49,56,0,0,13,29,41,49,3,3,3,0
NCT03887130_EG001,NCT03887130,103,46,2,2,46,49,0,0,13,30,39,46,3,3,3,0
NCT03887130_EG002,NCT03887130,103,52,2,2,52,53,0,0,15,33,46,52,2,2,2,0
NCT03891901_EG001,NCT03891901,39,27,3,3,27,27,0,0,12,13,15,16,4,12,12,11
NCT03891901_EG003,NCT03891901,39,8,3,3,8,8,0,0,5,4,4,4,0,4,4,4
NCT03895801_EG002,NCT03895801,194,64,2,2,64,65,0,0,17,45,56,64,1,1,1,0
NCT03897439_EG001,NCT03897439,3,3,3,3,3,3,0,0,1,0,0,0,2,3,3,3
NCT03898154_EG000,NCT03898154,1,1,2,2,1,1,0,0,0,0,0,0,1,1,1,1
NCT03899805_EG000,NCT03899805,233,140,2,2,140,148,0,0,20,64,103,129,5,13,13,9
NCT03899805_EG001,NCT03899805,233,121,2,2,121,133,0,0,21,58,88,109,4,14,14,11
NCT03899805_EG002,NCT03899805,233,116,2,2,116,125,0,0,19,59,83,105,7,17,17,11
NCT03901339_EG001,NCT03901339,153,54,4,4,54,54,0,0,12,29,42,54,1,1,1,0
NCT03901469_EG004,NCT03901469,105,60,2,2,60,63,0,0,16,36,50,60,1,1,1,0
NCT03901469_EG007,NCT03901469,105,42,2,2,42,44,0,0,11,24,32,42,0,0,0,0
NCT03907033_EG001,NCT03907033,3,2,2,2,2,2,0,0,1,1,1,2,0,0,0,0
NCT03907969_EG007,NCT03907969,122,38,2,2,38,39,0,0,14,27,33,38,3,3,3,0
NCT03907969_EG008,NCT03907969,122,17,2,2,17,17,0,0,8,12,15,17,0,0,0,0
NCT03907969_EG009,NCT03907969,122,14,2,2,14,14,0,0,10,12,14,14,0,0,0,0
NCT03907969_EG010,NCT03907969,122,46,2,2,46,47,0,0,15,32,41,46,3,2,2,0
NCT03910387_EG000,NCT03910387,15,13,3,3,13,14,0,0,12,1,1,1,0,13,13,13
NCT03910387_EG001,NCT03910387,15,5,2,2,5,5,0,0,5,0,0,0,0,5,5,5
NCT03912233_EG001,NCT03912233,125,27,3,3,27,27,0,0,11,18,23,27,1,1,1,0
NCT03912233_EG002,NCT03912233,125,47,3,3,47,47,0,0,12,25,34,47,0,0,0,0
NCT03912233_EG003,NCT03912233,125,43,3,3,43,43,0,0,11,21,32,43,0,0,0,0
NCT03913455_EG000,NCT03913455,95,47,2,2,47,47,0,0,13,27,40,46,2,2,2,1
NCT03915951_EG000,NCT03915951,118,63,2,2,63,65,0,0,15,36,50,63,4,4,4,0
NCT03915951_EG001,NCT03915951,118,52,2,2,52,53,0,0,14,30,41,52,3,3,3,0
NCT03917420_EG000,NCT03917420,3,3,2,2,3,3,0,0,2,2,3,3,0,0,0,0
NCT03919175_EG000,NCT03919175,114,107,2,2,107,114,0,0,20,55,76,94,7,18,18,14
NCT03923933_EG001,NCT03923933,5,5,2,2,5,5,0,0,2,2,3,3,0,2,2,2
NCT03927950_EG000,NCT03927950,2,2,2,2,2,2,0,0,2,2,2,2,0,0,0,0
NCT03929640_EG001,NCT03929640,1,0,2,2,0,0,0,0,0,0,0,0,0,0,0,0
NCT03930771_EG000,NCT03930771,4,4,2,2,4,4,0,0,4,4,4,4,0,0,0,0
NCT03933618_EG000,NCT03933618,17,6,2,2,6,6,0,0,4,3,4,4,1,3,2,2
NCT03933618_EG001,NCT03933618,17,1,2,2,1,1,0,0,1,1,1,1,0,0,0,0
NCT03933618_EG002,NCT03933618,17,3,2,2,3,3,0,0,2,1,1,1,1,2,2,2
NCT03933618_EG003,NCT03933618,17,1,2,2,1,1,0,0,1,0,0,0,0,1,1,1
NCT03933618_EG004,NCT03933618,17,4,2,2,4,4,0,0,3,3,4,4,1,1,0,0
NCT03933618_EG005,NCT03933618,17,5,2,2,5,5,0,0,5,3,3,3,0,2,2,2
NCT03938857_EG001,NCT03938857,26,15,2,2,15,17,0,0,11,14,15,0,0,0,0,17
NCT03938857_EG002,NCT03938857,26,10,2,2,10,10,0,0,8,9,9,0,0,1,1,10
NCT03938857_EG003,NCT03938857,26,0,2,2,0,0,26,0,0,0,0,0,0,0,0,0
NCT03939923_EG000,NCT03939923,5,0,3,3,0,0,0,0,0,0,0,0,0,0,0,0
NCT03939923_EG001,NCT03939923,5,0,2,2,0,0,0,0,0,0,0,0,0,0,0,0
NCT03941964_EG000,NCT03941964,114,60,2,2,60,62,0,0,14,36,49,60,2,1,1,0
NCT03941964_EG001,NCT03941964,114,62,2,2,62,64,0,0,14,34,47,62,3,3,3,0
NCT03943667_EG000,NCT03943667,112,14,2,2,14,15,0,0,8,11,12,12,1,2,2,2
NCT03945591_EG000,NCT03945591,54,54,2,2,54,54,0,0,14,32,44,50,0,4,4,4
NCT03952130_EG000,NCT03952130,22,3,3,3,3,3,0,0,3,3,3,3,0,0,0,0
NCT03952130_EG001,NCT03952130,22,2,3,3,2,2,0,0,2,2,2,2,0,0,0,0
NCT03952143_EG000,NCT03952143,48,1,3,3,1,1,0,0,1,1,1,1,0,0,0,0
NCT03952143_EG001,NCT03952143,48,1,3,3,1,1,0,0,1,1,1,1,0,0,0,0
NCT03952143_EG002,NCT03952143,48,1,3,3,1,1,0,0,1,1,1,1,0,0,0,0
NCT03957551_EG000,NCT03957551,133,55,2,2,55,55,0,0,15,27,42,50,0,5,5,5
NCT03957551_EG001,NCT03957551,133,27,2,2,27,28,0,0,9,18,22,27,0,0,0,0
NCT03959527_EG001,NCT03959527,8,7,2,2,7,7,0,0,4,6,7,7,1,0,0,0
NCT03969888_EG002,NCT03969888,68,9,2,2,9,9,0,0,7,7,9,9,0,0,0,0
NCT03969888_EG003,NCT03969888,68,20,2,2,20,20,0,0,8,14,18,20,0,0,0,0
NCT03969888_EG004,NCT03969888,68,23,2,2,23,23,0,0,10,16,20,23,1,1,1,0
NCT03969888_EG005,NCT03969888,68,9,2,2,9,9,0,0,7,9,9,9,0,0,0,0
NCT03969888_EG006,NCT03969888,68,12,2,2,12,12,0,0,6,9,10,12,1,1,1,0
NCT03970330_EG000,NCT03970330,13,5,2,2,5,5,0,0,3,2,1,3,2,3,4,2
NCT03978520_EG001,NCT03978520,75,15,2,2,15,15,0,0,7,11,13,15,0,0,0,0
NCT03978520_EG003,NCT03978520,75,9,2,2,9,9,0,0,4,5,7,9,0,0,0,0
NCT03981614_EG003,NCT03981614,180,62,2,2,62,69,0,0,15,35,49,60,3,4,4,1
NCT03987074_EG001,NCT03987074,32,20,2,2,20,20,0,0,7,11,16,20,1,1,1,0
NCT03987074_EG002,NCT03987074,32,19,2,2,19,19,0,0,8,11,15,19,0,0,0,0
NCT03987074_EG003,NCT03987074,32,17,2,2,17,17,0,0,8,12,16,17,0,0,0,0
NCT03987074_EG004,NCT03987074,32,19,3,3,19,19,0,0,9,11,16,19,0,0,0,0
NCT03988907_EG001,NCT03988907,8,5,2,2,5,5,0,0,3,4,4,5,0,0,0,0
NCT03989115_EG000,NCT03989115,201,68,2,2,68,69,0,0,14,38,53,67,4,5,5,1
NCT03989115_EG001,NCT03989115,201,49,2,2,49,51,0,0,12,29,40,48,6,7,7,1
NCT03989115_EG002,NCT03989115,201,66,2,2,66,66,0,0,14,36,55,65,4,5,5,1
NCT03989115_EG003,NCT03989115,201,50,2,2,50,53,0,0,15,31,40,48,3,5,5,2
NCT03989115_EG004,NCT03989115,201,72,2,2,72,77,0,0,14,42,58,70,4,6,6,2
NCT03989115_EG005,NCT03989115,201,52,2,2,52,52,0,0,14,33,44,49,2,5,5,3
NCT03989115_EG006,NCT03989115,201,38,2,2,38,39,0,0,14,26,36,38,1,1,1,0
NCT03989115_EG007,NCT03989115,201,23,2,2,23,24,0,0,9,17,21,23,2,2,2,0
NCT03990363_EG000,NCT03990363,168,6,2,2,6,6,0,0,6,6,6,6,0,0,0,0
NCT03990363_EG001,NCT03990363,168,8,2,2,8,8,0,0,7,8,8,8,0,0,0,0
NCT03990363_EG002,NCT03990363,168,6,2,2,6,6,0,0,5,5,5,6,0,0,0,0
NCT03992131_EG000,NCT03992131,136,53,2,2,53,53,0,0,14,31,42,53,1,1,1,0
NCT03992131_EG001,NCT03992131,136,27,2,2,27,27,0,0,13,17,21,27,1,1,1,0
NCT03992131_EG002,NCT03992131,136,29,2,2,29,29,0,0,14,24,25,29,0,0,0,0
NCT03992131_EG003,NCT03992131,136,46,2,2,46,51,0,0,15,33,42,46,2,2,2,0
NCT03993353_EG000,NCT03993353,13,13,2,2,13,13,0,0,12,1,1,1,0,12,12,12
NCT03997448_EG000,NCT03997448,30,30,2,2,30,30,0,0,11,20,25,29,2,3,3,1
NCT03999515_EG000,NCT03999515,20,20,3,3,20,20,0,0,9,14,16,19,2,2,2,1
NCT04003610_EG001,NCT04003610,37,7,2,2,7,7,0,0,6,6,6,7,0,0,0,0
NCT04003610_EG002,NCT04003610,37,31,2,2,31,31,0,0,13,24,28,31,1,1,1,0
NCT04005716_EG001,NCT04005716,180,71,3,3,71,76,0,0,15,36,51,71,3,3,3,0
NCT04006288_EG001,NCT04006288,1,1,2,2,1,1,0,0,1,1,1,1,0,0,0,0
NCT04006288_EG003,NCT04006288,1,0,2,2,0,0,0,0,0,0,0,0,0,0,0,0
NCT04006288_EG005,NCT04006288,1,0,2,2,0,0,0,0,0,0,0,0,0,0,0,0
NCT04006847_EG000,NCT04006847,1,0,2,2,0,0,0,0,0,0,0,0,0,0,0,0
NCT04010539_EG001,NCT04010539,20,4,2,2,4,4,0,0,3,4,4,4,0,0,0,0
NCT04015908_EG000,NCT04015908,1,0,4,4,0,0,0,0,0,0,0,0,0,0,0,0
NCT04027348_EG000,NCT04027348,30,22,3,3,22,30,0,0,10,17,20,22,1,1,1,0
NCT04029116_EG000,NCT04029116,8,6,2,2,6,6,0,0,3,5,6,6,0,0,0,0
NCT04029688_EG006,NCT04029688,150,45,3,3,45,46,0,0,9,27,37,45,0,0,0,0
NCT04029688_EG007,NCT04029688,150,33,2,2,33,37,0,0,11,26,29,33,0,0,0,0
NCT04031885_EG000,NCT04031885,59,13,2,2,13,14,0,0,8,11,12,13,0,0,0,0
NCT04038346_EG002,NCT04038346,1,0,2,2,0,0,1,0,0,0,0,0,0,0,0,0
NCT04041453_EG001,NCT04041453,6,2,2,2,2,2,0,0,2,2,2,2,0,0,0,0
NCT04041453_EG003,NCT04041453,6,2,2,2,2,2,0,0,2,2,2,2,0,0,0,0
NCT04042077_EG001,NCT04042077,48,0,4,4,0,0,0,0,0,0,0,0,0,0,0,0
NCT04051320_EG000,NCT04051320,47,36,3,3,36,36,0,0,12,19,22,23,0,13,13,13
NCT04051320_EG001,NCT04051320,47,26,3,3,26,26,0,0,11,17,18,18,0,8,8,8
NCT04051996_EG000,NCT04051996,2,2,2,2,2,2,0,0,2,2,2,2,0,0,0,0
NCT04051996_EG001,NCT04051996,2,0,2,2,0,0,2,0,0,0,0,0,0,0,0,0
NCT04052334_EG000,NCT04052334,20,14,4,4,14,20,0,0,7,10,10,11,2,5,5,4
NCT04058353_EG000,NCT04058353,18,6,2,2,6,7,0,0,4,5,5,6,0,0,0,0
NCT04059484_EG000,NCT04059484,73,18,5,5,18,19,0,0,8,12,15,18,1,0,0,0
NCT04059484_EG002,NCT04059484,73,4,5,5,4,4,0,0,4,4,4,4,0,0,0,0
NCT04062448_EG000,NCT04062448,210,119,2,2,119,210,0,0,19,60,90,118,4,5,5,1
NCT04065841_EG002,NCT04065841,40,9,2,2,9,9,0,0,4,6,7,9,0,0,0,0
NCT04066491_EG001,NCT04066491,205,52,2,2,52,52,0,0,13,30,39,52,1,1,1,0
NCT04068948_EG000,NCT04068948,1,0,3,3,0,0,0,0,0,0,0,0,0,0,0,0
NCT04068948_EG001,NCT04068948,1,0,2,2,0,0,0,0,0,0,0,0,0,0,0,0
NCT04070768_EG000,NCT04070768,80,30,2,2,30,30,0,0,12,17,23,28,4,6,6,2
NCT04070768_EG001,NCT04070768,80,13,2,2,13,14,0,0,4,10,12,13,0,0,0,0
NCT04070768_EG002,NCT04070768,80,66,2,2,66,68,0,0,17,34,47,58,3,12,12,9
NCT04074330_EG001,NCT04074330,177,38,2,2,38,38,0,0,17,29,37,38,0,0,0,0
NCT04074330_EG002,NCT04074330,177,29,2,2,29,30,0,0,12,23,26,29,2,1,1,0
NCT04074330_EG003,NCT04074330,177,25,2,2,25,26,0,0,11,18,22,25,2,1,1,0
NCT04074330_EG004,NCT04074330,177,58,2,2,58,60,0,0,16,36,51,58,4,4,4,0
NCT04074343_EG000,NCT04074343,17,17,2,2,17,17,0,0,6,11,13,16,0,2,2,1
NCT04076579_EG000,NCT04076579,64,42,2,2,42,44,0,0,11,25,29,42,5,6,6,0
NCT04076579_EG001,NCT04076579,64,41,2,2,41,42,0,0,13,29,33,41,2,4,4,0
NCT04079452_EG000,NCT04079452,2,2,2,2,2,2,0,0,2,1,1,2,0,1,1,0
NCT04083235_EG001,NCT04083235,300,67,2,2,67,72,0,0,13,37,54,67,2,2,2,0
NCT04088188_EG000,NCT04088188,45,37,3,3,37,38,0,0,13,25,30,36,2,4,4,2
NCT04088188_EG001,NCT04088188,45,19,3,3,19,19,0,0,10,13,17,19,1,1,1,0
NCT04093362_EG001,NCT04093362,79,49,2,2,49,51,0,0,15,30,41,49,1,1,1,0
NCT04095104_EG000,NCT04095104,47,40,2,2,40,40,0,0,13,15,16,18,6,24,24,22
NCT04095858_EG000,NCT04095858,76,22,2,2,22,28,0,0,11,17,19,22,0,0,0,0
NCT04097821_EG000,NCT04097821,173,52,2,2,52,52,0,0,16,34,45,52,1,1,1,0
NCT04097821_EG001,NCT04097821,173,42,2,2,42,44,0,0,13,28,36,42,1,1,1,0
NCT04097821_EG002,NCT04097821,173,47,2,2,47,49,0,0,15,37,44,47,1,1,1,0
NCT04097821_EG004,NCT04097821,173,47,2,2,47,49,0,0,16,33,42,47,1,1,1,0
NCT04097925_EG000,NCT04097925,16,2,2,2,2,2,0,0,2,2,2,2,0,0,0,0
NCT04105972_EG000,NCT04105972,30,12,2,2,12,13,0,0,5,7,8,12,0,0,0,0
NCT04116112_EG000,NCT04116112,7,0,3,3,0,0,0,0,0,0,0,0,0,0,0,0
NCT04116112_EG001,NCT04116112,7,1,3,3,1,1,0,0,1,1,1,1,0,0,0,0
NCT04116112_EG002,NCT04116112,7,0,3,3,0,0,0,0,0,0,0,0,0,0,0,0
NCT04118010_EG000,NCT04118010,1,0,2,2,0,0,0,0,0,0,0,0,0,0,0,0
NCT04124614_EG000,NCT04124614,12,7,2,2,7,7,0,0,4,7,7,7,0,0,0,0
NCT04145349_EG001,NCT04145349,151,61,2,2,61,62,1,0,16,35,47,61,3,3,3,0
NCT04145700_EG001,NCT04145700,123,45,2,2,45,46,0,0,12,28,39,45,1,1,1,0
NCT04146038_EG000,NCT04146038,13,13,4,4,13,13,0,0,12,1,1,2,0,12,12,11
NCT04149964_EG000,NCT04149964,1,0,2,2,0,0,0,0,0,0,0,0,0,0,0,0
NCT04149964_EG001,NCT04149964,1,0,2,2,0,0,0,0,0,0,0,0,0,0,0,0
NCT04153565_EG000,NCT04153565,70,67,3,3,67,70,0,0,20,48,59,67,1,1,1,0
NCT04163900_EG000,NCT04163900,236,47,2,2,47,49,0,0,14,33,40,47,1,1,1,0
NCT04163900_EG001,NCT04163900,236,45,2,2,45,47,0,0,13,31,38,45,1,1,1,0
NCT04164979_EG000,NCT04164979,13,10,2,2,10,10,0,0,8,9,10,10,0,0,0,0
NCT04167670_EG000,NCT04167670,16,1,2,2,1,1,0,0,1,1,1,1,0,0,0,0
NCT04167670_EG001,NCT04167670,16,2,3,3,2,2,0,0,2,2,2,2,0,0,0,0
NCT04167670_EG002,NCT04167670,16,2,3,3,2,2,0,0,2,2,2,2,0,0,0,0
NCT04172597_EG000,NCT04172597,14,0,2,2,0,0,14,0,0,0,0,0,0,0,0,0
NCT04172597_EG001,NCT04172597,14,0,2,2,0,0,14,0,0,0,0,0,0,0,0,0
NCT04172597_EG002,NCT04172597,14,0,2,2,0,0,14,0,0,0,0,0,0,0,0,0
NCT04172597_EG003,NCT04172597,14,0,2,2,0,0,14,0,0,0,0,0,0,0,0,0
NCT04172597_EG004,NCT04172597,14,14,2,2,14,14,0,0,10,12,14,14,0,0,0,0
NCT04174170_EG000,NCT04174170,9,4,2,2,4,4,0,0,3,4,4,4,0,0,0,0
NCT04174170_EG001,NCT04174170,9,4,2,2,4,4,0,0,3,4,4,4,0,0,0,0
NCT04178993_EG000,NCT04178993,3,3,2,2,3,3,0,0,2,1,1,1,0,2,2,2
NCT04178993_EG001,NCT04178993,3,2,3,3,2,2,0,0,1,0,0,0,0,2,2,2
NCT04179396_EG000,NCT04179396,63,62,2,2,62,63,0,0,15,31,48,62,1,1,1,0
NCT04179461_EG000,NCT04179461,8,8,6,6,8,8,0,0,4,6,7,7,0,1,1,1
NCT04179500_EG000,NCT04179500,29,27,4,4,27,27,0,0,9,18,22,26,0,1,1,1
NCT04179864_EG005,NCT04179864,146,18,2,2,18,18,0,0,13,15,17,18,0,0,0,0
NCT04179864_EG006,NCT04179864,146,28,2,2,28,29,0,0,14,20,24,28,3,3,3,0
NCT04179864_EG007,NCT04179864,146,18,2,2,18,18,0,0,8,13,14,18,2,2,2,0
NCT04182204_EG001,NCT04182204,155,36,3,3,36,36,0,0,10,22,28,36,1,1,1,0
NCT04189588_EG000,NCT04189588,1,0,2,2,0,0,0,0,0,0,0,0,0,0,0,0
NCT04189588_EG001,NCT04189588,1,1,2,2,1,1,0,0,1,0,0,1,0,1,1,0
NCT04189952_EG000,NCT04189952,1,0,5,5,0,0,0,0,0,0,0,0,0,0,0,0
NCT04191616_EG000,NCT04191616,61,39,3,3,39,42,0,0,13,22,30,39,1,1,1,0
NCT04198116_EG000,NCT04198116,1,0,2,2,0,0,0,0,0,0,0,0,0,0,0,0
NCT04198363_EG000,NCT04198363,13,4,4,4,4,4,0,0,4,4,4,4,0,0,0,0
NCT04198363_EG001,NCT04198363,13,4,4,4,4,4,0,0,4,4,4,4,0,0,0,0
NCT04203160_EG001,NCT04203160,214,78,2,2,78,94,0,0,17,38,55,77,12,17,17,1
NCT04207255_EG000,NCT04207255,99,22,2,2,22,22,0,0,12,15,17,19,2,4,4,3
NCT04207255_EG001,NCT04207255,99,15,2,2,15,15,0,0,8,10,12,13,0,2,2,2
NCT04207255_EG002,NCT04207255,99,12,2,2,12,12,0,0,7,10,10,12,1,1,1,0
NCT04207255_EG003,NCT04207255,99,8,2,2,8,8,0,0,4,5,5,6,2,3,3,2
NCT04209621_EG000,NCT04209621,6,6,2,2,6,6,0,0,3,4,5,5,1,1,1,1
NCT04209725_EG000,NCT04209725,13,13,2,2,13,13,0,0,8,10,11,13,1,1,1,0
NCT04214860_EG001,NCT04214860,116,58,3,3,58,64,0,0,15,33,45,53,5,9,9,5
NCT04216472_EG000,NCT04216472,5,5,2,2,5,5,0,0,4,4,4,5,0,0,0,0
NCT04217317_EG000,NCT04217317,70,66,2,2,66,70,0,0,15,33,47,60,2,8,8,6
NCT04222699_EG000,NCT04222699,1,0,2,2,0,0,0,0,0,0,0,0,0,0,0,0
NCT04222972_EG000,NCT04222972,215,67,7,7,67,68,0,0,15,38,54,67,2,2,2,0
NCT04224272_EG000,NCT04224272,60,47,3,3,47,47,0,0,12,30,41,47,1,0,0,0
NCT04225221_EG000,NCT04225221,19,7,3,3,7,7,0,0,6,2,3,4,1,4,4,3
NCT04225221_EG001,NCT04225221,19,6,3,3,6,6,0,0,4,2,2,4,2,4,4,2
NCT04225715_EG000,NCT04225715,125,21,3,3,21,21,0,0,9,16,18,21,0,0,0,0
NCT04227704_EG001,NCT04227704,8,7,2,2,7,7,0,0,5,4,5,7,1,1,1,0
NCT04227704_EG002,NCT04227704,8,7,2,2,7,7,0,0,5,4,5,7,0,0,0,0
NCT04235036_EG000,NCT04235036,63,62,2,2,62,63,0,0,13,30,39,46,0,20,20,16
NCT04238819_EG000,NCT04238819,195,60,3,3,60,62,0,0,14,34,48,60,1,1,1,0
NCT04238819_EG001,NCT04238819,195,73,3,3,73,79,0,0,19,46,64,73,0,0,0,0
NCT04238819_EG002,NCT04238819,195,23,2,2,23,25,0,0,8,19,22,23,0,0,0,0
NCT04238819_EG003,NCT04238819,195,46,2,2,46,46,0,0,15,29,39,46,3,3,3,0
NCT04238819_EG004,NCT04238819,195,33,2,2,33,33,0,0,12,25,30,33,0,0,0,0
NCT04238819_EG005,NCT04238819,195,76,2,2,76,80,0,0,16,45,60,76,2,2,2,0
NCT04246697_EG000,NCT04246697,1,0,3,3,0,0,0,0,0,0,0,0,0,0,0,0
NCT04246697_EG001,NCT04246697,1,0,6,6,0,0,0,0,0,0,0,0,0,0,0,0
NCT04247815_EG000,NCT04247815,22,20,2,2,20,21,0,0,8,15,18,20,0,1,1,0
NCT04248712_EG000,NCT04248712,1,0,2,2,0,0,0,0,0,0,0,0,0,0,0,0
NCT04251169_EG000,NCT04251169,120,118,2,2,118,120,0,0,19,56,90,117,3,4,4,1
NCT04251533_EG000,NCT04251533,143,65,2,2,65,70,0,0,13,34,50,65,2,2,2,0
NCT04251533_EG002,NCT04251533,143,68,2,2,68,69,0,0,14,38,54,68,2,2,2,0
NCT04260529_EG004,NCT04260529,49,40,2,2,40,43,0,0,13,26,33,38,6,5,5,2
NCT04266795_EG000,NCT04266795,165,57,2,2,57,62,0,0,16,31,44,57,4,3,3,0
NCT04266795_EG001,NCT04266795,165,55,3,3,55,59,0,0,15,30,42,55,2,2,2,0
NCT04268277_EG000,NCT04268277,53,50,2,2,50,53,0,0,17,31,43,50,3,4,4,0
NCT04272775_EG001,NCT04272775,102,67,3,3,67,68,0,0,15,37,57,67,1,2,2,0
NCT04281498_EG000,NCT04281498,50,49,2,2,49,50,0,0,14,27,36,41,3,9,9,8
NCT04285567_EG001,NCT04285567,92,30,4,4,30,34,0,0,14,20,23,30,1,1,1,0
NCT04305236_EG000,NCT04305236,1,0,2,2,0,0,0,0,0,0,0,0,0,0,0,0
NCT04306367_EG000,NCT04306367,37,34,2,2,34,37,0,0,14,20,29,32,2,4,4,2
NCT04311671_EG002,NCT04311671,73,6,2,2,6,6,0,0,4,2,2,2,0,4,4,4
NCT04313634_EG000,NCT04313634,43,10,2,2,10,10,0,0,6,6,8,9,0,1,1,1
NCT04322396_EG001,NCT04322396,18,11,2,2,11,11,0,0,6,7,8,9,0,2,2,2
NCT04327024_EG000,NCT04327024,62,15,2,2,15,15,0,0,10,14,15,15,0,0,0,0
NCT04329949_EG000,NCT04329949,77,50,2,2,50,53,0,0,14,31,43,50,1,1,1,0
NCT04336189_EG002,NCT04336189,30,10,2,2,10,10,0,0,6,8,8,10,1,1,1,0
NCT04341727_EG001,NCT04341727,28,5,2,2,5,5,0,0,4,3,3,3,0,2,2,2
NCT04343235_EG000,NCT04343235,1,0,2,2,0,0,0,0,0,0,0,0,0,0,0,0
NCT04346654_EG000,NCT04346654,124,73,2,2,73,74,0,0,18,44,64,73,1,1,1,0
NCT04354428_EG000,NCT04354428,9,1,2,2,1,1,0,0,1,1,1,1,0,0,0,0
NCT04358068_EG000,NCT04358068,12,8,2,2,8,8,0,0,5,7,8,8,0,0,0,0
NCT04365985_EG002,NCT04365985,79,27,2,2,27,29,0,0,10,17,19,24,0,4,4,3
NCT04378426_EG001,NCT04378426,7,0,3,3,0,0,7,0,0,0,0,0,0,0,0,0
NCT04381650_EG004,NCT04381650,325,98,2,2,98,102,0,0,19,51,75,98,3,3,3,0
NCT04381650_EG005,NCT04381650,325,74,2,2,74,77,0,0,16,42,60,74,4,3,3,0
NCT04386057_EG002,NCT04386057,148,80,2,2,80,87,0,0,15,43,63,74,3,8,8,5
NCT04386057_EG004,NCT04386057,148,43,2,2,43,44,0,0,14,26,34,39,2,6,6,4
NCT04390243_EG000,NCT04390243,29,29,2,2,29,29,0,0,13,18,20,25,0,4,4,4
NCT04395183_EG002,NCT04395183,2,1,2,2,1,1,0,0,1,1,1,1,0,0,0,0
NCT04398134_EG000,NCT04398134,90,4,2,2,4,4,0,0,3,3,3,4,0,0,0,0
NCT04401579_EG000,NCT04401579,91,9,2,2,9,9,0,0,5,7,8,9,0,0,0,0
NCT04405245_EG000,NCT04405245,22,3,2,2,3,3,0,0,2,2,3,3,0,0,0,0
NCT04405245_EG001,NCT04405245,22,5,2,2,5,5,0,0,2,3,4,4,2,1,1,1
NCT04407234_EG000,NCT04407234,23,15,2,2,15,15,0,0,6,9,12,15,0,0,0,0
NCT04410406_EG000,NCT04410406,16,7,2,2,7,7,0,0,3,4,4,4,3,3,3,3
NCT04410406_EG001,NCT04410406,16,6,2,2,6,6,0,0,3,4,4,4,2,2,2,2
NCT04410406_EG002,NCT04410406,16,8,3,3,8,8,0,0,3,4,5,5,3,3,3,3
NCT04410406_EG003,NCT04410406,16,8,3,3,8,8,0,0,3,4,4,4,4,4,4,4
NCT04413617_EG003,NCT04413617,17,4,2,2,4,4,0,0,3,3,4,4,0,0,0,0
NCT04413617_EG004,NCT04413617,17,5,2,2,5,5,0,0,4,4,5,5,0,0,0,0
NCT04417699_EG000,NCT04417699,62,61,2,2,61,62,0,0,14,29,35,41,2,20,20,20
NCT04435795_EG000,NCT04435795,12,6,2,2,6,6,0,0,2,1,1,1,4,5,5,5
NCT04436107_EG000,NCT04436107,163,41,2,2,41,41,0,0,11,23,29,41,1,1,1,0
NCT04436107_EG001,NCT04436107,163,73,2,2,73,76,0,0,15,34,51,73,1,1,1,0
NCT04436107_EG002,NCT04436107,163,83,2,2,83,89,0,0,16,47,67,82,2,3,3,1
NCT04436107_EG003,NCT04436107,163,59,2,2,59,63,0,0,11,30,41,59,1,1,1,0
NCT04451772_EG000,NCT04451772,103,8,2,2,8,8,0,0,3,4,6,8,0,0,0,0
NCT04451772_EG002,NCT04451772,103,15,2,2,15,15,0,0,7,10,14,15,0,0,0,0
NCT04451772_EG003,NCT04451772,103,54,2,2,54,54,0,0,17,37,50,54,2,2,2,0
NCT04451772_EG005,NCT04451772,103,24,2,2,24,24,0,0,11,19,23,24,1,1,1,0
NCT04458948_EG000,NCT04458948,1,1,2,2,1,1,0,0,1,0,0,0,0,1,1,1
NCT04459598_EG000,NCT04459598,33,27,2,2,27,27,0,0,11,18,23,27,2,1,1,0
NCT04472598_EG001,NCT04472598,162,45,2,2,45,45,0,0,11,27,38,45,1,1,1,0
NCT04476030_EG000,NCT04476030,13,10,5,5,10,10,0,0,5,8,9,10,0,0,0,0
NCT04476030_EG001,NCT04476030,13,11,6,6,11,11,0,0,5,9,10,11,0,0,0,0
NCT04483544_EG000,NCT04483544,64,56,2,2,56,64,0,0,16,35,46,53,1,4,4,3
NCT04487106_EG000,NCT04487106,38,19,3,3,19,19,0,0,8,8,11,13,3,7,7,6
NCT04487106_EG001,NCT04487106,38,33,3,3,33,34,0,0,12,16,20,23,3,12,12,10
NCT04489888_EG000,NCT04489888,129,70,3,3,70,74,0,0,17,40,57,70,2,2,2,0
NCT04492722_EG000,NCT04492722,46,3,2,2,3,3,0,0,3,3,3,3,0,0,0,0
NCT04492722_EG001,NCT04492722,46,2,2,2,2,2,0,0,2,2,2,2,0,0,0,0
NCT04492722_EG002,NCT04492722,46,2,2,2,2,2,0,0,2,2,2,2,0,0,0,0
NCT04495283_EG000,NCT04495283,30,6,2,2,6,6,0,0,3,5,5,6,1,0,0,0
NCT04495621_EG000,NCT04495621,107,48,2,2,48,50,0,0,12,30,43,48,2,1,1,0
NCT04495621_EG001,NCT04495621,107,79,2,2,79,85,0,0,14,39,64,79,2,2,2,0
NCT04499235_EG000,NCT04499235,3,2,2,2,2,2,0,0,2,2,2,2,0,0,0,0
NCT04502589_EG001,NCT04502589,29,20,2,2,20,20,0,0,6,7,8,12,4,11,11,7
NCT04503668_EG000,NCT04503668,54,35,4,4,35,35,0,0,9,20,27,32,2,5,5,2
NCT04503668_EG001,NCT04503668,54,30,4,4,30,31,0,0,7,19,25,30,2,3,3,0
NCT04510194_EG004,NCT04510194,3,0,2,2,0,0,0,0,0,0,0,0,0,0,0,0
NCT04510194_EG005,NCT04510194,3,0,2,2,0,0,0,0,0,0,0,0,0,0,0,0
NCT04510285_EG000,NCT04510285,5,5,2,2,5,5,0,0,4,5,5,5,0,0,0,0
NCT04518462_EG001,NCT04518462,15,8,2,2,8,8,0,0,3,5,6,8,0,0,0,0
NCT04521920_EG000,NCT04521920,1,0,2,2,0,0,0,0,0,0,0,0,0,0,0,0
NCT04524702_EG000,NCT04524702,16,16,4,4,16,16,0,0,7,9,12,14,0,2,2,1
NCT04527549_EG000,NCT04527549,55,47,3,3,47,49,0,0,14,30,37,44,2,4,4,3
NCT04527549_EG001,NCT04527549,55,15,2,2,15,15,0,0,8,11,11,14,1,2,2,1
NCT04527991_EG001,NCT04527991,228,48,3,3,48,50,0,0,12,31,40,48,1,1,1,0
NCT04528173_EG000,NCT04528173,7,6,2,2,6,6,0,0,4,1,1,1,2,5,5,5
NCT04528173_EG001,NCT04528173,7,4,2,2,4,4,0,0,4,1,1,1,0,3,3,3
NCT04534283_EG000,NCT04534283,81,74,2,2,74,81,0,0,16,43,59,73,2,3,3,1
NCT04534465_EG000,NCT04534465,5,5,2,2,5,5,0,0,1,1,1,1,0,4,4,4
NCT04534465_EG001,NCT04534465,5,2,2,2,2,2,0,0,1,0,0,0,0,2,2,2
NCT04534465_EG002,NCT04534465,5,3,2,2,3,3,0,0,1,0,0,0,0,3,3,3
NCT04534465_EG003,NCT04534465,5,2,2,2,2,2,0,0,1,0,0,0,0,2,2,2
NCT04534465_EG004,NCT04534465,5,4,2,2,4,4,0,0,1,0,0,0,0,4,4,4
NCT04537715_EG000,NCT04537715,56,38,2,2,38,38,0,0,13,24,32,38,2,2,2,0
NCT04537715_EG001,NCT04537715,56,37,2,2,37,44,0,0,11,22,32,37,3,3,3,0
NCT04538352_EG000,NCT04538352,11,4,3,3,4,4,0,0,4,3,3,3,0,1,1,1
NCT04538352_EG001,NCT04538352,11,7,2,2,7,7,0,0,5,5,6,6,0,1,1,1
NCT04540211_EG000,NCT04540211,204,67,2,2,67,70,0,0,15,34,51,67,0,0,0,0
NCT04543279_EG001,NCT04543279,16,0,2,2,0,0,16,0,0,0,0,0,0,0,0,0
NCT04550832_EG001,NCT04550832,23,7,2,2,7,7,0,0,5,5,6,6,0,1,1,1
NCT04550832_EG002,NCT04550832,23,14,2,2,14,14,0,0,10,12,12,14,0,0,0,0
NCT04550832_EG003,NCT04550832,23,11,2,2,11,11,0,0,8,10,10,11,0,0,0,0
NCT04550832_EG004,NCT04550832,23,18,2,2,18,18,0,0,11,15,15,16,0,1,1,1
NCT04551053_EG000,NCT04551053,85,30,2,2,30,31,0,0,10,20,25,30,0,0,0,0
NCT04551053_EG001,NCT04551053,85,22,2,2,22,22,0,0,10,16,18,22,0,0,0,0
NCT04551066_EG000,NCT04551066,86,34,2,2,34,35,0,0,11,24,30,34,0,0,0,0
NCT04551066_EG001,NCT04551066,86,34,2,2,34,34,0,0,12,24,29,34,0,0,0,0
NCT04551963_EG000,NCT04551963,21,13,3,3,13,15,0,0,8,10,11,13,1,1,1,0
NCT04551963_EG001,NCT04551963,21,15,3,3,15,15,0,0,8,10,12,15,1,1,1,0
NCT04555694_EG000,NCT04555694,2,0,2,2,0,0,0,0,0,0,0,0,0,0,0,0
NCT04555694_EG001,NCT04555694,2,2,2,2,2,2,0,0,1,0,0,0,0,2,2,2
NCT04559568_EG010,NCT04559568,15,2,2,2,2,2,0,0,2,2,2,2,0,0,0,0
NCT04566133_EG000,NCT04566133,24,24,2,2,24,24,0,0,7,16,22,23,0,1,1,1
NCT04585776_EG000,NCT04585776,1,0,2,2,0,0,0,0,0,0,0,0,0,0,0,0
NCT04585893_EG000,NCT04585893,27,19,2,2,19,20,0,0,8,13,16,19,1,2,2,0
NCT04586920_EG013,NCT04586920,31,1,2,2,1,1,1,0,1,1,1,1,0,0,0,0
NCT04589832_EG000,NCT04589832,54,53,2,2,53,54,0,0,17,32,40,48,3,8,8,5
NCT04593940_EG004,NCT04593940,15,5,2,2,5,6,0,0,3,4,4,5,0,0,0,0
NCT04601857_EG000,NCT04601857,167,140,2,2,140,144,0,0,20,64,100,140,2,2,2,0
NCT04601857_EG001,NCT04601857,167,53,2,2,53,54,0,0,15,31,45,53,1,1,1,0
NCT04605588_EG000,NCT04605588,1,0,3,3,0,0,0,0,0,0,0,0,0,0,0,0
NCT04605991_EG000,NCT04605991,3,0,2,2,0,0,0,0,0,0,0,0,0,0,0,0
NCT04611529_EG000,NCT04611529,8,0,2,2,0,0,0,0,0,0,0,0,0,0,0,0
NCT04619797_EG000,NCT04619797,276,62,4,4,62,66,0,0,14,34,49,62,2,2,2,0
NCT04623086_EG000,NCT04623086,1,0,2,2,0,0,0,0,0,0,0,0,0,0,0,0
NCT04630145_EG000,NCT04630145,20,13,4,4,13,13,0,0,7,12,13,13,0,0,0,0
NCT04630145_EG001,NCT04630145,20,13,3,3,13,13,0,0,7,11,12,13,0,0,0,0
NCT04632992_EG011,NCT04632992,260,55,2,2,55,55,0,0,15,36,47,55,3,3,3,0
NCT04640168_EG000,NCT04640168,63,5,2,2,5,5,0,0,3,4,4,5,0,0,0,0
NCT04640168_EG001,NCT04640168,63,4,2,2,4,4,0,0,2,2,3,4,0,0,0,0
NCT04668144_EG001,NCT04668144,3,1,2,2,1,1,0,0,1,0,0,0,0,1,1,1
NCT04668144_EG002,NCT04668144,3,1,2,2,1,1,0,0,1,0,0,0,0,1,1,1
NCT04669197_EG000,NCT04669197,102,90,4,4,90,102,0,0,19,49,76,87,3,8,8,3
NCT04675151_EG000,NCT04675151,16,5,2,2,5,5,0,0,1,2,3,4,2,2,2,1
NCT04675931_EG000,NCT04675931,12,3,2,2,3,3,0,0,3,3,3,3,0,0,0,0
NCT04675931_EG001,NCT04675931,12,4,2,2,4,4,0,0,2,3,3,4,0,0,0,0
NCT04675931_EG002,NCT04675931,12,4,2,2,4,4,0,0,2,3,3,4,0,0,0,0
NCT04677543_EG000,NCT04677543,41,23,3,3,23,23,0,0,10,15,18,23,0,0,0,0
NCT04677959_EG001,NCT04677959,14,2,2,2,2,2,0,0,2,2,2,2,0,0,0,0
NCT04682405_EG000,NCT04682405,143,62,2,2,62,62,0,0,14,31,44,58,2,5,5,4
NCT04688658_EG000,NCT04688658,121,86,2,2,86,89,0,0,19,41,59,79,0,7,7,7
NCT04688658_EG001,NCT04688658,121,71,2,2,71,73,0,0,18,36,53,66,0,6,6,5
NCT04694300_EG000,NCT04694300,4,1,2,2,1,1,0,0,1,1,1,1,0,0,0,0
NCT04694300_EG001,NCT04694300,4,3,2,2,3,3,0,0,2,2,2,3,0,0,0,0
NCT04697628_EG001,NCT04697628,175,39,5,5,39,41,0,0,13,26,32,39,1,1,1,0
NCT04697693_EG000,NCT04697693,1,0,2,2,0,0,0,0,0,0,0,0,0,0,0,0
NCT04726969_EG000,NCT04726969,7,6,2,2,6,6,0,0,4,4,5,5,0,1,1,1
NCT04726969_EG002,NCT04726969,7,6,2,2,6,6,0,0,4,4,5,5,0,1,1,1
NCT04738292_EG000,NCT04738292,80,78,2,2,78,80,0,0,17,43,57,73,6,9,9,6
NCT04745832_EG000,NCT04745832,176,35,2,2,35,37,0,0,13,20,28,35,0,0,0,0
NCT04749914_EG002,NCT04749914,10,10,2,2,10,10,0,0,2,3,5,10,5,3,3,0
NCT04749914_EG005,NCT04749914,10,3,2,2,3,3,0,0,1,1,1,3,2,2,2,0
NCT04753437_EG000,NCT04753437,19,16,4,4,16,16,0,0,4,8,12,16,2,2,2,0
NCT04753437_EG001,NCT04753437,19,18,4,4,18,18,0,0,6,10,15,18,1,1,1,0
NCT04768296_EG001,NCT04768296,230,51,2,2,51,55,0,0,13,29,38,51,1,1,1,0
NCT04768881_EG001,NCT04768881,98,45,2,2,45,45,0,0,15,33,40,45,1,1,1,0
NCT04770389_EG001,NCT04770389,26,1,2,2,1,1,0,0,1,1,1,1,0,0,0,0
NCT04775953_EG001,NCT04775953,95,4,5,5,4,4,0,0,2,3,4,4,0,0,0,0
NCT04776148_EG000,NCT04776148,220,54,2,2,54,56,0,0,14,34,44,54,1,1,1,0
NCT04776148_EG001,NCT04776148,220,49,2,2,49,50,0,0,14,31,39,49,1,1,1,0
NCT04778397_EG001,NCT04778397,265,74,2,2,74,78,0,0,16,44,59,74,4,3,3,0
NCT04782856_EG001,NCT04782856,1,1,2,2,1,1,0,0,1,0,0,0,0,1,1,1
NCT04784559_EG000,NCT04784559,179,42,2,2,42,42,0,0,13,30,37,42,0,0,0,0
NCT04784559_EG001,NCT04784559,179,23,2,2,23,23,0,0,8,16,18,23,1,1,1,0
NCT04790812_EG001,NCT04790812,1,0,2,2,0,0,0,0,0,0,0,0,0,0,0,0
NCT04797780_EG000,NCT04797780,639,98,2,2,98,100,0,0,16,55,77,98,6,4,4,0
NCT04798781_EG000,NCT04798781,110,97,2,2,97,110,0,0,19,48,72,89,7,19,19,12
NCT04799015_EG000,NCT04799015,9,1,2,2,1,1,0,0,1,1,1,1,0,0,0,0
NCT04816214_EG000,NCT04816214,30,26,2,2,26,30,0,0,13,19,21,26,3,3,3,0
NCT04818086_EG000,NCT04818086,9,6,2,2,6,6,0,0,5,3,3,3,0,3,3,3
NCT04842604_EG000,NCT04842604,18,16,2,2,16,16,0,0,7,13,14,16,0,0,0,0
NCT04843579_EG000,NCT04843579,33,33,4,4,33,33,0,0,14,25,29,32,1,2,2,1
NCT04848480_EG001,NCT04848480,56,8,2,2,8,8,0,0,5,7,7,8,0,0,0,0
NCT04848974_EG000,NCT04848974,107,4,3,3,4,5,0,0,3,3,3,3,0,1,1,1
NCT04848974_EG001,NCT04848974,107,13,3,3,13,15,0,0,8,8,9,9,0,4,4,4
NCT04848974_EG002,NCT04848974,107,86,3,3,86,90,0,0,17,44,63,79,9,15,15,7
NCT04854434_EG001,NCT04854434,71,34,2,2,34,36,0,0,13,25,33,34,0,0,0,0
NCT04854434_EG002,NCT04854434,71,19,2,2,19,19,0,0,6,13,16,19,0,0,0,0
NCT04860505_EG000,NCT04860505,1,0,2,2,0,0,0,0,0,0,0,0,0,0,0,0
NCT04862143_EG000,NCT04862143,11,11,3,3,11,11,0,0,5,10,11,11,0,0,0,0
NCT04863248_EG000,NCT04863248,53,36,2,2,36,36,0,0,14,23,30,36,1,1,1,0
NCT04874194_EG000,NCT04874194,40,12,2,2,12,13,0,0,5,5,7,8,1,4,4,4
NCT04874194_EG001,NCT04874194,40,7,2,2,7,7,0,0,5,4,4,4,0,2,2,2
NCT04874194_EG002,NCT04874194,40,17,2,2,17,18,0,0,9,13,15,16,0,1,1,1
NCT04874194_EG003,NCT04874194,40,0,2,2,0,0,40,0,0,0,0,0,0,0,0,0
NCT04874194_EG004,NCT04874194,40,12,2,2,12,13,0,0,7,8,9,10,1,3,3,2
NCT04874194_EG005,NCT04874194,40,0,2,2,0,0,40,0,0,0,0,0,0,0,0,0
NCT04879823_EG000,NCT04879823,7,1,3,3,1,1,0,0,1,0,0,0,0,1,1,1
NCT04879823_EG001,NCT04879823,7,3,2,2,3,3,0,0,1,0,0,0,1,3,3,3
NCT04880850_EG001,NCT04880850,51,3,2,2,3,3,0,0,3,3,3,3,0,0,0,0
NCT04899349_EG001,NCT04899349,24,0,3,3,0,0,24,0,0,0,0,0,0,0,0,0
NCT04900038_EG000,NCT04900038,52,29,2,2,29,29,0,0,10,18,24,29,1,1,1,0
NCT04905407_EG000,NCT04905407,342,114,3,3,114,121,0,0,18,56,88,114,7,6,6,0
NCT04905407_EG001,NCT04905407,342,62,3,3,62,66,0,0,15,38,49,61,3,3,3,1
NCT04905407_EG002,NCT04905407,342,45,2,2,45,47,0,0,12,24,33,45,2,2,2,0
NCT04905407_EG003,NCT04905407,342,18,3,3,18,19,0,0,8,13,16,18,1,1,1,0
NCT04949191_EG003,NCT04949191,40,5,2,2,5,5,0,0,4,5,5,5,0,0,0,0
NCT04955743_EG000,NCT04955743,106,82,2,2,82,85,0,0,16,38,47,49,0,33,33,33
NCT04955743_EG001,NCT04955743,106,29,2,2,29,29,0,0,9,10,12,12,0,16,16,16
NCT04960202_EG000,NCT04960202,262,4,2,2,4,4,0,0,3,4,4,4,0,0,0,0
NCT04982575_EG000,NCT04982575,35,13,2,2,13,13,0,0,5,7,10,13,0,0,0,0
NCT05004350_EG000,NCT05004350,127,66,2,2,66,66,0,0,18,43,59,66,1,1,1,0
NCT05004350_EG001,NCT05004350,127,61,2,2,61,61,0,0,15,36,49,61,0,0,0,0
NCT05007821_EG000,NCT05007821,133,9,4,4,9,9,0,0,3,7,7,9,0,0,0,0
NCT05007821_EG001,NCT05007821,133,14,4,4,14,15,0,0,6,12,13,14,0,0,0,0
NCT05028751_EG000,NCT05028751,169,113,2,2,113,122,0,0,16,50,81,113,7,6,6,0
NCT05028751_EG001,NCT05028751,169,13,2,2,13,14,0,0,5,9,10,13,1,1,1,0
NCT05028751_EG002,NCT05028751,169,50,2,2,50,50,0,0,15,35,47,50,1,1,1,0
NCT05028751_EG003,NCT05028751,169,23,2,2,23,23,0,0,10,18,22,23,0,0,0,0
NCT05041101_EG000,NCT05041101,80,73,2,2,73,80,0,0,16,39,59,73,2,2,2,0
NCT05041101_EG001,NCT05041101,80,0,2,2,0,0,80,0,0,0,0,0,0,0,0,0
NCT05041101_EG002,NCT05041101,80,0,2,2,0,0,80,0,0,0,0,0,0,0,0,0
NCT05052723_EG000,NCT05052723,169,135,2,2,135,169,0,0,18,59,97,127,4,13,13,7
NCT05054374_EG000,NCT05054374,4,4,2,2,4,4,0,0,1,3,4,4,0,0,0,0
NCT05054374_EG001,NCT05054374,4,0,2,2,0,0,4,0,0,0,0,0,0,0,0,0
NCT05055128_EG000,NCT05055128,52,2,2,2,2,2,0,0,1,1,2,2,0,0,0,0
NCT05055128_EG001,NCT05055128,52,4,2,2,4,4,0,0,3,4,4,4,0,0,0,0
NCT05055128_EG002,NCT05055128,52,1,2,2,1,1,0,0,1,1,1,1,0,0,0,0
NCT05055128_EG003,NCT05055128,52,3,2,2,3,3,0,0,2,2,3,3,0,0,0,0
NCT05057247_EG000,NCT05057247,166,90,2,2,90,93,0,0,18,50,71,82,3,11,11,8
NCT05064449_EG002,NCT05064449,13,3,2,2,3,3,0,0,2,2,3,3,0,0,0,0
NCT05064449_EG005,NCT05064449,13,7,2,2,7,7,0,0,4,4,4,7,2,2,2,0
NCT05068752_EG000,NCT05068752,48,47,2,2,47,48,0,0,16,28,39,45,0,1,1,1
NCT05071183_EG000,NCT05071183,55,12,2,2,12,12,0,0,7,9,11,12,0,0,0,0
NCT05071183_EG002,NCT05071183,55,11,2,2,11,12,0,0,5,7,8,11,1,0,0,0
NCT05076110_EG001,NCT05076110,8,7,4,4,7,7,0,0,2,3,5,6,1,2,2,1
NCT05077969_EG000,NCT05077969,1,1,2,2,1,1,0,0,1,0,0,0,0,1,1,1
NCT05079230_EG001,NCT05079230,271,66,2,2,66,72,0,0,15,41,54,66,3,2,2,0
NCT05079620_EG000,NCT05079620,1,0,5,5,0,0,0,0,0,0,0,0,0,0,0,0
NCT05091346_EG000,NCT05091346,59,20,2,2,20,20,0,0,8,14,16,20,1,1,1,0
NCT05091346_EG001,NCT05091346,59,14,2,2,14,14,0,0,7,12,13,14,0,0,0,0
NCT05091346_EG002,NCT05091346,59,38,2,2,38,38,0,0,13,23,30,38,1,1,1,0
NCT05091346_EG003,NCT05091346,59,27,2,2,27,28,0,0,10,19,23,27,0,0,0,0
NCT05091346_EG004,NCT05091346,59,25,2,2,25,25,0,0,9,16,18,25,1,1,1,0
NCT05093790_EG000,NCT05093790,7,5,2,2,5,5,0,0,4,5,5,5,0,0,0,0
NCT05093790_EG001,NCT05093790,7,0,2,2,0,0,0,0,0,0,0,0,0,0,0,0
NCT05100628_EG000,NCT05100628,14,10,2,2,10,10,0,0,8,10,10,10,0,0,0,0
NCT05100628_EG001,NCT05100628,14,9,2,2,9,9,0,0,7,8,8,9,0,0,0,0
NCT05100628_EG002,NCT05100628,14,5,2,2,5,5,0,0,4,4,4,5,0,0,0,0
NCT05110001_EG000,NCT05110001,8,4,3,3,4,4,0,0,1,0,0,0,0,4,4,4
NCT05110001_EG001,NCT05110001,8,4,4,4,4,4,0,0,1,0,0,0,0,4,4,4
NCT05111002_EG001,NCT05111002,6,4,2,2,4,4,0,0,2,2,2,2,1,2,2,2
NCT05113966_EG000,NCT05113966,72,62,2,2,62,62,0,0,15,32,46,62,3,3,3,0
NCT05160363_EG000,NCT05160363,26,12,2,2,12,12,0,0,8,9,10,11,0,1,1,1
NCT05166577_EG000,NCT05166577,69,10,2,2,10,10,0,0,6,9,10,10,0,0,0,0
NCT05166577_EG001,NCT05166577,69,19,2,2,19,19,0,0,8,15,17,19,0,0,0,0
NCT05166577_EG002,NCT05166577,69,16,2,2,16,19,0,0,9,13,15,16,0,0,0,0
NCT05166577_EG003,NCT05166577,69,24,2,2,24,24,0,0,9,18,20,24,0,0,0,0
NCT05166577_EG004,NCT05166577,69,23,2,2,23,24,0,0,9,17,21,23,0,0,0,0
NCT05166577_EG005,NCT05166577,69,24,2,2,24,32,0,0,9,18,20,24,0,0,0,0
NCT05166577_EG006,NCT05166577,69,42,2,2,42,46,0,0,12,27,35,42,1,1,1,0
NCT05166876_EG002,NCT05166876,10,8,2,2,8,8,0,0,5,7,8,8,0,0,0,0
NCT05170009_EG000,NCT05170009,2,0,2,2,0,0,2,0,0,0,0,0,0,0,0,0
NCT05182840_EG002,NCT05182840,79,2,2,2,2,2,0,0,2,2,2,2,0,0,0,0
NCT05182840_EG003,NCT05182840,79,3,2,2,3,3,0,0,3,3,3,3,0,0,0,0
NCT05182840_EG004,NCT05182840,79,3,2,2,3,3,0,0,3,3,3,3,0,0,0,0
NCT05198934_EG000,NCT05198934,99,30,2,2,30,30,0,0,10,21,26,30,0,0,0,0
NCT05203822_EG000,NCT05203822,34,34,2,2,34,34,0,0,10,18,28,34,3,2,2,0
NCT05210504_EG000,NCT05210504,1,0,2,2,0,0,0,0,0,0,0,0,0,0,0,0
NCT05213481_EG002,NCT05213481,38,10,2,2,10,10,0,0,5,6,9,10,0,0,0,0
NCT05216952_EG000,NCT05216952,6,6,2,2,6,6,0,0,5,2,2,4,1,4,4,2
NCT05221320_EG005,NCT05221320,78,0,2,2,0,0,78,0,0,0,0,0,0,0,0,0
NCT05246111_EG001,NCT05246111,18,9,2,2,9,12,0,0,5,8,9,9,0,0,0,0
NCT05248945_EG000,NCT05248945,37,37,2,2,37,37,0,0,11,21,30,37,0,0,0,0
NCT05263492_EG000,NCT05263492,42,42,2,2,42,42,0,0,16,31,37,42,0,0,0,0
NCT05263505_EG001,NCT05263505,2,1,3,3,1,1,0,0,1,0,0,1,0,1,1,0
NCT05264129_EG001,NCT05264129,7,1,2,2,1,1,0,0,1,1,1,1,0,0,0,0
NCT05266586_EG002,NCT05266586,44,1,2,2,1,1,0,0,1,1,1,1,0,0,0,0
NCT05269355_EG000,NCT05269355,143,36,2,2,36,40,0,0,10,22,28,36,2,2,2,0
NCT05281562_EG001,NCT05281562,1,0,3,3,0,0,0,0,0,0,0,0,0,0,0,0
NCT05282121_EG003,NCT05282121,41,3,2,2,3,3,0,0,3,3,3,3,0,0,0,0
NCT05306873_EG003,NCT05306873,19,4,2,2,4,4,0,0,3,3,3,4,0,0,0,0
NCT05322252_EG000,NCT05322252,1,1,2,2,1,1,0,0,1,0,0,0,0,1,1,1
NCT05326464_EG000,NCT05326464,74,65,2,2,65,70,0,0,18,37,52,63,1,3,3,1
NCT05326464_EG001,NCT05326464,74,14,2,2,14,14,0,0,7,11,12,13,1,1,1,0
NCT05338502_EG001,NCT05338502,15,7,2,2,7,7,0,0,5,7,7,7,0,0,0,0
NCT05338502_EG002,NCT05338502,15,10,2,2,10,10,0,0,5,6,9,10,0,0,0,0
NCT05342532_EG000,NCT05342532,6,1,2,2,1,1,0,0,1,1,1,1,0,0,0,0
NCT05342532_EG001,NCT05342532,6,5,3,3,5,5,0,0,1,2,3,4,0,1,1,1
NCT05374538_EG001,NCT05374538,32,32,2,2,32,32,0,0,13,20,26,32,3,3,3,0
NCT05374538_EG003,NCT05374538,32,0,2,2,0,0,32,0,0,0,0,0,0,0,0,0
NCT05374538_EG004,NCT05374538,32,0,2,2,0,0,32,0,0,0,0,0,0,0,0,0
NCT05382312_EG001,NCT05382312,81,15,2,2,15,15,0,0,11,12,15,15,0,0,0,0
NCT05382312_EG002,NCT05382312,81,18,2,2,18,18,0,0,9,14,16,18,0,0,0,0
NCT05382312_EG003,NCT05382312,81,22,2,2,22,22,0,0,10,16,20,22,0,0,0,0
NCT05382312_EG004,NCT05382312,81,21,2,2,21,21,0,0,10,17,19,21,0,0,0,0
NCT05382312_EG006,NCT05382312,81,15,2,2,15,15,0,0,8,12,13,15,0,0,0,0
NCT05382312_EG007,NCT05382312,81,12,2,2,12,12,0,0,6,11,12,12,0,0,0,0
NCT05382312_EG008,NCT05382312,81,18,2,2,18,18,0,0,10,13,15,18,0,0,0,0
NCT05393271_EG008,NCT05393271,31,5,2,2,5,5,0,0,3,4,5,5,0,0,0,0
NCT05395104_EG000,NCT05395104,26,26,2,2,26,26,0,0,9,15,18,26,9,5,5,0
NCT05405309_EG002,NCT05405309,35,0,2,2,0,0,35,0,0,0,0,0,0,0,0,0
NCT05405309_EG003,NCT05405309,35,0,2,2,0,0,35,0,0,0,0,0,0,0,0,0
NCT05405309_EG004,NCT05405309,35,0,2,2,0,0,35,0,0,0,0,0,0,0,0,0
NCT05405309_EG006,NCT05405309,35,33,2,2,33,35,0,0,12,20,29,31,1,3,3,2
NCT05415722_EG003,NCT05415722,9,4,2,2,4,4,0,0,4,4,4,4,0,0,0,0
NCT05415722_EG004,NCT05415722,9,2,2,2,2,2,0,0,2,2,2,2,0,0,0,0
NCT05422885_EG000,NCT05422885,37,37,2,2,37,37,0,0,11,7,8,11,5,29,29,26
NCT05441215_EG000,NCT05441215,12,12,2,2,12,12,0,0,4,9,12,12,1,0,0,0
NCT05444543_EG001,NCT05444543,4,2,2,2,2,2,0,0,2,2,2,2,0,0,0,0
NCT05458609_EG000,NCT05458609,2,1,2,2,1,1,0,0,1,1,1,1,0,0,0,0
NCT05461794_EG002,NCT05461794,173,43,2,2,43,46,0,0,11,24,28,43,1,1,1,0
NCT05462756_EG001,NCT05462756,55,2,2,2,2,2,0,0,1,2,2,2,0,0,0,0
NCT05464836_EG000,NCT05464836,30,30,2,2,30,30,0,0,10,19,24,26,0,4,4,4
NCT05469178_EG000,NCT05469178,190,33,4,4,33,35,0,0,13,18,20,21,3,13,13,13
NCT05469178_EG001,NCT05469178,190,40,4,4,40,47,0,0,12,21,28,31,1,8,8,8
NCT05469178_EG002,NCT05469178,190,60,4,4,60,67,0,0,12,27,37,42,4,21,21,19
NCT05469178_EG003,NCT05469178,190,88,4,4,88,105,0,0,20,36,50,57,8,35,35,33
NCT05497557_EG002,NCT05497557,3,0,2,2,0,0,0,0,0,0,0,0,0,0,0,0
NCT05508074_EG001,NCT05508074,76,11,2,2,11,11,0,0,5,7,10,10,0,0,0,0
NCT05526911_EG000,NCT05526911,15,1,3,3,1,1,0,0,1,1,1,1,0,0,0,0
NCT05544734_EG000,NCT05544734,1,0,2,2,0,0,0,0,0,0,0,0,0,0,0,0
NCT05544734_EG001,NCT05544734,1,0,2,2,0,0,0,0,0,0,0,0,0,0,0,0
NCT05567952_EG000,NCT05567952,6,1,2,2,1,1,0,0,1,1,1,1,0,0,0,0
NCT05576662_EG000,NCT05576662,38,32,2,2,32,32,0,0,13,22,28,31,1,2,2,1
NCT05579249_EG001,NCT05579249,9,0,4,4,0,0,0,0,0,0,0,0,0,0,0,0
NCT05580770_EG000,NCT05580770,76,19,2,2,19,22,0,0,7,14,18,19,0,0,0,0
NCT05580770_EG001,NCT05580770,76,40,2,2,40,42,0,0,13,27,36,40,1,1,1,0
NCT05580770_EG002,NCT05580770,76,39,2,2,39,43,0,0,12,26,33,39,2,2,2,0
NCT05580770_EG003,NCT05580770,76,34,2,2,34,34,0,0,12,21,30,34,1,1,1,0
NCT05580770_EG004,NCT05580770,76,20,2,2,20,22,0,0,9,16,18,20,0,0,0,0
NCT05587998_EG000,NCT05587998,50,17,2,2,17,17,0,0,6,9,14,17,0,0,0,0
NCT05592223_EG000,NCT05592223,4,2,2,2,2,2,0,0,1,2,2,2,0,0,0,0
NCT05592223_EG002,NCT05592223,4,2,2,2,2,2,0,0,1,2,2,2,0,0,0,0
NCT05608499_EG000,NCT05608499,4,4,2,2,4,4,0,0,1,1,1,1,0,3,3,3
NCT05613088_EG001,NCT05613088,84,52,3,3,52,53,0,0,12,30,43,52,1,1,1,0
NCT05618613_EG000,NCT05618613,6,6,2,2,6,6,0,0,6,6,6,6,0,0,0,0
NCT05631795_EG000,NCT05631795,103,32,2,2,32,38,0,0,10,21,29,32,0,0,0,0
NCT05640674_EG000,NCT05640674,1,0,2,2,0,0,0,0,0,0,0,0,0,0,0,0
NCT05640674_EG001,NCT05640674,1,0,2,2,0,0,0,0,0,0,0,0,0,0,0,0
NCT05667324_EG000,NCT05667324,1,0,2,2,0,0,0,0,0,0,0,0,0,0,0,0
NCT05712356_EG001,NCT05712356,264,63,2,2,63,66,0,0,17,41,51,63,2,2,2,0
NCT05775289_EG000,NCT05775289,149,38,4,4,38,41,0,0,13,26,33,38,0,0,0,0
NCT05857163_EG001,NCT05857163,10,4,4,4,4,4,0,0,2,3,4,4,0,0,0,0
NCT05899829_EG002,NCT05899829,29,6,2,2,6,6,0,0,4,5,5,6,1,1,1,0
NCT05899829_EG005,NCT05899829,29,0,2,2,0,0,0,0,0,0,0,0,0,0,0,0
NCT05901467_EG000,NCT05901467,1,1,2,2,1,1,0,0,1,1,1,1,0,0,0,0
NCT05904470_EG000,NCT05904470,27,8,2,2,8,8,0,0,3,5,7,8,0,0,0,0
NCT05906836_EG001,NCT05906836,1,0,2,2,0,0,0,0,0,0,0,0,0,0,0,0
NCT05946551_EG000,NCT05946551,3,3,2,2,3,3,0,0,3,2,2,2,0,1,1,1
NCT05959447_EG002,NCT05959447,32,9,2,2,9,9,0,0,6,8,8,9,1,1,1,0
NCT05959447_EG005,NCT05959447,32,0,2,2,0,0,0,0,0,0,0,0,0,0,0,0
NCT05965726_EG001,NCT05965726,434,19,2,2,19,19,0,0,9,14,18,19,0,0,0,0
NCT05972681_EG000,NCT05972681,1,0,2,2,0,0,0,0,0,0,0,0,0,0,0,0
NCT05974267_EG000,NCT05974267,78,11,2,2,11,11,0,0,4,7,8,11,0,0,0,0
NCT05974267_EG001,NCT05974267,78,15,2,2,15,15,0,0,6,12,13,15,0,0,0,0
NCT05974501_EG000,NCT05974501,1,0,7,7,0,0,0,0,0,0,0,0,0,0,0,0
NCT05974501_EG001,NCT05974501,1,0,7,7,0,0,0,0,0,0,0,0,0,0,0,0
NCT05980871_EG000,NCT05980871,4,3,2,2,3,3,0,0,3,2,2,2,0,1,1,1
NCT06024174_EG000,NCT06024174,17,17,2,2,17,17,0,0,7,12,14,17,0,0,0,0
NCT06028438_EG001,NCT06028438,15,8,2,2,8,8,0,0,5,5,7,8,0,0,0,0
NCT06076681_EG000,NCT06076681,10,6,2,2,6,6,0,0,2,4,4,5,0,1,1,1
NCT06076681_EG001,NCT06076681,10,6,2,2,6,6,0,0,2,5,5,6,0,0,0,0
NCT06076681_EG002,NCT06076681,10,5,2,2,5,5,0,0,3,4,4,4,0,1,1,1
NCT06076681_EG003,NCT06076681,10,6,3,3,6,7,0,0,2,4,4,5,0,1,1,1
NCT06076694_EG000,NCT06076694,7,7,3,3,7,7,0,0,2,5,5,7,0,0,0,0
NCT06076694_EG001,NCT06076694,7,7,3,3,7,7,0,0,2,5,5,7,0,0,0,0
NCT06076694_EG002,NCT06076694,7,6,2,2,6,6,0,0,2,4,4,6,0,0,0,0
NCT06076694_EG003,NCT06076694,7,6,3,3,6,6,0,0,2,4,4,6,0,0,0,0
NCT06076694_EG004,NCT06076694,7,7,2,2,7,7,0,0,2,5,5,7,0,0,0,0
NCT06165146_EG002,NCT06165146,8,1,2,2,1,1,0,0,1,1,1,1,0,0,0,0
NCT06184399_EG005,NCT06184399,3,0,2,2,0,0,0,0,0,0,0,0,0,0,0,0
NCT06187584_EG000,NCT06187584,1,0,2,2,0,0,0,0,0,0,0,0,0,0,0,0
NCT06187584_EG001,NCT06187584,1,0,2,2,0,0,0,0,0,0,0,0,0,0,0,0
NCT06188715_EG000,NCT06188715,7,1,2,2,1,1,0,0,1,1,1,1,0,0,0,0
NCT06192589_EG002,NCT06192589,48,10,2,2,10,10,0,0,5,7,9,10,1,1,1,0
NCT06192589_EG003,NCT06192589,48,7,2,2,7,7,0,0,6,7,7,7,0,0,0,0
NCT06219915_EG000,NCT06219915,10,6,2,2,6,6,0,0,4,2,2,4,2,4,4,2
NCT06450366_EG003,NCT06450366,6,0,2,2,0,0,0,0,0,0,0,0,0,0,0,0
NCT06465368_EG000,NCT06465368,8,7,2,2,7,7,0,0,5,6,6,7,0,0,0,0
NCT06587217_EG000,NCT06587217,7,7,2,2,7,7,0,0,5,4,4,6,2,3,3,1
NCT06649409_EG001,NCT06649409,3,2,2,2,2,2,0,0,2,1,1,1,0,1,1,1
NCT07542847_EG000,NCT07542847,35,15,2,2,15,15,0,0,7,11,14,14,0,1,1,1
NCT07542847_EG001,NCT07542847,35,29,2,2,29,29,0,0,11,16,24,28,1,2,2,1
